"../../../Engine/Plugins/Animation/ACLPlugin/Content/ACLAnimBoneCompressionSettings.uasset" 0
"../../../Engine/Plugins/Animation/ACLPlugin/Content/ACLAnimBoneCompressionSettings.uexp" 1
"../../../Engine/Content/EngineFonts/Faces/DroidSansFallback.uexp" 2
"../../../Engine/Content/EngineFonts/Faces/DroidSansFallback.uasset" 3
"../../../Engine/Content/EngineFonts/Faces/DroidSansFallback.ufont" 4
"../../../Engine/Content/EngineFonts/Faces/RobotoBold.uexp" 5
"../../../Engine/Content/EngineFonts/Faces/RobotoBold.uasset" 6
"../../../Engine/Content/EngineFonts/Faces/RobotoBold.ufont" 7
"../../../Engine/Content/EngineFonts/Faces/RobotoBoldItalic.uexp" 8
"../../../Engine/Content/EngineFonts/Faces/RobotoBoldItalic.uasset" 9
"../../../Engine/Content/EngineFonts/Faces/RobotoBoldItalic.ufont" 10
"../../../Engine/Content/EngineFonts/Faces/RobotoItalic.uexp" 11
"../../../Engine/Content/EngineFonts/Faces/RobotoItalic.uasset" 12
"../../../Engine/Content/EngineFonts/Faces/RobotoItalic.ufont" 13
"../../../Engine/Content/EngineFonts/Faces/RobotoLight.uexp" 14
"../../../Engine/Content/EngineFonts/Faces/RobotoLight.uasset" 15
"../../../Engine/Content/EngineFonts/Faces/RobotoLight.ufont" 16
"../../../Engine/Content/EngineFonts/Faces/RobotoRegular.uexp" 17
"../../../Engine/Content/EngineFonts/Faces/RobotoRegular.uasset" 18
"../../../Engine/Content/EngineFonts/Faces/RobotoRegular.ufont" 19
"../../../Engine/Content/EngineFonts/Roboto.uasset" 20
"../../../Engine/Content/EngineFonts/Roboto.uexp" 21
"../../../Engine/Content/EngineMaterials/DefaultDestructiblePhysicalMaterial.uasset" 22
"../../../Engine/Content/EngineMaterials/DefaultDestructiblePhysicalMaterial.uexp" 23
"../../../Engine/Plugins/Interchange/Runtime/Content/Pipelines/DefaultTexturePipeline.uasset" 24
"../../../Engine/Plugins/Interchange/Runtime/Content/Pipelines/DefaultTexturePipeline.uexp" 25
"../../../Engine/Content/EngineSounds/Master.uasset" 26
"../../../Engine/Content/EngineSounds/Master.uexp" 27
"../../../Engine/Content/Functions/Engine_MaterialFunctions01/Opacity/CameraDepthFade.uasset" 28
"../../../Engine/Content/Functions/Engine_MaterialFunctions01/Opacity/CameraDepthFade.uexp" 29
"../../../Engine/Content/EngineMaterials/T_Default_Material_Grid_M.ubulk" 30
"../../../Engine/Content/EngineMaterials/T_Default_Material_Grid_M.uasset" 31
"../../../Engine/Content/EngineMaterials/T_Default_Material_Grid_M.uexp" 32
"../../../Engine/Content/EngineMaterials/T_Default_Material_Grid_N.ubulk" 33
"../../../Engine/Content/EngineMaterials/T_Default_Material_Grid_N.uasset" 34
"../../../Engine/Content/EngineMaterials/T_Default_Material_Grid_N.uexp" 35
"../../../Engine/Content/EngineMaterials/WorldGridMaterial.uasset" 36
"../../../Engine/Content/EngineMaterials/WorldGridMaterial.uexp" 37
"../../../Engine/Plugins/Animation/ControlRig/Content/Controls/ControlRig_Star4_solid.ubulk" 38
"../../../Engine/Plugins/Animation/ControlRig/Content/Controls/ControlRig_Star4_solid.uasset" 39
"../../../Engine/Plugins/Animation/ControlRig/Content/Controls/ControlRig_Star4_solid.uexp" 40
"../../../Engine/Plugins/Animation/ControlRig/Content/Controls/ControlRig_Triangle_1mm.ubulk" 41
"../../../Engine/Plugins/Animation/ControlRig/Content/Controls/ControlRig_Triangle_1mm.uasset" 42
"../../../Engine/Plugins/Animation/ControlRig/Content/Controls/ControlRig_Triangle_1mm.uexp" 43
"../../../Engine/Plugins/Interchange/Runtime/Content/Pipelines/DefaultAssetsPipeline.uasset" 44
"../../../Engine/Plugins/Interchange/Runtime/Content/Pipelines/DefaultAssetsPipeline.uexp" 45
"../../../Engine/Plugins/Interchange/Runtime/Content/Pipelines/DefaultAudioPipeline.uasset" 46
"../../../Engine/Plugins/Interchange/Runtime/Content/Pipelines/DefaultAudioPipeline.uexp" 47
"../../../Engine/Plugins/Interchange/Runtime/Content/Pipelines/DefaultGLTFAssetsPipeline.uasset" 48
"../../../Engine/Plugins/Interchange/Runtime/Content/Pipelines/DefaultGLTFAssetsPipeline.uexp" 49
"../../../Engine/Plugins/Interchange/Runtime/Content/Pipelines/DefaultGLTFPipeline.uasset" 50
"../../../Engine/Plugins/Interchange/Runtime/Content/Pipelines/DefaultGLTFPipeline.uexp" 51
"../../../Engine/Plugins/Animation/ControlRig/Content/Controls/ControlRig_Triangle_3mm.ubulk" 52
"../../../Engine/Plugins/Animation/ControlRig/Content/Controls/ControlRig_Triangle_3mm.uasset" 53
"../../../Engine/Plugins/Animation/ControlRig/Content/Controls/ControlRig_Triangle_3mm.uexp" 54
"../../../Engine/Plugins/Interchange/Runtime/Content/Pipelines/DefaultGLTFSceneAssetsPipeline.uasset" 55
"../../../Engine/Plugins/Interchange/Runtime/Content/Pipelines/DefaultGLTFSceneAssetsPipeline.uexp" 56
"../../../Engine/Plugins/Interchange/Runtime/Content/Pipelines/DefaultMaterialPipeline.uasset" 57
"../../../Engine/Plugins/Interchange/Runtime/Content/Pipelines/DefaultMaterialPipeline.uexp" 58
"../../../Engine/Plugins/Interchange/Runtime/Content/Pipelines/DefaultMaterialXPipeline.uasset" 59
"../../../Engine/Plugins/Interchange/Runtime/Content/Pipelines/DefaultMaterialXPipeline.uexp" 60
"../../../Engine/Plugins/Interchange/Runtime/Content/Pipelines/DefaultSceneAssetsPipeline.uasset" 61
"../../../Engine/Plugins/Interchange/Runtime/Content/Pipelines/DefaultSceneAssetsPipeline.uexp" 62
"../../../Engine/Plugins/Interchange/Runtime/Content/Pipelines/DefaultSceneLevelPipeline.uasset" 63
"../../../Engine/Plugins/Interchange/Runtime/Content/Pipelines/DefaultSceneLevelPipeline.uexp" 64
"../../../Engine/Plugins/Interchange/Runtime/Content/Pipelines/DefaultSparseVolumeTexturePipeline.uasset" 65
"../../../Engine/Plugins/Interchange/Runtime/Content/Pipelines/DefaultSparseVolumeTexturePipeline.uexp" 66
"../../../Engine/Plugins/Animation/ControlRig/Content/Controls/ControlRig_Triangle_solid.ubulk" 67
"../../../Engine/Plugins/Animation/ControlRig/Content/Controls/ControlRig_Triangle_solid.uasset" 68
"../../../Engine/Plugins/Animation/ControlRig/Content/Controls/ControlRig_Triangle_solid.uexp" 69
"../../../Engine/Plugins/Animation/ControlRig/Content/Controls/ControlRig_Wedge_1mm.ubulk" 70
"../../../Engine/Plugins/Animation/ControlRig/Content/Controls/ControlRig_Wedge_1mm.uasset" 71
"../../../Engine/Plugins/Animation/ControlRig/Content/Controls/ControlRig_Wedge_1mm.uexp" 72
"../../../Engine/Content/MobileResources/HUD/VirtualJoystick_Background.uasset" 73
"../../../Engine/Content/MobileResources/HUD/VirtualJoystick_Background.uexp" 74
"../../../Engine/Content/MobileResources/HUD/VirtualJoystick_Thumb.uasset" 75
"../../../Engine/Content/MobileResources/HUD/VirtualJoystick_Thumb.uexp" 76
"../../../Engine/Content/MobileResources/HUD/DefaultVirtualJoysticks.uasset" 77
"../../../Engine/Content/MobileResources/HUD/DefaultVirtualJoysticks.uexp" 78
"../../../Engine/Content/EngineResources/DefaultTextureCube.uasset" 79
"../../../Engine/Content/EngineResources/DefaultTextureCube.uexp" 80
"../../../Engine/Plugins/Animation/ControlRig/Content/Controls/ControlRig_Wedge_3mm.ubulk" 81
"../../../Engine/Plugins/Animation/ControlRig/Content/Controls/ControlRig_Wedge_3mm.uasset" 82
"../../../Engine/Plugins/Animation/ControlRig/Content/Controls/ControlRig_Wedge_3mm.uexp" 83
"../../../Engine/Plugins/Interchange/Assets/Content/Functions/MX_ConductorBSDF.uasset" 84
"../../../Engine/Plugins/Interchange/Assets/Content/Functions/MX_ConductorBSDF.uexp" 85
"../../../Engine/Plugins/Interchange/Assets/Content/Functions/MX_ConicalEDF.uasset" 86
"../../../Engine/Plugins/Interchange/Assets/Content/Functions/MX_ConicalEDF.uexp" 87
"../../../Engine/Plugins/Animation/ControlRig/Content/Controls/ControlRig_Wedge_solid.ubulk" 88
"../../../Engine/Plugins/Animation/ControlRig/Content/Controls/ControlRig_Wedge_solid.uasset" 89
"../../../Engine/Plugins/Animation/ControlRig/Content/Controls/ControlRig_Wedge_solid.uexp" 90
"../../../Engine/Plugins/Interchange/Assets/Content/Functions/MX_DielectricBSDF.uasset" 91
"../../../Engine/Plugins/Interchange/Assets/Content/Functions/MX_DielectricBSDF.uexp" 92
"../../../Engine/Plugins/Runtime/HairStrands/Content/Materials/HairCardsDefaultMaterial.uasset" 93
"../../../Engine/Plugins/Runtime/HairStrands/Content/Materials/HairCardsDefaultMaterial.uexp" 94
"../../../Engine/Content/Functions/Engine_MaterialFunctions02/Utility/BlendAngleCorrectedNormals.uasset" 95
"../../../Engine/Content/Functions/Engine_MaterialFunctions02/Utility/BlendAngleCorrectedNormals.uexp" 96
"../../../Engine/Plugins/Interchange/Assets/Content/Functions/MX_Displacement.uasset" 97
"../../../Engine/Plugins/Interchange/Assets/Content/Functions/MX_Displacement.uexp" 98
"../../../Engine/Content/EngineResources/GradientTexture0.uasset" 99
"../../../Engine/Content/EngineResources/GradientTexture0.uexp" 100
"../../../Engine/Content/Functions/Engine_MaterialFunctions02/Utility/MakeFloat2.uasset" 101
"../../../Engine/Content/Functions/Engine_MaterialFunctions02/Utility/MakeFloat2.uexp" 102
"../../../Engine/Content/Functions/Engine_MaterialFunctions02/Utility/MakeFloat3.uasset" 103
"../../../Engine/Content/Functions/Engine_MaterialFunctions02/Utility/MakeFloat3.uexp" 104
"../../../Engine/Content/EngineMaterials/HairColorMap.uasset" 105
"../../../Engine/Content/EngineMaterials/HairColorMap.uexp" 106
"../../../Engine/Content/EngineMaterials/HairDebugColor.uasset" 107
"../../../Engine/Content/EngineMaterials/HairDebugColor.uexp" 108
"../../../Engine/Plugins/Runtime/HairStrands/Content/Materials/HairGroupColors.uasset" 109
"../../../Engine/Plugins/Runtime/HairStrands/Content/Materials/HairGroupColors.uexp" 110
"../../../Engine/Plugins/Runtime/HairStrands/Content/Materials/HairDebugMaterial.uasset" 111
"../../../Engine/Plugins/Runtime/HairStrands/Content/Materials/HairDebugMaterial.uexp" 112
"../../../Engine/Plugins/Interchange/Assets/Content/Functions/MX_GeneralizedSchlickBSDF.uasset" 113
"../../../Engine/Plugins/Interchange/Assets/Content/Functions/MX_GeneralizedSchlickBSDF.uexp" 114
"../../../Engine/Plugins/Runtime/HairStrands/Content/Materials/HairDefaultMaterial.uasset" 115
"../../../Engine/Plugins/Runtime/HairStrands/Content/Materials/HairDefaultMaterial.uexp" 116
"../../../Engine/Plugins/Runtime/HairStrands/Content/Materials/HairMeshesDefaultMaterial.uasset" 117
"../../../Engine/Plugins/Runtime/HairStrands/Content/Materials/HairMeshesDefaultMaterial.uexp" 118
"../../../Engine/Content/EngineMaterials/MiniFont.uasset" 119
"../../../Engine/Content/EngineMaterials/MiniFont.uexp" 120
"../../../Engine/Content/EngineMaterials/InvalidLightmapSettings.ubulk" 121
"../../../Engine/Content/EngineMaterials/InvalidLightmapSettings.uasset" 122
"../../../Engine/Content/EngineMaterials/InvalidLightmapSettings.uexp" 123
"../../../Engine/Content/EngineMaterials/M_InvalidLightmapSettings.uasset" 124
"../../../Engine/Content/EngineMaterials/M_InvalidLightmapSettings.uexp" 125
"../../../Engine/Plugins/Media/MediaPlate/Content/SM_MediaPlateScreen.ubulk" 126
"../../../Engine/Plugins/Media/MediaPlate/Content/SM_MediaPlateScreen.uasset" 127
"../../../Engine/Plugins/Media/MediaPlate/Content/SM_MediaPlateScreen.uexp" 128
"../../../Engine/Content/EngineResources/LandscapeVisibilityLayerInfo.uasset" 129
"../../../Engine/Content/EngineResources/LandscapeVisibilityLayerInfo.uexp" 130
"../../../Engine/Plugins/Interchange/Assets/Content/Functions/MX_MeasuredEDF.uasset" 131
"../../../Engine/Plugins/Interchange/Assets/Content/Functions/MX_MeasuredEDF.uexp" 132
"../../../Engine/Content/EngineMaterials/NaniteHiddenSectionMaterial.uasset" 133
"../../../Engine/Content/EngineMaterials/NaniteHiddenSectionMaterial.uexp" 134
"../../../Engine/Plugins/NNE/NNEDenoiser/Content/NNEDIM_ColorAlbedoNormal_Alpha.uasset" 135
"../../../Engine/Plugins/NNE/NNEDenoiser/Content/NNEDIM_ColorAlbedoNormal_Alpha.uexp" 136
"../../../Engine/Plugins/Interchange/Assets/Content/Functions/MF_IridescenceNoLUT.uasset" 137
"../../../Engine/Plugins/Interchange/Assets/Content/Functions/MF_IridescenceNoLUT.uexp" 138
"../../../Engine/Plugins/Interchange/Assets/Content/Functions/MX_StandardSurface.uasset" 139
"../../../Engine/Plugins/Interchange/Assets/Content/Functions/MX_StandardSurface.uexp" 140
"../../../Engine/Plugins/Interchange/Assets/Content/Functions/MX_OpenPBR_Opaque.uasset" 141
"../../../Engine/Plugins/Interchange/Assets/Content/Functions/MX_OpenPBR_Opaque.uexp" 142
"../../../Engine/Plugins/NNE/NNEDenoiser/Content/NNEDIM_ColorAlbedoNormal_Default.uasset" 143
"../../../Engine/Plugins/NNE/NNEDenoiser/Content/NNEDIM_ColorAlbedoNormal_Default.uexp" 144
"../../../Engine/Plugins/Interchange/Assets/Content/Substrate/MX_SimpleVolume.uasset" 145
"../../../Engine/Plugins/Interchange/Assets/Content/Substrate/MX_SimpleVolume.uexp" 146
"../../../Engine/Plugins/NNE/NNEDenoiser/Content/NNEDIM_HighQuality_Alpha.uasset" 147
"../../../Engine/Plugins/NNE/NNEDenoiser/Content/NNEDIM_HighQuality_Alpha.uexp" 148
"../../../Engine/Plugins/NNE/NNEDenoiser/Content/NNEDIM_HighQuality_Default.uasset" 149
"../../../Engine/Plugins/NNE/NNEDenoiser/Content/NNEDIM_HighQuality_Default.uexp" 150
"../../../Engine/Plugins/Interchange/Assets/Content/Functions/MX_TransmissionSurface.uasset" 151
"../../../Engine/Plugins/Interchange/Assets/Content/Functions/MX_TransmissionSurface.uexp" 152
"../../../Engine/Plugins/Interchange/Assets/Content/Functions/MX_OpenPBR_Translucent.uasset" 153
"../../../Engine/Plugins/Interchange/Assets/Content/Functions/MX_OpenPBR_Translucent.uexp" 154
"../../../Engine/Plugins/NNE/NNEDenoiser/Content/NNEDOM_Output_Alpha.uasset" 155
"../../../Engine/Plugins/NNE/NNEDenoiser/Content/NNEDOM_Output_Alpha.uexp" 156
"../../../Engine/Plugins/NNE/NNEDenoiser/Content/NNEDOM_Output_Default.uasset" 157
"../../../Engine/Plugins/NNE/NNEDenoiser/Content/NNEDOM_Output_Default.uexp" 158
"../../../Engine/Plugins/NNE/NNEDenoiser/Content/NNEDTIM_ColorAlbedoNormal_Alpha.uasset" 159
"../../../Engine/Plugins/NNE/NNEDenoiser/Content/NNEDTIM_ColorAlbedoNormal_Alpha.uexp" 160
"../../../Engine/Plugins/NNE/NNEDenoiser/Content/NNEDTIM_ColorAlbedoNormal_Default.uasset" 161
"../../../Engine/Plugins/NNE/NNEDenoiser/Content/NNEDTIM_ColorAlbedoNormal_Default.uexp" 162
"../../../Engine/Plugins/Interchange/Assets/Content/Functions/MX_OrenNayarBSDF.uasset" 163
"../../../Engine/Plugins/Interchange/Assets/Content/Functions/MX_OrenNayarBSDF.uexp" 164
"../../../Engine/Plugins/NNE/NNEDenoiser/Content/NNEDTOM_Output_Alpha.uasset" 165
"../../../Engine/Plugins/NNE/NNEDenoiser/Content/NNEDTOM_Output_Alpha.uexp" 166
"../../../Engine/Plugins/NNE/NNEDenoiser/Content/NNEDTOM_Output_Default.uasset" 167
"../../../Engine/Plugins/NNE/NNEDenoiser/Content/NNEDTOM_Output_Default.uexp" 168
"../../../Engine/Plugins/NNE/NNEDenoiser/Content/NNEDT_Oidn2-3_Balanced.uasset" 169
"../../../Engine/Plugins/NNE/NNEDenoiser/Content/NNEDT_Oidn2-3_Balanced.uexp" 170
"../../../Engine/Plugins/NNE/NNEDenoiser/Content/NNEDT_Oidn2-3_Balanced_Alpha.uasset" 171
"../../../Engine/Plugins/NNE/NNEDenoiser/Content/NNEDT_Oidn2-3_Balanced_Alpha.uexp" 172
"../../../Engine/Plugins/NNE/NNEDenoiser/Content/NNED_Oidn2-3_Balanced.uasset" 173
"../../../Engine/Plugins/NNE/NNEDenoiser/Content/NNED_Oidn2-3_Balanced.uexp" 174
"../../../Engine/Plugins/Runtime/AudioWidgets/Content/Resources/ScrubHandleDown_Clamped.uasset" 175
"../../../Engine/Plugins/Runtime/AudioWidgets/Content/Resources/ScrubHandleDown_Clamped.uexp" 176
"../../../Engine/Plugins/NNE/NNEDenoiser/Content/NNED_Oidn2-3_Balanced_Alpha.uasset" 177
"../../../Engine/Plugins/NNE/NNEDenoiser/Content/NNED_Oidn2-3_Balanced_Alpha.uexp" 178
"../../../Engine/Plugins/NNE/NNEDenoiser/Content/NNED_Oidn2-3_Fast.uasset" 179
"../../../Engine/Plugins/NNE/NNEDenoiser/Content/NNED_Oidn2-3_Fast.uexp" 180
"../../../Engine/Content/Functions/Engine_MaterialFunctions02/WorldPositionOffset/CameraOffset.uasset" 181
"../../../Engine/Content/Functions/Engine_MaterialFunctions02/WorldPositionOffset/CameraOffset.uexp" 182
"../../../Engine/Content/EngineMaterials/PhAT_JointLimitMaterial.uasset" 183
"../../../Engine/Content/EngineMaterials/PhAT_JointLimitMaterial.uexp" 184
"../../../Engine/Plugins/NNE/NNEDenoiser/Content/NNED_Oidn2-3_Fast_Alpha.uasset" 185
"../../../Engine/Plugins/NNE/NNEDenoiser/Content/NNED_Oidn2-3_Fast_Alpha.uexp" 186
"../../../Engine/Plugins/NNE/NNEDenoiser/Content/NNED_Oidn2-3_HighQuality.uasset" 187
"../../../Engine/Plugins/NNE/NNEDenoiser/Content/NNED_Oidn2-3_HighQuality.uexp" 188
"../../../Engine/Plugins/NNE/NNEDenoiser/Content/NNED_Oidn2-3_HighQuality_Alpha.uasset" 189
"../../../Engine/Plugins/NNE/NNEDenoiser/Content/NNED_Oidn2-3_HighQuality_Alpha.uexp" 190
"../../../Engine/Plugins/NNE/NNEDenoiser/Content/NNE_oidn2-3-0_rt_hdr_alb_nrm_small__dyn__fp16_opset11_DenoiseAlpha.uasset" 191
"../../../Engine/Plugins/NNE/NNEDenoiser/Content/NNE_oidn2-3-0_rt_hdr_alb_nrm_small__dyn__fp16_opset11_DenoiseAlpha.uexp" 192
"../../../Engine/Plugins/NNE/NNEDenoiser/Content/NNE_oidn2-3-0_rt_hdr_alb_nrm_small__dyn__fp16_opset11_ForwardAlpha.uasset" 193
"../../../Engine/Plugins/NNE/NNEDenoiser/Content/NNE_oidn2-3-0_rt_hdr_alb_nrm_small__dyn__fp16_opset11_ForwardAlpha.uexp" 194
"../../../Engine/Plugins/NNE/NNEDenoiser/Content/NNE_oidn2-3-0_rt_hdr_alb_nrm__dyn__fp16_opset11_DenoiseAlpha.uasset" 195
"../../../Engine/Plugins/NNE/NNEDenoiser/Content/NNE_oidn2-3-0_rt_hdr_alb_nrm__dyn__fp16_opset11_DenoiseAlpha.uexp" 196
"../../../Engine/Plugins/NNE/NNEDenoiser/Content/NNE_oidn2-3-0_rt_hdr_alb_nrm__dyn__fp16_opset11_ForwardAlpha.uasset" 197
"../../../Engine/Plugins/NNE/NNEDenoiser/Content/NNE_oidn2-3-0_rt_hdr_alb_nrm__dyn__fp16_opset11_ForwardAlpha.uexp" 198
"../../../Engine/Plugins/NNE/NNEDenoiser/Content/NNE_oidn2-3-0_rt_hdr_calb_cnrm_large__dyn__fp16_opset11_DenoiseAlpha.uasset" 199
"../../../Engine/Plugins/NNE/NNEDenoiser/Content/NNE_oidn2-3-0_rt_hdr_calb_cnrm_large__dyn__fp16_opset11_DenoiseAlpha.uexp" 200
"../../../Engine/Content/EngineMaterials/DefaultCalibrationColor.uasset" 201
"../../../Engine/Content/EngineMaterials/DefaultCalibrationColor.uexp" 202
"../../../Engine/Content/EngineMaterials/PPM_DefaultCalibrationColor.uasset" 203
"../../../Engine/Content/EngineMaterials/PPM_DefaultCalibrationColor.uexp" 204
"../../../Engine/Plugins/NNE/NNEDenoiser/Content/NNE_oidn2-3-0_rt_hdr_calb_cnrm_large__dyn__fp16_opset11_ForwardAlpha.uasset" 205
"../../../Engine/Plugins/NNE/NNEDenoiser/Content/NNE_oidn2-3-0_rt_hdr_calb_cnrm_large__dyn__fp16_opset11_ForwardAlpha.uexp" 206
"../../../Engine/Content/EngineMaterials/DefaultCalibrationGrayscale.uasset" 207
"../../../Engine/Content/EngineMaterials/DefaultCalibrationGrayscale.uexp" 208
"../../../Engine/Content/EngineMaterials/PPM_DefaultCalibrationGrayscale.uasset" 209
"../../../Engine/Content/EngineMaterials/PPM_DefaultCalibrationGrayscale.uexp" 210
"../../../Engine/Plugins/Interchange/Assets/Content/Functions/MX_SheenBSDF.uasset" 211
"../../../Engine/Plugins/Interchange/Assets/Content/Functions/MX_SheenBSDF.uexp" 212
"../../../Engine/Content/EngineMaterials/PreintegratedSkinBRDF.uasset" 213
"../../../Engine/Content/EngineMaterials/PreintegratedSkinBRDF.uexp" 214
"../../../Engine/Plugins/Interchange/Assets/Content/Functions/MX_SubsurfaceBSDF.uasset" 215
"../../../Engine/Plugins/Interchange/Assets/Content/Functions/MX_SubsurfaceBSDF.uexp" 216
"../../../Engine/Plugins/Interchange/Assets/Content/Functions/MX_Surface.uasset" 217
"../../../Engine/Plugins/Interchange/Assets/Content/Functions/MX_Surface.uexp" 218
"../../../Engine/Plugins/Interchange/Assets/Content/Functions/MX_SurfaceUnlit.uasset" 219
"../../../Engine/Plugins/Interchange/Assets/Content/Functions/MX_SurfaceUnlit.uexp" 220
"../../../Engine/Content/Functions/Engine_MaterialFunctions02/Utility/BreakOutFloat3Components.uasset" 221
"../../../Engine/Content/Functions/Engine_MaterialFunctions02/Utility/BreakOutFloat3Components.uexp" 222
"../../../Engine/Content/Functions/Engine_MaterialFunctions02/Math/Transform3x3Matrix.uasset" 223
"../../../Engine/Content/Functions/Engine_MaterialFunctions02/Math/Transform3x3Matrix.uexp" 224
"../../../Engine/Content/Functions/Engine_MaterialFunctions02/SplitComponents.uasset" 225
"../../../Engine/Content/Functions/Engine_MaterialFunctions02/SplitComponents.uexp" 226
"../../../Engine/Content/EngineFonts/Faces/DroidSansMono.uexp" 227
"../../../Engine/Content/EngineFonts/Faces/DroidSansMono.uasset" 228
"../../../Engine/Content/EngineFonts/Faces/DroidSansMono.ufont" 229
"../../../Engine/Content/EngineFonts/DroidSansMono.uasset" 230
"../../../Engine/Content/EngineFonts/DroidSansMono.uexp" 231
"../../../Engine/Plugins/MovieScene/MovieRenderPipeline/Content/Blueprints/DefaultBurnIn.uasset" 232
"../../../Engine/Plugins/MovieScene/MovieRenderPipeline/Content/Blueprints/DefaultBurnIn.uexp" 233
"../../../Engine/Content/EngineMaterials/DefaultDiffuse.ubulk" 234
"../../../Engine/Content/EngineMaterials/DefaultDiffuse.uasset" 235
"../../../Engine/Content/EngineMaterials/DefaultDiffuse.uexp" 236
"../../../Engine/Content/Functions/Engine_MaterialFunctions01/Texturing/TextureCropping.uasset" 237
"../../../Engine/Content/Functions/Engine_MaterialFunctions01/Texturing/TextureCropping.uexp" 238
"../../../Engine/Content/Functions/Engine_MaterialFunctions02/ExampleContent/DebugNumberStrip.uasset" 239
"../../../Engine/Content/Functions/Engine_MaterialFunctions02/ExampleContent/DebugNumberStrip.uexp" 240
"../../../Engine/Content/Functions/Engine_MaterialFunctions01/Debug/DebugIntValues.uasset" 241
"../../../Engine/Content/Functions/Engine_MaterialFunctions01/Debug/DebugIntValues.uexp" 242
"../../../Engine/Content/Functions/Engine_MaterialFunctions02/Utility/BreakOutFloat2Components.uasset" 243
"../../../Engine/Content/Functions/Engine_MaterialFunctions02/Utility/BreakOutFloat2Components.uexp" 244
"../../../Engine/Content/Functions/Engine_MaterialFunctions01/Texturing/ScaleUVsByCenter.uasset" 245
"../../../Engine/Content/Functions/Engine_MaterialFunctions01/Texturing/ScaleUVsByCenter.uexp" 246
"../../../Engine/Content/Functions/Engine_MaterialFunctions02/WorldPositionOffset/LocalPosition.uasset" 247
"../../../Engine/Content/Functions/Engine_MaterialFunctions02/WorldPositionOffset/LocalPosition.uexp" 248
"../../../Engine/Content/EngineMaterials/DefaultMaterial.uasset" 249
"../../../Engine/Content/EngineMaterials/DefaultMaterial.uexp" 250
"../../../Engine/Content/BasicShapes/Cone.ubulk" 251
"../../../Engine/Content/BasicShapes/Cone.uasset" 252
"../../../Engine/Content/BasicShapes/Cone.uexp" 253
"../../../Engine/Plugins/Interchange/Assets/Content/Functions/MX_TranslucentBSDF.uasset" 254
"../../../Engine/Plugins/Interchange/Assets/Content/Functions/MX_TranslucentBSDF.uexp" 255
"../../../Engine/Plugins/Animation/ControlRig/Content/Controls/ControlRigGizmoMaterial.uasset" 256
"../../../Engine/Plugins/Animation/ControlRig/Content/Controls/ControlRigGizmoMaterial.uexp" 257
"../../../Engine/Plugins/Interchange/Assets/Content/Functions/MX_UniformEDF.uasset" 258
"../../../Engine/Plugins/Interchange/Assets/Content/Functions/MX_UniformEDF.uexp" 259
"../../../Engine/Plugins/Interchange/Assets/Content/Functions/MX_UsdPreviewSurface.uasset" 260
"../../../Engine/Plugins/Interchange/Assets/Content/Functions/MX_UsdPreviewSurface.uexp" 261
"../../../Engine/Plugins/Animation/ControlRig/Content/Controls/ControlRigXRayMaterial.uasset" 262
"../../../Engine/Plugins/Animation/ControlRig/Content/Controls/ControlRigXRayMaterial.uexp" 263
"../../../Engine/Content/BasicShapes/Cylinder.ubulk" 264
"../../../Engine/Content/BasicShapes/Cylinder.uasset" 265
"../../../Engine/Content/BasicShapes/Cylinder.uexp" 266
"../../../Engine/Content/EngineMaterials/RemoveSurfaceMaterial.uasset" 267
"../../../Engine/Content/EngineMaterials/RemoveSurfaceMaterial.uexp" 268
"../../../Engine/Plugins/MovieScene/MovieRenderPipeline/Content/Blueprints/UI_MovieRenderPipelineInfoTableRow.uasset" 269
"../../../Engine/Plugins/MovieScene/MovieRenderPipeline/Content/Blueprints/UI_MovieRenderPipelineInfoTableRow.uexp" 270
"../../../Engine/Content/ArtTools/RenderToTexture/Textures/127grey.uasset" 271
"../../../Engine/Content/ArtTools/RenderToTexture/Textures/127grey.uexp" 272
"../../../Engine/Plugins/MovieScene/MovieRenderPipeline/Content/Blueprints/M_MoviePipelineRenderPreview.uasset" 273
"../../../Engine/Plugins/MovieScene/MovieRenderPipeline/Content/Blueprints/M_MoviePipelineRenderPreview.uexp" 274
"../../../Engine/Plugins/MovieScene/MovieRenderPipeline/Content/Blueprints/Graph/T_MovieGraph_TransparencyBG.uasset" 275
"../../../Engine/Plugins/MovieScene/MovieRenderPipeline/Content/Blueprints/Graph/T_MovieGraph_TransparencyBG.uexp" 276
"../../../Engine/Plugins/MovieScene/MovieRenderPipeline/Content/Blueprints/Graph/UI_MovieGraphImagePreview.uasset" 277
"../../../Engine/Plugins/MovieScene/MovieRenderPipeline/Content/Blueprints/Graph/UI_MovieGraphImagePreview.uexp" 278
"../../../Engine/Plugins/MovieScene/MovieRenderPipeline/Content/Blueprints/UI_MovieGraphPipelineScreenOverlay.uasset" 279
"../../../Engine/Plugins/MovieScene/MovieRenderPipeline/Content/Blueprints/UI_MovieGraphPipelineScreenOverlay.uexp" 280
"../../../Engine/Plugins/Animation/ControlRig/Content/Controls/ControlRig_Arrow2_1mm.ubulk" 281
"../../../Engine/Plugins/Animation/ControlRig/Content/Controls/ControlRig_Arrow2_1mm.uasset" 282
"../../../Engine/Plugins/Animation/ControlRig/Content/Controls/ControlRig_Arrow2_1mm.uexp" 283
"../../../Engine/Content/Functions/Engine_MaterialFunctions03/Math/WithinRangeFloat2.uasset" 284
"../../../Engine/Content/Functions/Engine_MaterialFunctions03/Math/WithinRangeFloat2.uexp" 285
"../../../Engine/Plugins/Animation/ControlRig/Content/Controls/ControlRig_Arrow2_3mm.ubulk" 286
"../../../Engine/Plugins/Animation/ControlRig/Content/Controls/ControlRig_Arrow2_3mm.uasset" 287
"../../../Engine/Plugins/Animation/ControlRig/Content/Controls/ControlRig_Arrow2_3mm.uexp" 288
"../../../Engine/Plugins/Animation/ControlRig/Content/Controls/ControlRig_Arrow2_solid.ubulk" 289
"../../../Engine/Plugins/Animation/ControlRig/Content/Controls/ControlRig_Arrow2_solid.uasset" 290
"../../../Engine/Plugins/Animation/ControlRig/Content/Controls/ControlRig_Arrow2_solid.uexp" 291
"../../../Engine/Content/EngineMaterials/SMAAAreaTex.uasset" 292
"../../../Engine/Content/EngineMaterials/SMAAAreaTex.uexp" 293
"../../../Engine/Plugins/MovieScene/MovieRenderPipeline/Content/Blueprints/UI_MovieRenderPipelineScreenOverlay.uasset" 294
"../../../Engine/Plugins/MovieScene/MovieRenderPipeline/Content/Blueprints/UI_MovieRenderPipelineScreenOverlay.uexp" 295
"../../../Engine/Plugins/Animation/ControlRig/Content/M_Manip.uasset" 296
"../../../Engine/Plugins/Animation/ControlRig/Content/M_Manip.uexp" 297
"../../../Engine/Content/EngineMaterials/SMAASearchTex.uasset" 298
"../../../Engine/Content/EngineMaterials/SMAASearchTex.uexp" 299
"../../../Engine/Plugins/Animation/ControlRig/Content/Controls/ControlRig_Arrow4_1mm.ubulk" 300
"../../../Engine/Plugins/Animation/ControlRig/Content/Controls/ControlRig_Arrow4_1mm.uasset" 301
"../../../Engine/Plugins/Animation/ControlRig/Content/Controls/ControlRig_Arrow4_1mm.uexp" 302
"../../../Engine/Plugins/Animation/ControlRig/Content/Controls/ControlRig_Arrow4_3mm.ubulk" 303
"../../../Engine/Plugins/Animation/ControlRig/Content/Controls/ControlRig_Arrow4_3mm.uasset" 304
"../../../Engine/Plugins/Animation/ControlRig/Content/Controls/ControlRig_Arrow4_3mm.uexp" 305
"../../../Engine/Plugins/Animation/ControlRig/Content/Controls/ControlRig_Arrow4_solid.ubulk" 306
"../../../Engine/Plugins/Animation/ControlRig/Content/Controls/ControlRig_Arrow4_solid.uasset" 307
"../../../Engine/Plugins/Animation/ControlRig/Content/Controls/ControlRig_Arrow4_solid.uexp" 308
"../../../Engine/Content/EngineDamageTypes/DmgTypeBP_Environmental.uasset" 309
"../../../Engine/Content/EngineDamageTypes/DmgTypeBP_Environmental.uexp" 310
"../../../Engine/Plugins/Animation/ControlRig/Content/Controls/ControlRig_Arrow_1mm.ubulk" 311
"../../../Engine/Plugins/Animation/ControlRig/Content/Controls/ControlRig_Arrow_1mm.uasset" 312
"../../../Engine/Plugins/Animation/ControlRig/Content/Controls/ControlRig_Arrow_1mm.uexp" 313
"../../../Engine/Plugins/MovieScene/MovieRenderPipeline/Content/Materials/MoviePipeline_StencilCutout.uasset" 314
"../../../Engine/Plugins/MovieScene/MovieRenderPipeline/Content/Materials/MoviePipeline_StencilCutout.uexp" 315
"../../../Engine/Plugins/Animation/ControlRig/Content/Controls/ControlRig_Arrow_3mm.ubulk" 316
"../../../Engine/Plugins/Animation/ControlRig/Content/Controls/ControlRig_Arrow_3mm.uasset" 317
"../../../Engine/Plugins/Animation/ControlRig/Content/Controls/ControlRig_Arrow_3mm.uexp" 318
"../../../Engine/Plugins/MovieScene/MovieRenderPipeline/Content/Materials/MovieRenderQueue_MotionVectors.uasset" 319
"../../../Engine/Plugins/MovieScene/MovieRenderPipeline/Content/Materials/MovieRenderQueue_MotionVectors.uexp" 320
"../../../Engine/Content/Functions/Engine_MaterialFunctions02/Utility/BreakOutFloat4Components.uasset" 321
"../../../Engine/Content/Functions/Engine_MaterialFunctions02/Utility/BreakOutFloat4Components.uexp" 322
"../../../Engine/Content/Functions/Engine_MaterialFunctions02/Utility/CameraDirectionVector.uasset" 323
"../../../Engine/Content/Functions/Engine_MaterialFunctions02/Utility/CameraDirectionVector.uexp" 324
"../../../Engine/Content/Functions/Engine_MaterialFunctions02/Utility/MakeFloat4.uasset" 325
"../../../Engine/Content/Functions/Engine_MaterialFunctions02/Utility/MakeFloat4.uexp" 326
"../../../Engine/Plugins/MovieScene/MovieRenderPipeline/Content/Materials/MovieRenderQueue_WorldDepth.uasset" 327
"../../../Engine/Plugins/MovieScene/MovieRenderPipeline/Content/Materials/MovieRenderQueue_WorldDepth.uexp" 328
"../../../Engine/Plugins/Animation/ControlRig/Content/Controls/ControlRig_Arrow_solid.ubulk" 329
"../../../Engine/Plugins/Animation/ControlRig/Content/Controls/ControlRig_Arrow_solid.uasset" 330
"../../../Engine/Plugins/Animation/ControlRig/Content/Controls/ControlRig_Arrow_solid.uexp" 331
"../../../Engine/Plugins/Animation/ControlRig/Content/Controls/ControlRig_Box_1mm.ubulk" 332
"../../../Engine/Plugins/Animation/ControlRig/Content/Controls/ControlRig_Box_1mm.uasset" 333
"../../../Engine/Plugins/Animation/ControlRig/Content/Controls/ControlRig_Box_1mm.uexp" 334
"../../../Engine/Plugins/Animation/ControlRig/Content/Controls/ControlRig_Box_3mm.ubulk" 335
"../../../Engine/Plugins/Animation/ControlRig/Content/Controls/ControlRig_Box_3mm.uasset" 336
"../../../Engine/Plugins/Animation/ControlRig/Content/Controls/ControlRig_Box_3mm.uexp" 337
"../../../Engine/Content/Functions/Engine_MaterialFunctions02/Utility/VectorLength.uasset" 338
"../../../Engine/Content/Functions/Engine_MaterialFunctions02/Utility/VectorLength.uexp" 339
"../../../Engine/Plugins/Experimental/MeshModelingToolsetExp/Content/Materials/GetDisplacementVectorForDepthBias.uasset" 340
"../../../Engine/Plugins/Experimental/MeshModelingToolsetExp/Content/Materials/GetDisplacementVectorForDepthBias.uexp" 341
"../../../Engine/Content/Functions/Engine_MaterialFunctions03/Viewport/MF_OrthoWidth.uasset" 342
"../../../Engine/Content/Functions/Engine_MaterialFunctions03/Viewport/MF_OrthoWidth.uexp" 343
"../../../Engine/Content/Functions/Engine_MaterialFunctions02/Utility/FOV.uasset" 344
"../../../Engine/Content/Functions/Engine_MaterialFunctions02/Utility/FOV.uexp" 345
"../../../Engine/Content/Functions/Engine_MaterialFunctions02/WorldPositionOffset/V2/ObjectScale.uasset" 346
"../../../Engine/Content/Functions/Engine_MaterialFunctions02/WorldPositionOffset/V2/ObjectScale.uexp" 347
"../../../Engine/Plugins/Experimental/MeshModelingToolsetExp/Content/Materials/PointSetOverlaidComponentMaterial.uasset" 348
"../../../Engine/Plugins/Experimental/MeshModelingToolsetExp/Content/Materials/PointSetOverlaidComponentMaterial.uexp" 349
"../../../Engine/Plugins/Animation/ControlRig/Content/Controls/ControlRig_Box_solid.ubulk" 350
"../../../Engine/Plugins/Animation/ControlRig/Content/Controls/ControlRig_Box_solid.uasset" 351
"../../../Engine/Plugins/Animation/ControlRig/Content/Controls/ControlRig_Box_solid.uexp" 352
"../../../Engine/Plugins/Animation/ControlRig/Content/Controls/ControlRig_Circle_1mm.ubulk" 353
"../../../Engine/Plugins/Animation/ControlRig/Content/Controls/ControlRig_Circle_1mm.uasset" 354
"../../../Engine/Plugins/Animation/ControlRig/Content/Controls/ControlRig_Circle_1mm.uexp" 355
"../../../Engine/Plugins/Animation/ControlRig/Content/Controls/ControlRig_Circle_3mm.ubulk" 356
"../../../Engine/Plugins/Animation/ControlRig/Content/Controls/ControlRig_Circle_3mm.uasset" 357
"../../../Engine/Plugins/Animation/ControlRig/Content/Controls/ControlRig_Circle_3mm.uexp" 358
"../../../Engine/Content/EngineDebugMaterials/DebugEditorMaterial.uasset" 359
"../../../Engine/Content/EngineDebugMaterials/DebugEditorMaterial.uexp" 360
"../../../Engine/Plugins/Animation/ControlRig/Content/Controls/ControlRig_Circle_solid.ubulk" 361
"../../../Engine/Plugins/Animation/ControlRig/Content/Controls/ControlRig_Circle_solid.uasset" 362
"../../../Engine/Plugins/Animation/ControlRig/Content/Controls/ControlRig_Circle_solid.uexp" 363
"../../../Engine/Content/EngineDebugMaterials/DebugMeshMaterial.uasset" 364
"../../../Engine/Content/EngineDebugMaterials/DebugMeshMaterial.uexp" 365
"../../../Engine/Plugins/Animation/ControlRig/Content/Controls/ControlRig_Diamond_1mm.ubulk" 366
"../../../Engine/Plugins/Animation/ControlRig/Content/Controls/ControlRig_Diamond_1mm.uasset" 367
"../../../Engine/Plugins/Animation/ControlRig/Content/Controls/ControlRig_Diamond_1mm.uexp" 368
"../../../Engine/Content/EngineMaterials/WeightMapPlaceholderTexture.uasset" 369
"../../../Engine/Content/EngineMaterials/WeightMapPlaceholderTexture.uexp" 370
"../../../Engine/Content/EngineMaterials/WeightMapArrayPlaceholderTexture.uasset" 371
"../../../Engine/Content/EngineMaterials/WeightMapArrayPlaceholderTexture.uexp" 372
"../../../Engine/Plugins/Animation/ControlRig/Content/Controls/ControlRig_Diamond_3mm.ubulk" 373
"../../../Engine/Plugins/Animation/ControlRig/Content/Controls/ControlRig_Diamond_3mm.uasset" 374
"../../../Engine/Plugins/Animation/ControlRig/Content/Controls/ControlRig_Diamond_3mm.uexp" 375
"../../../Engine/Content/EngineMaterials/DefaultBloomKernel.uasset" 376
"../../../Engine/Content/EngineMaterials/DefaultBloomKernel.uexp" 377
"../../../Engine/Plugins/Animation/ControlRig/Content/Controls/ControlRig_Diamond_solid.ubulk" 378
"../../../Engine/Plugins/Animation/ControlRig/Content/Controls/ControlRig_Diamond_solid.uasset" 379
"../../../Engine/Plugins/Animation/ControlRig/Content/Controls/ControlRig_Diamond_solid.uexp" 380
"../../../Engine/Content/EngineMaterials/DefaultBokeh.uasset" 381
"../../../Engine/Content/EngineMaterials/DefaultBokeh.uexp" 382
"../../../Engine/Content/EngineResources/WhiteSquareTexture.uasset" 383
"../../../Engine/Content/EngineResources/WhiteSquareTexture.uexp" 384
"../../../Engine/Content/EngineMaterials/Widget3DPassThrough.uasset" 385
"../../../Engine/Content/EngineMaterials/Widget3DPassThrough.uexp" 386
"../../../Engine/Content/EngineMaterials/Widget3DPassThrough_Masked.uasset" 387
"../../../Engine/Content/EngineMaterials/Widget3DPassThrough_Masked.uexp" 388
"../../../Engine/Content/EngineMaterials/Widget3DPassThrough_Opaque.uasset" 389
"../../../Engine/Content/EngineMaterials/Widget3DPassThrough_Opaque.uexp" 390
"../../../Engine/Content/EngineMaterials/Widget3DPassThrough_Masked_OneSided.uasset" 391
"../../../Engine/Content/EngineMaterials/Widget3DPassThrough_Masked_OneSided.uexp" 392
"../../../Engine/Plugins/Animation/ControlRig/Content/Controls/ControlRig_HalfCircle_1mm.ubulk" 393
"../../../Engine/Plugins/Animation/ControlRig/Content/Controls/ControlRig_HalfCircle_1mm.uasset" 394
"../../../Engine/Plugins/Animation/ControlRig/Content/Controls/ControlRig_HalfCircle_1mm.uexp" 395
"../../../Engine/Content/EngineMaterials/Widget3DPassThrough_Opaque_OneSided.uasset" 396
"../../../Engine/Content/EngineMaterials/Widget3DPassThrough_Opaque_OneSided.uexp" 397
"../../../Engine/Plugins/Animation/ControlRig/Content/Controls/ControlRig_HalfCircle_3mm.ubulk" 398
"../../../Engine/Plugins/Animation/ControlRig/Content/Controls/ControlRig_HalfCircle_3mm.uasset" 399
"../../../Engine/Plugins/Animation/ControlRig/Content/Controls/ControlRig_HalfCircle_3mm.uexp" 400
"../../../Engine/Content/EngineMaterials/Widget3DPassThrough_Translucent.uasset" 401
"../../../Engine/Content/EngineMaterials/Widget3DPassThrough_Translucent.uexp" 402
"../../../Engine/Content/EngineMaterials/Widget3DPassThrough_Translucent_OneSided.uasset" 403
"../../../Engine/Content/EngineMaterials/Widget3DPassThrough_Translucent_OneSided.uexp" 404
"../../../Engine/Plugins/Animation/ControlRig/Content/Controls/ControlRig_HalfCircle_solid.ubulk" 405
"../../../Engine/Plugins/Animation/ControlRig/Content/Controls/ControlRig_HalfCircle_solid.uasset" 406
"../../../Engine/Plugins/Animation/ControlRig/Content/Controls/ControlRig_HalfCircle_solid.uexp" 407
"../../../Engine/Plugins/Animation/ControlRig/Content/Controls/ControlRig_Hexagon_1mm.ubulk" 408
"../../../Engine/Plugins/Animation/ControlRig/Content/Controls/ControlRig_Hexagon_1mm.uasset" 409
"../../../Engine/Plugins/Animation/ControlRig/Content/Controls/ControlRig_Hexagon_1mm.uexp" 410
"../../../Engine/Content/EngineMaterials/DefaultDeferredDecalMaterial.uasset" 411
"../../../Engine/Content/EngineMaterials/DefaultDeferredDecalMaterial.uexp" 412
"../../../Engine/Plugins/Animation/ControlRig/Content/Controls/ControlRig_Hexagon_3mm.ubulk" 413
"../../../Engine/Plugins/Animation/ControlRig/Content/Controls/ControlRig_Hexagon_3mm.uasset" 414
"../../../Engine/Plugins/Animation/ControlRig/Content/Controls/ControlRig_Hexagon_3mm.uexp" 415
"../../../Engine/Plugins/Interchange/Assets/Content/Functions/MX_AbsorptionVDF.uasset" 416
"../../../Engine/Plugins/Interchange/Assets/Content/Functions/MX_AbsorptionVDF.uexp" 417
"../../../Engine/Plugins/Animation/ControlRig/Content/Controls/ControlRig_Hexagon_solid.ubulk" 418
"../../../Engine/Plugins/Animation/ControlRig/Content/Controls/ControlRig_Hexagon_solid.uasset" 419
"../../../Engine/Plugins/Animation/ControlRig/Content/Controls/ControlRig_Hexagon_solid.uexp" 420
"../../../Engine/Content/EngineMaterials/DefaultLightFunctionMaterial.uasset" 421
"../../../Engine/Content/EngineMaterials/DefaultLightFunctionMaterial.uexp" 422
"../../../Engine/Content/EngineMeshes/Cylinder.ubulk" 423
"../../../Engine/Content/EngineMeshes/Cylinder.uasset" 424
"../../../Engine/Content/EngineMeshes/Cylinder.uexp" 425
"../../../Engine/Plugins/Animation/ControlRig/Content/Controls/ControlRig_Octagon_1mm.ubulk" 426
"../../../Engine/Plugins/Animation/ControlRig/Content/Controls/ControlRig_Octagon_1mm.uasset" 427
"../../../Engine/Plugins/Animation/ControlRig/Content/Controls/ControlRig_Octagon_1mm.uexp" 428
"../../../Engine/Plugins/Interchange/Assets/Content/Functions/MX_AnisotropicVDF.uasset" 429
"../../../Engine/Plugins/Interchange/Assets/Content/Functions/MX_AnisotropicVDF.uexp" 430
"../../../Engine/Content/EngineDebugMaterials/M_SimpleUnlitTranslucent.uasset" 431
"../../../Engine/Content/EngineDebugMaterials/M_SimpleUnlitTranslucent.uexp" 432
"../../../Engine/Plugins/Animation/ControlRig/Content/Controls/ControlRig_Octagon_3mm.ubulk" 433
"../../../Engine/Plugins/Animation/ControlRig/Content/Controls/ControlRig_Octagon_3mm.uasset" 434
"../../../Engine/Plugins/Animation/ControlRig/Content/Controls/ControlRig_Octagon_3mm.uexp" 435
"../../../Engine/Content/EngineDebugMaterials/VolumeToRender.uasset" 436
"../../../Engine/Content/EngineDebugMaterials/VolumeToRender.uexp" 437
"../../../Engine/Content/EngineDebugMaterials/M_VolumeRenderSphereTracePP.uasset" 438
"../../../Engine/Content/EngineDebugMaterials/M_VolumeRenderSphereTracePP.uexp" 439
"../../../Engine/Plugins/Interchange/Assets/Content/Functions/MX_BurleyDiffuseBSDF.uasset" 440
"../../../Engine/Plugins/Interchange/Assets/Content/Functions/MX_BurleyDiffuseBSDF.uexp" 441
"../../../Engine/Plugins/Animation/ControlRig/Content/Controls/ControlRig_Octagon_solid.ubulk" 442
"../../../Engine/Plugins/Animation/ControlRig/Content/Controls/ControlRig_Octagon_solid.uasset" 443
"../../../Engine/Plugins/Animation/ControlRig/Content/Controls/ControlRig_Octagon_solid.uexp" 444
"../../../Engine/Plugins/Animation/ControlRig/Content/Controls/ControlRig_Pyramid_1mm.ubulk" 445
"../../../Engine/Plugins/Animation/ControlRig/Content/Controls/ControlRig_Pyramid_1mm.uasset" 446
"../../../Engine/Plugins/Animation/ControlRig/Content/Controls/ControlRig_Pyramid_1mm.uexp" 447
"../../../Engine/Content/EngineMaterials/DefaultPostProcessMaterial.uasset" 448
"../../../Engine/Content/EngineMaterials/DefaultPostProcessMaterial.uexp" 449
"../../../Engine/Plugins/Animation/ControlRig/Content/Controls/ControlRig_Pyramid_3mm.ubulk" 450
"../../../Engine/Plugins/Animation/ControlRig/Content/Controls/ControlRig_Pyramid_3mm.uasset" 451
"../../../Engine/Plugins/Animation/ControlRig/Content/Controls/ControlRig_Pyramid_3mm.uexp" 452
"../../../Engine/Content/EngineFonts/RobotoDistanceField.uasset" 453
"../../../Engine/Content/EngineFonts/RobotoDistanceField.uexp" 454
"../../../Engine/Content/EngineMaterials/DefaultTextMaterialOpaque.uasset" 455
"../../../Engine/Content/EngineMaterials/DefaultTextMaterialOpaque.uexp" 456
"../../../Engine/Plugins/Interchange/Assets/Content/Functions/MX_ChiangHairBSDF.uasset" 457
"../../../Engine/Plugins/Interchange/Assets/Content/Functions/MX_ChiangHairBSDF.uexp" 458
"../../../Engine/Plugins/Animation/ControlRig/Content/Controls/ControlRig_Pyramid_solid.ubulk" 459
"../../../Engine/Plugins/Animation/ControlRig/Content/Controls/ControlRig_Pyramid_solid.uasset" 460
"../../../Engine/Plugins/Animation/ControlRig/Content/Controls/ControlRig_Pyramid_solid.uexp" 461
"../../../Engine/Content/EngineMaterials/DefaultWhiteGrid.ubulk" 462
"../../../Engine/Content/EngineMaterials/DefaultWhiteGrid.uasset" 463
"../../../Engine/Content/EngineMaterials/DefaultWhiteGrid.uexp" 464
"../../../Engine/Plugins/Animation/ControlRig/Content/Controls/ControlRig_QuarterCircle_1mm.ubulk" 465
"../../../Engine/Plugins/Animation/ControlRig/Content/Controls/ControlRig_QuarterCircle_1mm.uasset" 466
"../../../Engine/Plugins/Animation/ControlRig/Content/Controls/ControlRig_QuarterCircle_1mm.uexp" 467
"../../../Engine/Plugins/Animation/ControlRig/Content/Controls/ControlRig_QuarterCircle_3mm.ubulk" 468
"../../../Engine/Plugins/Animation/ControlRig/Content/Controls/ControlRig_QuarterCircle_3mm.uasset" 469
"../../../Engine/Plugins/Animation/ControlRig/Content/Controls/ControlRig_QuarterCircle_3mm.uexp" 470
"../../../Engine/Content/EngineMeshes/Sphere.ubulk" 471
"../../../Engine/Content/EngineMeshes/Sphere.uasset" 472
"../../../Engine/Content/EngineMeshes/Sphere.uexp" 473
"../../../Engine/Plugins/Animation/ControlRig/Content/Controls/ControlRig_QuarterCircle_solid.ubulk" 474
"../../../Engine/Plugins/Animation/ControlRig/Content/Controls/ControlRig_QuarterCircle_solid.uasset" 475
"../../../Engine/Plugins/Animation/ControlRig/Content/Controls/ControlRig_QuarterCircle_solid.uexp" 476
"../../../Engine/Content/EngineMaterials/DefaultWhiteGrid_Low.uasset" 477
"../../../Engine/Content/EngineMaterials/DefaultWhiteGrid_Low.uexp" 478
"../../../Engine/Content/EngineMaterials/EmissiveMeshMaterial.uasset" 479
"../../../Engine/Content/EngineMaterials/EmissiveMeshMaterial.uexp" 480
"../../../Engine/Plugins/Animation/ControlRig/Content/Controls/ControlRig_RoundedSquare_1mm.ubulk" 481
"../../../Engine/Plugins/Animation/ControlRig/Content/Controls/ControlRig_RoundedSquare_1mm.uasset" 482
"../../../Engine/Plugins/Animation/ControlRig/Content/Controls/ControlRig_RoundedSquare_1mm.uexp" 483
"../../../Engine/Plugins/Animation/ControlRig/Content/Controls/ControlRig_RoundedSquare_3mm.ubulk" 484
"../../../Engine/Plugins/Animation/ControlRig/Content/Controls/ControlRig_RoundedSquare_3mm.uasset" 485
"../../../Engine/Plugins/Animation/ControlRig/Content/Controls/ControlRig_RoundedSquare_3mm.uexp" 486
"../../../Engine/Content/EngineMaterials/FastBlueNoise_scalar_128x128x64.uasset" 487
"../../../Engine/Content/EngineMaterials/FastBlueNoise_scalar_128x128x64.uexp" 488
"../../../Engine/Plugins/Animation/ControlRig/Content/Controls/ControlRig_RoundedSquare_solid.ubulk" 489
"../../../Engine/Plugins/Animation/ControlRig/Content/Controls/ControlRig_RoundedSquare_solid.uasset" 490
"../../../Engine/Plugins/Animation/ControlRig/Content/Controls/ControlRig_RoundedSquare_solid.uexp" 491
"../../../Engine/Content/EngineMaterials/FastBlueNoise_scalar_128x128x8.uasset" 492
"../../../Engine/Content/EngineMaterials/FastBlueNoise_scalar_128x128x8.uexp" 493
"../../../Engine/Plugins/Animation/ControlRig/Content/Controls/ControlRig_RoundedTriangle_1mm.ubulk" 494
"../../../Engine/Plugins/Animation/ControlRig/Content/Controls/ControlRig_RoundedTriangle_1mm.uasset" 495
"../../../Engine/Plugins/Animation/ControlRig/Content/Controls/ControlRig_RoundedTriangle_1mm.uexp" 496
"../../../Engine/Content/EngineMaterials/FastBlueNoise_vec2_128x128x64.uasset" 497
"../../../Engine/Content/EngineMaterials/FastBlueNoise_vec2_128x128x64.uexp" 498
"../../../Engine/Plugins/Animation/ControlRig/Content/Controls/ControlRig_RoundedTriangle_3mm.ubulk" 499
"../../../Engine/Plugins/Animation/ControlRig/Content/Controls/ControlRig_RoundedTriangle_3mm.uasset" 500
"../../../Engine/Plugins/Animation/ControlRig/Content/Controls/ControlRig_RoundedTriangle_3mm.uexp" 501
"../../../Engine/Content/EngineMaterials/EnergyConservation/Diffuse_Energy.uasset" 502
"../../../Engine/Content/EngineMaterials/EnergyConservation/Diffuse_Energy.uexp" 503
"../../../Engine/Content/EngineMaterials/BaseFlattenDiffuseMap.uasset" 504
"../../../Engine/Content/EngineMaterials/BaseFlattenDiffuseMap.uexp" 505
"../../../Engine/Content/EngineMaterials/BaseFlattenEmissiveMap.uasset" 506
"../../../Engine/Content/EngineMaterials/BaseFlattenEmissiveMap.uexp" 507
"../../../Engine/Content/EngineMaterials/BaseFlattenGrayscaleMap.uasset" 508
"../../../Engine/Content/EngineMaterials/BaseFlattenGrayscaleMap.uexp" 509
"../../../Engine/Content/EngineMaterials/BaseFlattenLinearColor.uasset" 510
"../../../Engine/Content/EngineMaterials/BaseFlattenLinearColor.uexp" 511
"../../../Engine/Content/EngineMaterials/BaseFlattenNormalMap.uasset" 512
"../../../Engine/Content/EngineMaterials/BaseFlattenNormalMap.uexp" 513
"../../../Engine/Content/Functions/Engine_MaterialFunctions02/PivotPainter2/Black_1x1_EXR_Texture.uasset" 514
"../../../Engine/Content/Functions/Engine_MaterialFunctions02/PivotPainter2/Black_1x1_EXR_Texture.uexp" 515
"../../../Engine/Content/EngineMaterials/FlattenMaterial.uasset" 516
"../../../Engine/Content/EngineMaterials/FlattenMaterial.uexp" 517
"../../../Engine/Content/EngineMaterials/BaseFlattenDiffuseMap_VT.ubulk" 518
"../../../Engine/Content/EngineMaterials/BaseFlattenDiffuseMap_VT.uasset" 519
"../../../Engine/Content/EngineMaterials/BaseFlattenDiffuseMap_VT.uexp" 520
"../../../Engine/Content/EngineMaterials/BaseFlattenEmissiveMap_VT.ubulk" 521
"../../../Engine/Content/EngineMaterials/BaseFlattenEmissiveMap_VT.uasset" 522
"../../../Engine/Content/EngineMaterials/BaseFlattenEmissiveMap_VT.uexp" 523
"../../../Engine/Content/EngineMaterials/BaseFlattenGrayscaleMap_VT.ubulk" 524
"../../../Engine/Content/EngineMaterials/BaseFlattenGrayscaleMap_VT.uasset" 525
"../../../Engine/Content/EngineMaterials/BaseFlattenGrayscaleMap_VT.uexp" 526
"../../../Engine/Content/EngineMaterials/BaseFlattenLinearColor_VT.ubulk" 527
"../../../Engine/Content/EngineMaterials/BaseFlattenLinearColor_VT.uasset" 528
"../../../Engine/Content/EngineMaterials/BaseFlattenLinearColor_VT.uexp" 529
"../../../Engine/Content/EngineMaterials/BaseFlattenNormalMap_VT.ubulk" 530
"../../../Engine/Content/EngineMaterials/BaseFlattenNormalMap_VT.uasset" 531
"../../../Engine/Content/EngineMaterials/BaseFlattenNormalMap_VT.uexp" 532
"../../../Engine/Content/EngineMaterials/Black_1x1_EXR_Texture_VT.ubulk" 533
"../../../Engine/Content/EngineMaterials/Black_1x1_EXR_Texture_VT.uasset" 534
"../../../Engine/Content/EngineMaterials/Black_1x1_EXR_Texture_VT.uexp" 535
"../../../Engine/Content/EngineMaterials/FlattenMaterial_VT.uasset" 536
"../../../Engine/Content/EngineMaterials/FlattenMaterial_VT.uexp" 537
"../../../Engine/Plugins/Animation/ControlRig/Content/Controls/ControlRig_RoundedTriangle_solid.ubulk" 538
"../../../Engine/Plugins/Animation/ControlRig/Content/Controls/ControlRig_RoundedTriangle_solid.uasset" 539
"../../../Engine/Plugins/Animation/ControlRig/Content/Controls/ControlRig_RoundedTriangle_solid.uexp" 540
"../../../Engine/Content/EngineMaterials/EnergyConservation/GGX_ReflectionEnergy.uasset" 541
"../../../Engine/Content/EngineMaterials/EnergyConservation/GGX_ReflectionEnergy.uexp" 542
"../../../Engine/Content/EngineMaterials/FlattenMaterial_WS_Normal_VT.uasset" 543
"../../../Engine/Content/EngineMaterials/FlattenMaterial_WS_Normal_VT.uexp" 544
"../../../Engine/Plugins/Animation/ControlRig/Content/Controls/ControlRig_Sphere_1mm.ubulk" 545
"../../../Engine/Plugins/Animation/ControlRig/Content/Controls/ControlRig_Sphere_1mm.uasset" 546
"../../../Engine/Plugins/Animation/ControlRig/Content/Controls/ControlRig_Sphere_1mm.uexp" 547
"../../../Engine/Content/EngineResources/Black.uasset" 548
"../../../Engine/Content/EngineResources/Black.uexp" 549
"../../../Engine/Content/EngineMaterials/GizmoMaterial.uasset" 550
"../../../Engine/Content/EngineMaterials/GizmoMaterial.uexp" 551
"../../../Engine/Content/EngineMaterials/EnergyConservation/GGX_TransmissionEnergyArray.uasset" 552
"../../../Engine/Content/EngineMaterials/EnergyConservation/GGX_TransmissionEnergyArray.uexp" 553
"../../../Engine/Plugins/Animation/ControlRig/Content/Controls/ControlRig_Sphere_3mm.ubulk" 554
"../../../Engine/Plugins/Animation/ControlRig/Content/Controls/ControlRig_Sphere_3mm.uasset" 555
"../../../Engine/Plugins/Animation/ControlRig/Content/Controls/ControlRig_Sphere_3mm.uexp" 556
"../../../Engine/Content/EngineMaterials/EnergyConservation/SheenLegacy_Energy.uasset" 557
"../../../Engine/Content/EngineMaterials/EnergyConservation/SheenLegacy_Energy.uexp" 558
"../../../Engine/Plugins/Animation/ControlRig/Content/Controls/ControlRig_Sphere_solid.ubulk" 559
"../../../Engine/Plugins/Animation/ControlRig/Content/Controls/ControlRig_Sphere_solid.uasset" 560
"../../../Engine/Plugins/Animation/ControlRig/Content/Controls/ControlRig_Sphere_solid.uexp" 561
"../../../Engine/Content/EngineResources/DefaultTexture.ubulk" 562
"../../../Engine/Content/EngineResources/DefaultTexture.uasset" 563
"../../../Engine/Content/EngineResources/DefaultTexture.uexp" 564
"../../../Engine/Content/EngineMaterials/EnergyConservation/Sheen_Energy.uasset" 565
"../../../Engine/Content/EngineMaterials/EnergyConservation/Sheen_Energy.uexp" 566
"../../../Engine/Plugins/Animation/ControlRig/Content/Controls/ControlRig_Square_1mm.ubulk" 567
"../../../Engine/Plugins/Animation/ControlRig/Content/Controls/ControlRig_Square_1mm.uasset" 568
"../../../Engine/Plugins/Animation/ControlRig/Content/Controls/ControlRig_Square_1mm.uexp" 569
"../../../Engine/Content/EngineMaterials/LTC/GGX_LTCAmp.uasset" 570
"../../../Engine/Content/EngineMaterials/LTC/GGX_LTCAmp.uexp" 571
"../../../Engine/Plugins/Animation/ControlRig/Content/Controls/ControlRig_Square_3mm.ubulk" 572
"../../../Engine/Plugins/Animation/ControlRig/Content/Controls/ControlRig_Square_3mm.uasset" 573
"../../../Engine/Plugins/Animation/ControlRig/Content/Controls/ControlRig_Square_3mm.uexp" 574
"../../../Engine/Content/EngineMaterials/LTC/GGX_LTCMat.uasset" 575
"../../../Engine/Content/EngineMaterials/LTC/GGX_LTCMat.uexp" 576
"../../../Engine/Content/EngineMaterials/LTC/Sheen_LTC.uasset" 577
"../../../Engine/Content/EngineMaterials/LTC/Sheen_LTC.uexp" 578
"../../../Engine/Plugins/Animation/ControlRig/Content/Controls/ControlRig_Square_solid.ubulk" 579
"../../../Engine/Plugins/Animation/ControlRig/Content/Controls/ControlRig_Square_solid.uasset" 580
"../../../Engine/Plugins/Animation/ControlRig/Content/Controls/ControlRig_Square_solid.uexp" 581
"../../../Engine/Plugins/Animation/ControlRig/Content/Controls/ControlRig_Star4_1mm.ubulk" 582
"../../../Engine/Plugins/Animation/ControlRig/Content/Controls/ControlRig_Star4_1mm.uasset" 583
"../../../Engine/Plugins/Animation/ControlRig/Content/Controls/ControlRig_Star4_1mm.uexp" 584
"../../../Engine/Plugins/Animation/ControlRig/Content/Controls/ControlRig_Star4_3mm.ubulk" 585
"../../../Engine/Plugins/Animation/ControlRig/Content/Controls/ControlRig_Star4_3mm.uasset" 586
"../../../Engine/Plugins/Animation/ControlRig/Content/Controls/ControlRig_Star4_3mm.uexp" 587
"../../../Engine/Content/EngineResources/Development/ZenLogo_64.uasset" 588
"../../../Engine/Content/EngineResources/Development/ZenLogo_64.uexp" 589
"../../../Engine/Plugins/Animation/DeformerGraph/Content/DeformerFunctions/DG_Function_LinearBlendSkin_Morph_Cloth.uasset" 590
"../../../Engine/Plugins/Animation/DeformerGraph/Content/DeformerFunctions/DG_Function_LinearBlendSkin_Morph_Cloth.uexp" 591
"../../../Engine/Plugins/Animation/DeformerGraph/Content/Deformers/DG_LinearBlendSkin_Morph_Cloth.uasset" 592
"../../../Engine/Plugins/Animation/DeformerGraph/Content/Deformers/DG_LinearBlendSkin_Morph_Cloth.uexp" 593
"../../../Engine/Plugins/Animation/DeformerGraph/Content/DeformerFunctions/DG_Function_ComputeNormalsTangents.uasset" 594
"../../../Engine/Plugins/Animation/DeformerGraph/Content/DeformerFunctions/DG_Function_ComputeNormalsTangents.uexp" 595
"../../../Engine/Plugins/Animation/DeformerGraph/Content/DeformerFunctions/DG_Function_LinearBlendSkin_Morph_Cloth_PositionOnly.uasset" 596
"../../../Engine/Plugins/Animation/DeformerGraph/Content/DeformerFunctions/DG_Function_LinearBlendSkin_Morph_Cloth_PositionOnly.uexp" 597
"../../../Engine/Plugins/Animation/DeformerGraph/Content/Deformers/DG_LinearBlendSkin_Morph_Cloth_RecomputeNormals.uasset" 598
"../../../Engine/Plugins/Animation/DeformerGraph/Content/Deformers/DG_LinearBlendSkin_Morph_Cloth_RecomputeNormals.uexp" 599
"../../../Engine/Content/EngineResources/FilmGrains/Marcie_Grain_v3_128_M2_000.uasset" 600
"../../../Engine/Content/EngineResources/FilmGrains/Marcie_Grain_v3_128_M2_000.uexp" 601
"../../../Engine/Content/Functions/Engine_MaterialFunctions01/Texturing/FlattenNormal.uasset" 602
"../../../Engine/Content/Functions/Engine_MaterialFunctions01/Texturing/FlattenNormal.uexp" 603
"../../../Engine/Plugins/Interchange/Assets/Content/Utilities/New_LUT.uasset" 604
"../../../Engine/Plugins/Interchange/Assets/Content/Utilities/New_LUT.uexp" 605
"../../../Engine/Content/Functions/Engine_MaterialFunctions03/Math/RemapValueRange.uasset" 606
"../../../Engine/Content/Functions/Engine_MaterialFunctions03/Math/RemapValueRange.uexp" 607
"../../../Engine/Plugins/Interchange/Assets/Content/Functions/MF_Iridescence.uasset" 608
"../../../Engine/Plugins/Interchange/Assets/Content/Functions/MF_Iridescence.uexp" 609
"../../../Engine/Plugins/Interchange/Assets/Content/gltf/Textures/T_White_srgb.uasset" 610
"../../../Engine/Plugins/Interchange/Assets/Content/gltf/Textures/T_White_srgb.uexp" 611
"../../../Engine/Plugins/Interchange/Assets/Content/gltf/MaterialFunctions/MF_BaseColor.uasset" 612
"../../../Engine/Plugins/Interchange/Assets/Content/gltf/MaterialFunctions/MF_BaseColor.uexp" 613
"../../../Engine/Plugins/Interchange/Assets/Content/gltf/MaterialFunctions/MF_RotateNormals_TS.uasset" 614
"../../../Engine/Plugins/Interchange/Assets/Content/gltf/MaterialFunctions/MF_RotateNormals_TS.uexp" 615
"../../../Engine/Plugins/Interchange/Assets/Content/gltf/Textures/T_Generic_N.uasset" 616
"../../../Engine/Plugins/Interchange/Assets/Content/gltf/Textures/T_Generic_N.uexp" 617
"../../../Engine/Plugins/Interchange/Assets/Content/gltf/Textures/T_White_Linear.uasset" 618
"../../../Engine/Plugins/Interchange/Assets/Content/gltf/Textures/T_White_Linear.uexp" 619
"../../../Engine/Plugins/Interchange/Assets/Content/gltf/MaterialFunctions/MF_Clearcoat.uasset" 620
"../../../Engine/Plugins/Interchange/Assets/Content/gltf/MaterialFunctions/MF_Clearcoat.uexp" 621
"../../../Engine/Plugins/Interchange/Assets/Content/gltf/MaterialFunctions/MF_Emissive.uasset" 622
"../../../Engine/Plugins/Interchange/Assets/Content/gltf/MaterialFunctions/MF_Emissive.uexp" 623
"../../../Engine/Plugins/Interchange/Assets/Content/gltf/MaterialFunctions/MF_IOR.uasset" 624
"../../../Engine/Plugins/Interchange/Assets/Content/gltf/MaterialFunctions/MF_IOR.uexp" 625
"../../../Engine/Plugins/Interchange/Assets/Content/gltf/MaterialFunctions/MF_Iridescence.uasset" 626
"../../../Engine/Plugins/Interchange/Assets/Content/gltf/MaterialFunctions/MF_Iridescence.uexp" 627
"../../../Engine/Plugins/Interchange/Assets/Content/gltf/MaterialFunctions/MF_MetallicRoughness.uasset" 628
"../../../Engine/Plugins/Interchange/Assets/Content/gltf/MaterialFunctions/MF_MetallicRoughness.uexp" 629
"../../../Engine/Plugins/Interchange/Assets/Content/gltf/MaterialFunctions/MF_ScaleNormal.uasset" 630
"../../../Engine/Plugins/Interchange/Assets/Content/gltf/MaterialFunctions/MF_ScaleNormal.uexp" 631
"../../../Engine/Plugins/Interchange/Assets/Content/gltf/MaterialFunctions/MF_Normals.uasset" 632
"../../../Engine/Plugins/Interchange/Assets/Content/gltf/MaterialFunctions/MF_Normals.uexp" 633
"../../../Engine/Plugins/Interchange/Assets/Content/gltf/MaterialFunctions/MF_Occlusion.uasset" 634
"../../../Engine/Plugins/Interchange/Assets/Content/gltf/MaterialFunctions/MF_Occlusion.uexp" 635
"../../../Engine/Plugins/Interchange/Assets/Content/gltf/MaterialFunctions/MF_Specular.uasset" 636
"../../../Engine/Plugins/Interchange/Assets/Content/gltf/MaterialFunctions/MF_Specular.uexp" 637
"../../../Engine/Plugins/Interchange/Assets/Content/gltf/Textures/T_Anisotropy_Direction_Linear.uasset" 638
"../../../Engine/Plugins/Interchange/Assets/Content/gltf/Textures/T_Anisotropy_Direction_Linear.uexp" 639
"../../../Engine/Plugins/Interchange/Assets/Content/gltf/MaterialFunctions/MF_SpecularAnisotropy.uasset" 640
"../../../Engine/Plugins/Interchange/Assets/Content/gltf/MaterialFunctions/MF_SpecularAnisotropy.uexp" 641
"../../../Engine/Plugins/Interchange/Assets/Content/gltf/MaterialFunctions/MF_RotateV2.uasset" 642
"../../../Engine/Plugins/Interchange/Assets/Content/gltf/MaterialFunctions/MF_RotateV2.uexp" 643
"../../../Engine/Plugins/Interchange/Assets/Content/gltf/MaterialFunctions/MF_TransformUVs.uasset" 644
"../../../Engine/Plugins/Interchange/Assets/Content/gltf/MaterialFunctions/MF_TransformUVs.uexp" 645
"../../../Engine/Plugins/Interchange/Assets/Content/gltf/MaterialBodies/MF_ClearCoat_Body.uasset" 646
"../../../Engine/Plugins/Interchange/Assets/Content/gltf/MaterialBodies/MF_ClearCoat_Body.uexp" 647
"../../../Engine/Plugins/Interchange/Assets/Content/gltf/M_ClearCoat.uasset" 648
"../../../Engine/Plugins/Interchange/Assets/Content/gltf/M_ClearCoat.uexp" 649
"../../../Engine/Plugins/Interchange/Assets/Content/gltf/MaterialInstances/MI_ClearCoat_Blend.uasset" 650
"../../../Engine/Plugins/Interchange/Assets/Content/gltf/MaterialInstances/MI_ClearCoat_Blend.uexp" 651
"../../../Engine/Plugins/Interchange/Assets/Content/gltf/MaterialInstances/MI_ClearCoat_Blend_DS.uasset" 652
"../../../Engine/Plugins/Interchange/Assets/Content/gltf/MaterialInstances/MI_ClearCoat_Blend_DS.uexp" 653
"../../../Engine/Plugins/Interchange/Assets/Content/gltf/MaterialInstances/MI_ClearCoat_Mask.uasset" 654
"../../../Engine/Plugins/Interchange/Assets/Content/gltf/MaterialInstances/MI_ClearCoat_Mask.uexp" 655
"../../../Engine/Plugins/Interchange/Assets/Content/gltf/MaterialInstances/MI_ClearCoat_Mask_DS.uasset" 656
"../../../Engine/Plugins/Interchange/Assets/Content/gltf/MaterialInstances/MI_ClearCoat_Mask_DS.uexp" 657
"../../../Engine/Plugins/Interchange/Assets/Content/gltf/MaterialInstances/MI_ClearCoat_Opaque.uasset" 658
"../../../Engine/Plugins/Interchange/Assets/Content/gltf/MaterialInstances/MI_ClearCoat_Opaque.uexp" 659
"../../../Engine/Plugins/Interchange/Assets/Content/gltf/MaterialInstances/MI_ClearCoat_Opaque_DS.uasset" 660
"../../../Engine/Plugins/Interchange/Assets/Content/gltf/MaterialInstances/MI_ClearCoat_Opaque_DS.uexp" 661
"../../../Engine/Plugins/Interchange/Assets/Content/gltf/MaterialBodies/MF_Default_Body.uasset" 662
"../../../Engine/Plugins/Interchange/Assets/Content/gltf/MaterialBodies/MF_Default_Body.uexp" 663
"../../../Engine/Plugins/Interchange/Assets/Content/gltf/M_Default.uasset" 664
"../../../Engine/Plugins/Interchange/Assets/Content/gltf/M_Default.uexp" 665
"../../../Engine/Plugins/Interchange/Assets/Content/gltf/MaterialInstances/MI_Default_Blend.uasset" 666
"../../../Engine/Plugins/Interchange/Assets/Content/gltf/MaterialInstances/MI_Default_Blend.uexp" 667
"../../../Engine/Plugins/Interchange/Assets/Content/gltf/MaterialInstances/MI_Default_Blend_DS.uasset" 668
"../../../Engine/Plugins/Interchange/Assets/Content/gltf/MaterialInstances/MI_Default_Blend_DS.uexp" 669
"../../../Engine/Plugins/Interchange/Assets/Content/gltf/MaterialInstances/MI_Default_Mask.uasset" 670
"../../../Engine/Plugins/Interchange/Assets/Content/gltf/MaterialInstances/MI_Default_Mask.uexp" 671
"../../../Engine/Plugins/Interchange/Assets/Content/gltf/MaterialInstances/MI_Default_Mask_DS.uasset" 672
"../../../Engine/Plugins/Interchange/Assets/Content/gltf/MaterialInstances/MI_Default_Mask_DS.uexp" 673
"../../../Engine/Plugins/Interchange/Assets/Content/gltf/MaterialInstances/MI_Default_Opaque.uasset" 674
"../../../Engine/Plugins/Interchange/Assets/Content/gltf/MaterialInstances/MI_Default_Opaque.uexp" 675
"../../../Engine/Plugins/Interchange/Assets/Content/gltf/MaterialInstances/MI_Default_Opaque_DS.uasset" 676
"../../../Engine/Plugins/Interchange/Assets/Content/gltf/MaterialInstances/MI_Default_Opaque_DS.uexp" 677
"../../../Engine/Plugins/Interchange/Assets/Content/gltf/MaterialFunctions/MF_Sheen.uasset" 678
"../../../Engine/Plugins/Interchange/Assets/Content/gltf/MaterialFunctions/MF_Sheen.uexp" 679
"../../../Engine/Plugins/Interchange/Assets/Content/gltf/MaterialBodies/MF_Sheen_Body.uasset" 680
"../../../Engine/Plugins/Interchange/Assets/Content/gltf/MaterialBodies/MF_Sheen_Body.uexp" 681
"../../../Engine/Plugins/Interchange/Assets/Content/gltf/M_Sheen.uasset" 682
"../../../Engine/Plugins/Interchange/Assets/Content/gltf/M_Sheen.uexp" 683
"../../../Engine/Plugins/Interchange/Assets/Content/gltf/MaterialInstances/MI_Sheen_Blend.uasset" 684
"../../../Engine/Plugins/Interchange/Assets/Content/gltf/MaterialInstances/MI_Sheen_Blend.uexp" 685
"../../../Engine/Plugins/Interchange/Assets/Content/gltf/MaterialInstances/MI_Sheen_Blend_DS.uasset" 686
"../../../Engine/Plugins/Interchange/Assets/Content/gltf/MaterialInstances/MI_Sheen_Blend_DS.uexp" 687
"../../../Engine/Plugins/Interchange/Assets/Content/gltf/MaterialInstances/MI_Sheen_Mask.uasset" 688
"../../../Engine/Plugins/Interchange/Assets/Content/gltf/MaterialInstances/MI_Sheen_Mask.uexp" 689
"../../../Engine/Plugins/Interchange/Assets/Content/gltf/MaterialInstances/MI_Sheen_Mask_DS.uasset" 690
"../../../Engine/Plugins/Interchange/Assets/Content/gltf/MaterialInstances/MI_Sheen_Mask_DS.uexp" 691
"../../../Engine/Plugins/Interchange/Assets/Content/gltf/MaterialInstances/MI_Sheen_Opaque.uasset" 692
"../../../Engine/Plugins/Interchange/Assets/Content/gltf/MaterialInstances/MI_Sheen_Opaque.uexp" 693
"../../../Engine/Plugins/Interchange/Assets/Content/gltf/MaterialInstances/MI_Sheen_Opaque_DS.uasset" 694
"../../../Engine/Plugins/Interchange/Assets/Content/gltf/MaterialInstances/MI_Sheen_Opaque_DS.uexp" 695
"../../../Engine/Plugins/Interchange/Assets/Content/gltf/MaterialFunctions/MF_DiffuseSpecGloss.uasset" 696
"../../../Engine/Plugins/Interchange/Assets/Content/gltf/MaterialFunctions/MF_DiffuseSpecGloss.uexp" 697
"../../../Engine/Plugins/Interchange/Assets/Content/gltf/MaterialFunctions/MF_MaxComponentValue.uasset" 698
"../../../Engine/Plugins/Interchange/Assets/Content/gltf/MaterialFunctions/MF_MaxComponentValue.uexp" 699
"../../../Engine/Content/Functions/Engine_MaterialFunctions02/Math/AddComponents.uasset" 700
"../../../Engine/Content/Functions/Engine_MaterialFunctions02/Math/AddComponents.uexp" 701
"../../../Engine/Plugins/Interchange/Assets/Content/gltf/MaterialFunctions/MF_PerceivedBrightness.uasset" 702
"../../../Engine/Plugins/Interchange/Assets/Content/gltf/MaterialFunctions/MF_PerceivedBrightness.uexp" 703
"../../../Engine/Plugins/Interchange/Assets/Content/gltf/MaterialFunctions/MF_SpecGlossToMetalRoughness.uasset" 704
"../../../Engine/Plugins/Interchange/Assets/Content/gltf/MaterialFunctions/MF_SpecGlossToMetalRoughness.uexp" 705
"../../../Engine/Plugins/Interchange/Assets/Content/gltf/MaterialBodies/MF_SpecularGlossiness_Body.uasset" 706
"../../../Engine/Plugins/Interchange/Assets/Content/gltf/MaterialBodies/MF_SpecularGlossiness_Body.uexp" 707
"../../../Engine/Plugins/Interchange/Assets/Content/gltf/M_SpecularGlossiness.uasset" 708
"../../../Engine/Plugins/Interchange/Assets/Content/gltf/M_SpecularGlossiness.uexp" 709
"../../../Engine/Plugins/Interchange/Assets/Content/gltf/MaterialInstances/MI_SpecularGlossiness_Blend.uasset" 710
"../../../Engine/Plugins/Interchange/Assets/Content/gltf/MaterialInstances/MI_SpecularGlossiness_Blend.uexp" 711
"../../../Engine/Plugins/Interchange/Assets/Content/gltf/MaterialInstances/MI_SpecularGlossiness_Blend_DS.uasset" 712
"../../../Engine/Plugins/Interchange/Assets/Content/gltf/MaterialInstances/MI_SpecularGlossiness_Blend_DS.uexp" 713
"../../../Engine/Plugins/Interchange/Assets/Content/gltf/MaterialInstances/MI_SpecularGlossiness_Mask.uasset" 714
"../../../Engine/Plugins/Interchange/Assets/Content/gltf/MaterialInstances/MI_SpecularGlossiness_Mask.uexp" 715
"../../../Engine/Plugins/Interchange/Assets/Content/gltf/MaterialInstances/MI_SpecularGlossiness_Mask_DS.uasset" 716
"../../../Engine/Plugins/Interchange/Assets/Content/gltf/MaterialInstances/MI_SpecularGlossiness_Mask_DS.uexp" 717
"../../../Engine/Plugins/Interchange/Assets/Content/gltf/MaterialInstances/MI_SpecularGlossiness_Opaque.uasset" 718
"../../../Engine/Plugins/Interchange/Assets/Content/gltf/MaterialInstances/MI_SpecularGlossiness_Opaque.uexp" 719
"../../../Engine/Plugins/Interchange/Assets/Content/gltf/MaterialInstances/MI_SpecularGlossiness_Opaque_DS.uasset" 720
"../../../Engine/Plugins/Interchange/Assets/Content/gltf/MaterialInstances/MI_SpecularGlossiness_Opaque_DS.uexp" 721
"../../../Engine/Content/EngineMaterials/Good64x64TilingNoiseHighFreq.uasset" 722
"../../../Engine/Content/EngineMaterials/Good64x64TilingNoiseHighFreq.uexp" 723
"../../../Engine/Content/Functions/Engine_MaterialFunctions02/Texturing/ScreenAlignedPixelToPixelUVs.uasset" 724
"../../../Engine/Content/Functions/Engine_MaterialFunctions02/Texturing/ScreenAlignedPixelToPixelUVs.uexp" 725
"../../../Engine/Plugins/Interchange/Assets/Content/gltf/MaterialFunctions/MF_Fresnel_DS.uasset" 726
"../../../Engine/Plugins/Interchange/Assets/Content/gltf/MaterialFunctions/MF_Fresnel_DS.uexp" 727
"../../../Engine/Plugins/Interchange/Assets/Content/gltf/MaterialFunctions/MF_Temporal_Blur.uasset" 728
"../../../Engine/Plugins/Interchange/Assets/Content/gltf/MaterialFunctions/MF_Temporal_Blur.uexp" 729
"../../../Engine/Plugins/Interchange/Assets/Content/gltf/MaterialFunctions/MF_Transmission.uasset" 730
"../../../Engine/Plugins/Interchange/Assets/Content/gltf/MaterialFunctions/MF_Transmission.uexp" 731
"../../../Engine/Plugins/Interchange/Assets/Content/gltf/MaterialBodies/MF_Transmission_Body.uasset" 732
"../../../Engine/Plugins/Interchange/Assets/Content/gltf/MaterialBodies/MF_Transmission_Body.uexp" 733
"../../../Engine/Plugins/Interchange/Assets/Content/gltf/M_Transmission.uasset" 734
"../../../Engine/Plugins/Interchange/Assets/Content/gltf/M_Transmission.uexp" 735
"../../../Engine/Plugins/Interchange/Assets/Content/gltf/MaterialInstances/MI_Transmission.uasset" 736
"../../../Engine/Plugins/Interchange/Assets/Content/gltf/MaterialInstances/MI_Transmission.uexp" 737
"../../../Engine/Plugins/Interchange/Assets/Content/gltf/MaterialInstances/MI_Transmission_DS.uasset" 738
"../../../Engine/Plugins/Interchange/Assets/Content/gltf/MaterialInstances/MI_Transmission_DS.uexp" 739
"../../../Engine/Plugins/Interchange/Assets/Content/gltf/MaterialBodies/MF_Unlit_Body.uasset" 740
"../../../Engine/Plugins/Interchange/Assets/Content/gltf/MaterialBodies/MF_Unlit_Body.uexp" 741
"../../../Engine/Plugins/Interchange/Assets/Content/gltf/M_Unlit.uasset" 742
"../../../Engine/Plugins/Interchange/Assets/Content/gltf/M_Unlit.uexp" 743
"../../../Engine/Plugins/Interchange/Assets/Content/gltf/MaterialInstances/MI_Unlit_Blend.uasset" 744
"../../../Engine/Plugins/Interchange/Assets/Content/gltf/MaterialInstances/MI_Unlit_Blend.uexp" 745
"../../../Engine/Plugins/Interchange/Assets/Content/gltf/MaterialInstances/MI_Unlit_Blend_DS.uasset" 746
"../../../Engine/Plugins/Interchange/Assets/Content/gltf/MaterialInstances/MI_Unlit_Blend_DS.uexp" 747
"../../../Engine/Plugins/Interchange/Assets/Content/gltf/MaterialInstances/MI_Unlit_Mask.uasset" 748
"../../../Engine/Plugins/Interchange/Assets/Content/gltf/MaterialInstances/MI_Unlit_Mask.uexp" 749
"../../../Engine/Plugins/Interchange/Assets/Content/gltf/MaterialInstances/MI_Unlit_Mask_DS.uasset" 750
"../../../Engine/Plugins/Interchange/Assets/Content/gltf/MaterialInstances/MI_Unlit_Mask_DS.uexp" 751
"../../../Engine/Plugins/Interchange/Assets/Content/gltf/MaterialInstances/MI_Unlit_Opaque.uasset" 752
"../../../Engine/Plugins/Interchange/Assets/Content/gltf/MaterialInstances/MI_Unlit_Opaque.uexp" 753
"../../../Engine/Plugins/Interchange/Assets/Content/gltf/MaterialInstances/MI_Unlit_Opaque_DS.uasset" 754
"../../../Engine/Plugins/Interchange/Assets/Content/gltf/MaterialInstances/MI_Unlit_Opaque_DS.uexp" 755
"../../../Engine/Content/ArtTools/RenderToTexture/Meshes/S_1_Unit_Plane.ubulk" 756
"../../../Engine/Content/ArtTools/RenderToTexture/Meshes/S_1_Unit_Plane.uasset" 757
"../../../Engine/Content/ArtTools/RenderToTexture/Meshes/S_1_Unit_Plane.uexp" 758
"../../../Engine/Plugins/MovieScene/MovieRenderPipeline/Content/Blueprints/Graph/DefaultGraphBurnIn.uasset" 759
"../../../Engine/Plugins/MovieScene/MovieRenderPipeline/Content/Blueprints/Graph/DefaultGraphBurnIn.uexp" 760
"../../../Engine/Content/EngineMaterials/Substrate/GLints/AGlintTex2dArray.uasset" 761
"../../../Engine/Content/EngineMaterials/Substrate/GLints/AGlintTex2dArray.uexp" 762
"../../../Engine/Content/EngineMaterials/Substrate/Glints2/AGlintTex2dArray2.uasset" 763
"../../../Engine/Content/EngineMaterials/Substrate/Glints2/AGlintTex2dArray2.uexp" 764
"../../../Engine/Content/Functions/Engine_MaterialFunctions01/Shading/ConvertFromDiffSpec.uasset" 765
"../../../Engine/Content/Functions/Engine_MaterialFunctions01/Shading/ConvertFromDiffSpec.uexp" 766
"../../../Engine/Content/Functions/Engine_MaterialFunctions01/Shading/PowerToRoughness.uasset" 767
"../../../Engine/Content/Functions/Engine_MaterialFunctions01/Shading/PowerToRoughness.uexp" 768
"../../../Engine/Content/EngineMaterials/Substrate/Volume/SubstrateSimpleVolumeEnvLUT3D.uasset" 769
"../../../Engine/Content/EngineMaterials/Substrate/Volume/SubstrateSimpleVolumeEnvLUT3D.uexp" 770
"../../../Engine/Content/EngineMaterials/Substrate/Volume/SubstrateSimpleVolumeLUT3D.uasset" 771
"../../../Engine/Content/EngineMaterials/Substrate/Volume/SubstrateSimpleVolumeLUT3D.uexp" 772
"C:/Users/35695/Downloads/AdvancedGridInventorySyst 5.7/AdvancedGridInventorySyst 5.7/Content/INVENTORY/Data/Enumerations/EInteractionType.uasset" 773
"C:/Users/35695/Downloads/AdvancedGridInventorySyst 5.7/AdvancedGridInventorySyst 5.7/Content/INVENTORY/Data/Enumerations/EInteractionType.uexp" 774
"C:/Users/35695/Downloads/AdvancedGridInventorySyst 5.7/AdvancedGridInventorySyst 5.7/Content/INVENTORY/Interfaces/BPI_Interactable.uasset" 775
"C:/Users/35695/Downloads/AdvancedGridInventorySyst 5.7/AdvancedGridInventorySyst 5.7/Content/INVENTORY/Interfaces/BPI_Interactable.uexp" 776
"C:/Users/35695/Downloads/AdvancedGridInventorySyst 5.7/AdvancedGridInventorySyst 5.7/Content/INVENTORY/Data/Enumerations/EItemActions.uasset" 777
"C:/Users/35695/Downloads/AdvancedGridInventorySyst 5.7/AdvancedGridInventorySyst 5.7/Content/INVENTORY/Data/Enumerations/EItemActions.uexp" 778
"C:/Users/35695/Downloads/AdvancedGridInventorySyst 5.7/AdvancedGridInventorySyst 5.7/Content/INVENTORY/Data/Structures/MenuActions.uasset" 779
"C:/Users/35695/Downloads/AdvancedGridInventorySyst 5.7/AdvancedGridInventorySyst 5.7/Content/INVENTORY/Data/Structures/MenuActions.uexp" 780
"C:/Users/35695/Downloads/AdvancedGridInventorySyst 5.7/AdvancedGridInventorySyst 5.7/Content/INVENTORY/Data/Structures/SlotInfo.uasset" 781
"C:/Users/35695/Downloads/AdvancedGridInventorySyst 5.7/AdvancedGridInventorySyst 5.7/Content/INVENTORY/Data/Structures/SlotInfo.uexp" 782
"C:/Users/35695/Downloads/AdvancedGridInventorySyst 5.7/AdvancedGridInventorySyst 5.7/Content/INVENTORY/Data/Enumerations/ENestingRules.uasset" 783
"C:/Users/35695/Downloads/AdvancedGridInventorySyst 5.7/AdvancedGridInventorySyst 5.7/Content/INVENTORY/Data/Enumerations/ENestingRules.uexp" 784
"C:/Users/35695/Downloads/AdvancedGridInventorySyst 5.7/AdvancedGridInventorySyst 5.7/Content/INVENTORY/Data/Structures/ContainerInfo.uasset" 785
"C:/Users/35695/Downloads/AdvancedGridInventorySyst 5.7/AdvancedGridInventorySyst 5.7/Content/INVENTORY/Data/Structures/ContainerInfo.uexp" 786
"C:/Users/35695/Downloads/AdvancedGridInventorySyst 5.7/AdvancedGridInventorySyst 5.7/Content/INVENTORY/Data/DataAssets/ContainerGroupData/ContainerGroupData.uasset" 787
"C:/Users/35695/Downloads/AdvancedGridInventorySyst 5.7/AdvancedGridInventorySyst 5.7/Content/INVENTORY/Data/DataAssets/ContainerGroupData/ContainerGroupData.uexp" 788
"C:/Users/35695/Downloads/AdvancedGridInventorySyst 5.7/AdvancedGridInventorySyst 5.7/Content/INVENTORY/Data/Structures/AttachmentInfo.uasset" 789
"C:/Users/35695/Downloads/AdvancedGridInventorySyst 5.7/AdvancedGridInventorySyst 5.7/Content/INVENTORY/Data/Structures/AttachmentInfo.uexp" 790
"C:/Users/35695/Downloads/AdvancedGridInventorySyst 5.7/AdvancedGridInventorySyst 5.7/Content/INVENTORY/Data/DataAssets/AttachmentData/AttachmentData.uasset" 791
"C:/Users/35695/Downloads/AdvancedGridInventorySyst 5.7/AdvancedGridInventorySyst 5.7/Content/INVENTORY/Data/DataAssets/AttachmentData/AttachmentData.uexp" 792
"C:/Users/35695/Downloads/AdvancedGridInventorySyst 5.7/AdvancedGridInventorySyst 5.7/Content/INVENTORY/Data/Structures/InspectCameraInfo.uasset" 793
"C:/Users/35695/Downloads/AdvancedGridInventorySyst 5.7/AdvancedGridInventorySyst 5.7/Content/INVENTORY/Data/Structures/InspectCameraInfo.uexp" 794
"C:/Users/35695/Downloads/AdvancedGridInventorySyst 5.7/AdvancedGridInventorySyst 5.7/Content/INVENTORY/Data/Structures/CombinedTexturesInfo.uasset" 795
"C:/Users/35695/Downloads/AdvancedGridInventorySyst 5.7/AdvancedGridInventorySyst 5.7/Content/INVENTORY/Data/Structures/CombinedTexturesInfo.uexp" 796
"C:/Users/35695/Downloads/AdvancedGridInventorySyst 5.7/AdvancedGridInventorySyst 5.7/Content/INVENTORY/Data/Structures/TextureInfo.uasset" 797
"C:/Users/35695/Downloads/AdvancedGridInventorySyst 5.7/AdvancedGridInventorySyst 5.7/Content/INVENTORY/Data/Structures/TextureInfo.uexp" 798
"C:/Users/35695/Downloads/AdvancedGridInventorySyst 5.7/AdvancedGridInventorySyst 5.7/Content/INVENTORY/Data/Structures/DragSounds.uasset" 799
"C:/Users/35695/Downloads/AdvancedGridInventorySyst 5.7/AdvancedGridInventorySyst 5.7/Content/INVENTORY/Data/Structures/DragSounds.uexp" 800
"../../../Engine/Content/Functions/Engine_MaterialFunctions01/Gradient/LinearGradient.uasset" 801
"../../../Engine/Content/Functions/Engine_MaterialFunctions01/Gradient/LinearGradient.uexp" 802
"C:/Users/35695/Downloads/AdvancedGridInventorySyst 5.7/AdvancedGridInventorySyst 5.7/Content/INVENTORY/UI/MaterialResources/M_Background_Item.uasset" 803
"C:/Users/35695/Downloads/AdvancedGridInventorySyst 5.7/AdvancedGridInventorySyst 5.7/Content/INVENTORY/UI/MaterialResources/M_Background_Item.uexp" 804
"C:/Users/35695/Downloads/AdvancedGridInventorySyst 5.7/AdvancedGridInventorySyst 5.7/Content/INVENTORY/UI/MaterialResources/MI_Background_Common.uasset" 805
"C:/Users/35695/Downloads/AdvancedGridInventorySyst 5.7/AdvancedGridInventorySyst 5.7/Content/INVENTORY/UI/MaterialResources/MI_Background_Common.uexp" 806
"C:/Users/35695/Downloads/AdvancedGridInventorySyst 5.7/AdvancedGridInventorySyst 5.7/Content/INVENTORY/Data/Structures/ItemDefaults.uasset" 807
"C:/Users/35695/Downloads/AdvancedGridInventorySyst 5.7/AdvancedGridInventorySyst 5.7/Content/INVENTORY/Data/Structures/ItemDefaults.uexp" 808
"C:/Users/35695/Downloads/AdvancedGridInventorySyst 5.7/AdvancedGridInventorySyst 5.7/Content/INVENTORY/Items/ItemObjects/ItemObject_ConsumableBASE.uasset" 809
"C:/Users/35695/Downloads/AdvancedGridInventorySyst 5.7/AdvancedGridInventorySyst 5.7/Content/INVENTORY/Items/ItemObjects/ItemObject_ConsumableBASE.uexp" 810
"C:/Users/35695/Downloads/AdvancedGridInventorySyst 5.7/AdvancedGridInventorySyst 5.7/Content/INVENTORY/Interfaces/BPI_WeaponAGIS.uasset" 811
"C:/Users/35695/Downloads/AdvancedGridInventorySyst 5.7/AdvancedGridInventorySyst 5.7/Content/INVENTORY/Interfaces/BPI_WeaponAGIS.uexp" 812
"C:/Users/35695/Downloads/AdvancedGridInventorySyst 5.7/AdvancedGridInventorySyst 5.7/Content/INVENTORY/Items/Attachments/BP_Item_MagazineBase.uasset" 813
"C:/Users/35695/Downloads/AdvancedGridInventorySyst 5.7/AdvancedGridInventorySyst 5.7/Content/INVENTORY/Items/Attachments/BP_Item_MagazineBase.uexp" 814
"C:/Users/35695/Downloads/AdvancedGridInventorySyst 5.7/AdvancedGridInventorySyst 5.7/Content/INVENTORY/Items/ItemObjects/BPI_MergeableItemObject.uasset" 815
"C:/Users/35695/Downloads/AdvancedGridInventorySyst 5.7/AdvancedGridInventorySyst 5.7/Content/INVENTORY/Items/ItemObjects/BPI_MergeableItemObject.uexp" 816
"C:/Users/35695/Downloads/AdvancedGridInventorySyst 5.7/AdvancedGridInventorySyst 5.7/Content/INVENTORY/Items/ItemObjects/ItemObject_Magazine.uasset" 817
"C:/Users/35695/Downloads/AdvancedGridInventorySyst 5.7/AdvancedGridInventorySyst 5.7/Content/INVENTORY/Items/ItemObjects/ItemObject_Magazine.uexp" 818
"C:/Users/35695/Downloads/AdvancedGridInventorySyst 5.7/AdvancedGridInventorySyst 5.7/Content/INVENTORY/UI/MaterialResources/MI_Background_Black.uasset" 819
"C:/Users/35695/Downloads/AdvancedGridInventorySyst 5.7/AdvancedGridInventorySyst 5.7/Content/INVENTORY/UI/MaterialResources/MI_Background_Black.uexp" 820
"C:/Users/35695/Downloads/AdvancedGridInventorySyst 5.7/AdvancedGridInventorySyst 5.7/Content/INVENTORY/UI/MaterialResources/MI_Background_Blue.uasset" 821
"C:/Users/35695/Downloads/AdvancedGridInventorySyst 5.7/AdvancedGridInventorySyst 5.7/Content/INVENTORY/UI/MaterialResources/MI_Background_Blue.uexp" 822
"C:/Users/35695/Downloads/AdvancedGridInventorySyst 5.7/AdvancedGridInventorySyst 5.7/Content/INVENTORY/UI/MaterialResources/MI_Background_Red.uasset" 823
"C:/Users/35695/Downloads/AdvancedGridInventorySyst 5.7/AdvancedGridInventorySyst 5.7/Content/INVENTORY/UI/MaterialResources/MI_Background_Red.uexp" 824
"C:/Users/35695/Downloads/AdvancedGridInventorySyst 5.7/AdvancedGridInventorySyst 5.7/Content/INVENTORY/UI/MaterialResources/MI_Background_Yellow.uasset" 825
"C:/Users/35695/Downloads/AdvancedGridInventorySyst 5.7/AdvancedGridInventorySyst 5.7/Content/INVENTORY/UI/MaterialResources/MI_Background_Yellow.uexp" 826
"C:/Users/35695/Downloads/AdvancedGridInventorySyst 5.7/AdvancedGridInventorySyst 5.7/Content/INVENTORY/Data/DataAssets/AttachmentData/AttachmentData_AdvancedRifle.uasset" 827
"C:/Users/35695/Downloads/AdvancedGridInventorySyst 5.7/AdvancedGridInventorySyst 5.7/Content/INVENTORY/Data/DataAssets/AttachmentData/AttachmentData_AdvancedRifle.uexp" 828
"C:/Users/35695/Downloads/AdvancedGridInventorySyst 5.7/AdvancedGridInventorySyst 5.7/Content/INVENTORY/Data/DataAssets/AttachmentData/AttachmentData_Flashlight.uasset" 829
"C:/Users/35695/Downloads/AdvancedGridInventorySyst 5.7/AdvancedGridInventorySyst 5.7/Content/INVENTORY/Data/DataAssets/AttachmentData/AttachmentData_Flashlight.uexp" 830
"C:/Users/35695/Downloads/AdvancedGridInventorySyst 5.7/AdvancedGridInventorySyst 5.7/Content/INVENTORY/Data/DataAssets/ContainerGroupData/BackpackBIG_ContainersData.uasset" 831
"C:/Users/35695/Downloads/AdvancedGridInventorySyst 5.7/AdvancedGridInventorySyst 5.7/Content/INVENTORY/Data/DataAssets/ContainerGroupData/BackpackBIG_ContainersData.uexp" 832
"C:/Users/35695/Downloads/AdvancedGridInventorySyst 5.7/AdvancedGridInventorySyst 5.7/Content/INVENTORY/Data/DataAssets/ContainerGroupData/BackpackSMALL_ContainersData.uasset" 833
"C:/Users/35695/Downloads/AdvancedGridInventorySyst 5.7/AdvancedGridInventorySyst 5.7/Content/INVENTORY/Data/DataAssets/ContainerGroupData/BackpackSMALL_ContainersData.uexp" 834
"C:/Users/35695/Downloads/AdvancedGridInventorySyst 5.7/AdvancedGridInventorySyst 5.7/Content/INVENTORY/Data/DataAssets/ContainerGroupData/Vest_2_ContainersData.uasset" 835
"C:/Users/35695/Downloads/AdvancedGridInventorySyst 5.7/AdvancedGridInventorySyst 5.7/Content/INVENTORY/Data/DataAssets/ContainerGroupData/Vest_2_ContainersData.uexp" 836
"C:/Users/35695/Downloads/AdvancedGridInventorySyst 5.7/AdvancedGridInventorySyst 5.7/Content/INVENTORY/Items/ItemObjects/CookableObjects/ItemObject_CookableBASE.uasset" 837
"C:/Users/35695/Downloads/AdvancedGridInventorySyst 5.7/AdvancedGridInventorySyst 5.7/Content/INVENTORY/Items/ItemObjects/CookableObjects/ItemObject_CookableBASE.uexp" 838
"C:/Users/35695/Downloads/AdvancedGridInventorySyst 5.7/AdvancedGridInventorySyst 5.7/Content/INVENTORY/DT_Items.uasset" 839
"C:/Users/35695/Downloads/AdvancedGridInventorySyst 5.7/AdvancedGridInventorySyst 5.7/Content/INVENTORY/DT_Items.uexp" 840
"C:/Users/35695/Downloads/AdvancedGridInventorySyst 5.7/AdvancedGridInventorySyst 5.7/Content/INVENTORY/Core/ML_AGISDefaults.uasset" 841
"C:/Users/35695/Downloads/AdvancedGridInventorySyst 5.7/AdvancedGridInventorySyst 5.7/Content/INVENTORY/Core/ML_AGISDefaults.uexp" 842
"C:/Users/35695/Downloads/AdvancedGridInventorySyst 5.7/AdvancedGridInventorySyst 5.7/Content/INVENTORY/Data/Structures/SlotAddress.uasset" 843
"C:/Users/35695/Downloads/AdvancedGridInventorySyst 5.7/AdvancedGridInventorySyst 5.7/Content/INVENTORY/Data/Structures/SlotAddress.uexp" 844
"C:/Users/35695/Downloads/AdvancedGridInventorySyst 5.7/AdvancedGridInventorySyst 5.7/Content/INVENTORY/Data/Enumerations/ESlotAppearance.uasset" 845
"C:/Users/35695/Downloads/AdvancedGridInventorySyst 5.7/AdvancedGridInventorySyst 5.7/Content/INVENTORY/Data/Enumerations/ESlotAppearance.uexp" 846
"../../../Engine/Content/EngineFonts/Faces/RobotoTiny.uexp" 847
"../../../Engine/Content/EngineFonts/Faces/RobotoTiny.uasset" 848
"../../../Engine/Content/EngineFonts/Faces/RobotoTiny.ufont" 849
"../../../Engine/Content/EngineFonts/RobotoTiny.uasset" 850
"../../../Engine/Content/EngineFonts/RobotoTiny.uexp" 851
"C:/Users/35695/Downloads/AdvancedGridInventorySyst 5.7/AdvancedGridInventorySyst 5.7/Content/INVENTORY/Data/Enumerations/EPrintType.uasset" 852
"C:/Users/35695/Downloads/AdvancedGridInventorySyst 5.7/AdvancedGridInventorySyst 5.7/Content/INVENTORY/Data/Enumerations/EPrintType.uexp" 853
"C:/Users/35695/Downloads/AdvancedGridInventorySyst 5.7/AdvancedGridInventorySyst 5.7/Content/INVENTORY/Data/Structures/DebugPrint.uasset" 854
"C:/Users/35695/Downloads/AdvancedGridInventorySyst 5.7/AdvancedGridInventorySyst 5.7/Content/INVENTORY/Data/Structures/DebugPrint.uexp" 855
"C:/Users/35695/Downloads/AdvancedGridInventorySyst 5.7/AdvancedGridInventorySyst 5.7/Content/INVENTORY/UI/Widgets/Other/WidgetTextures/T_EquipSlotBackground.ubulk" 856
"C:/Users/35695/Downloads/AdvancedGridInventorySyst 5.7/AdvancedGridInventorySyst 5.7/Content/INVENTORY/UI/Widgets/Other/WidgetTextures/T_EquipSlotBackground.uasset" 857
"C:/Users/35695/Downloads/AdvancedGridInventorySyst 5.7/AdvancedGridInventorySyst 5.7/Content/INVENTORY/UI/Widgets/Other/WidgetTextures/T_EquipSlotBackground.uexp" 858
"C:/Users/35695/Downloads/AdvancedGridInventorySyst 5.7/AdvancedGridInventorySyst 5.7/Content/INVENTORY/Data/Structures/EquipSlot_TextureSettings.uasset" 859
"C:/Users/35695/Downloads/AdvancedGridInventorySyst 5.7/AdvancedGridInventorySyst 5.7/Content/INVENTORY/Data/Structures/EquipSlot_TextureSettings.uexp" 860
"C:/Users/35695/Downloads/AdvancedGridInventorySyst 5.7/AdvancedGridInventorySyst 5.7/Content/INVENTORY/Data/Structures/EquipSlot_KeySettings.uasset" 861
"C:/Users/35695/Downloads/AdvancedGridInventorySyst 5.7/AdvancedGridInventorySyst 5.7/Content/INVENTORY/Data/Structures/EquipSlot_KeySettings.uexp" 862
"C:/Users/35695/Downloads/AdvancedGridInventorySyst 5.7/AdvancedGridInventorySyst 5.7/Content/INVENTORY/Data/Enumerations/ETwoDirections.uasset" 863
"C:/Users/35695/Downloads/AdvancedGridInventorySyst 5.7/AdvancedGridInventorySyst 5.7/Content/INVENTORY/Data/Enumerations/ETwoDirections.uexp" 864
"C:/Users/35695/Downloads/AdvancedGridInventorySyst 5.7/AdvancedGridInventorySyst 5.7/Content/INVENTORY/Data/Structures/EquipSlot_OwnContainersSettings.uasset" 865
"C:/Users/35695/Downloads/AdvancedGridInventorySyst 5.7/AdvancedGridInventorySyst 5.7/Content/INVENTORY/Data/Structures/EquipSlot_OwnContainersSettings.uexp" 866
"C:/Users/35695/Downloads/AdvancedGridInventorySyst 5.7/AdvancedGridInventorySyst 5.7/Content/INVENTORY/Data/Structures/EquipSlot_TitleSettings.uasset" 867
"C:/Users/35695/Downloads/AdvancedGridInventorySyst 5.7/AdvancedGridInventorySyst 5.7/Content/INVENTORY/Data/Structures/EquipSlot_TitleSettings.uexp" 868
"C:/Users/35695/Downloads/AdvancedGridInventorySyst 5.7/AdvancedGridInventorySyst 5.7/Content/INVENTORY/UI/Widgets/Other/WB_SlotTitle.uasset" 869
"C:/Users/35695/Downloads/AdvancedGridInventorySyst 5.7/AdvancedGridInventorySyst 5.7/Content/INVENTORY/UI/Widgets/Other/WB_SlotTitle.uexp" 870
"C:/Users/35695/Downloads/AdvancedGridInventorySyst 5.7/AdvancedGridInventorySyst 5.7/Content/INVENTORY/UI/Widgets/WB_EquipSlot.uasset" 871
"C:/Users/35695/Downloads/AdvancedGridInventorySyst 5.7/AdvancedGridInventorySyst 5.7/Content/INVENTORY/UI/Widgets/WB_EquipSlot.uexp" 872
"C:/Users/35695/Downloads/AdvancedGridInventorySyst 5.7/AdvancedGridInventorySyst 5.7/Content/INVENTORY/Data/Structures/FindResult.uasset" 873
"C:/Users/35695/Downloads/AdvancedGridInventorySyst 5.7/AdvancedGridInventorySyst 5.7/Content/INVENTORY/Data/Structures/FindResult.uexp" 874
"C:/Users/35695/Downloads/AdvancedGridInventorySyst 5.7/AdvancedGridInventorySyst 5.7/Content/INVENTORY/Data/DataAssets/InventoryData/InventoryData.uasset" 875
"C:/Users/35695/Downloads/AdvancedGridInventorySyst 5.7/AdvancedGridInventorySyst 5.7/Content/INVENTORY/Data/DataAssets/InventoryData/InventoryData.uexp" 876
"C:/Users/35695/Downloads/AdvancedGridInventorySyst 5.7/AdvancedGridInventorySyst 5.7/Content/INVENTORY/Data/Structures/ClientWidgetData.uasset" 877
"C:/Users/35695/Downloads/AdvancedGridInventorySyst 5.7/AdvancedGridInventorySyst 5.7/Content/INVENTORY/Data/Structures/ClientWidgetData.uexp" 878
"C:/Users/35695/Downloads/AdvancedGridInventorySyst 5.7/AdvancedGridInventorySyst 5.7/Content/INVENTORY/UI/Widgets/MovableWindows/WB_TitleBar_Window.uasset" 879
"C:/Users/35695/Downloads/AdvancedGridInventorySyst 5.7/AdvancedGridInventorySyst 5.7/Content/INVENTORY/UI/Widgets/MovableWindows/WB_TitleBar_Window.uexp" 880
"C:/Users/35695/Downloads/AdvancedGridInventorySyst 5.7/AdvancedGridInventorySyst 5.7/Content/INVENTORY/UI/Widgets/MovableWindows/BaseWindow/_WB_Window_Base.uasset" 881
"C:/Users/35695/Downloads/AdvancedGridInventorySyst 5.7/AdvancedGridInventorySyst 5.7/Content/INVENTORY/UI/Widgets/MovableWindows/BaseWindow/_WB_Window_Base.uexp" 882
"C:/Users/35695/Downloads/AdvancedGridInventorySyst 5.7/AdvancedGridInventorySyst 5.7/Content/INVENTORY/Core/ML_AGIS_UMG.uasset" 883
"C:/Users/35695/Downloads/AdvancedGridInventorySyst 5.7/AdvancedGridInventorySyst 5.7/Content/INVENTORY/Core/ML_AGIS_UMG.uexp" 884
"C:/Users/35695/Downloads/AdvancedGridInventorySyst 5.7/AdvancedGridInventorySyst 5.7/Content/INVENTORY/Other/InspectCapture/RT_InspectRenderer.uasset" 885
"C:/Users/35695/Downloads/AdvancedGridInventorySyst 5.7/AdvancedGridInventorySyst 5.7/Content/INVENTORY/Other/InspectCapture/RT_InspectRenderer.uexp" 886
"C:/Users/35695/Downloads/AdvancedGridInventorySyst 5.7/AdvancedGridInventorySyst 5.7/Content/INVENTORY/Other/InspectCapture/BP_InspectRenderer.uasset" 887
"C:/Users/35695/Downloads/AdvancedGridInventorySyst 5.7/AdvancedGridInventorySyst 5.7/Content/INVENTORY/Other/InspectCapture/BP_InspectRenderer.uexp" 888
"C:/Users/35695/Downloads/AdvancedGridInventorySyst 5.7/AdvancedGridInventorySyst 5.7/Content/INVENTORY/Other/Fonts/American_Captain.uexp" 889
"C:/Users/35695/Downloads/AdvancedGridInventorySyst 5.7/AdvancedGridInventorySyst 5.7/Content/INVENTORY/Other/Fonts/American_Captain.uasset" 890
"C:/Users/35695/Downloads/AdvancedGridInventorySyst 5.7/AdvancedGridInventorySyst 5.7/Content/INVENTORY/Other/Fonts/American_Captain.ufont" 891
"C:/Users/35695/Downloads/AdvancedGridInventorySyst 5.7/AdvancedGridInventorySyst 5.7/Content/INVENTORY/Other/Fonts/American_Captain_Font.uasset" 892
"C:/Users/35695/Downloads/AdvancedGridInventorySyst 5.7/AdvancedGridInventorySyst 5.7/Content/INVENTORY/Other/Fonts/American_Captain_Font.uexp" 893
"C:/Users/35695/Downloads/AdvancedGridInventorySyst 5.7/AdvancedGridInventorySyst 5.7/Content/INVENTORY/Other/InspectCapture/M_Inspect.uasset" 894
"C:/Users/35695/Downloads/AdvancedGridInventorySyst 5.7/AdvancedGridInventorySyst 5.7/Content/INVENTORY/Other/InspectCapture/M_Inspect.uexp" 895
"../../../Engine/Content/EngineMaterials/BlendFunc_DefBase.uasset" 896
"../../../Engine/Content/EngineMaterials/BlendFunc_DefBase.uexp" 897
"../../../Engine/Content/EngineMaterials/BlendFunc_DefBlend.uasset" 898
"../../../Engine/Content/EngineMaterials/BlendFunc_DefBlend.uexp" 899
"../../../Engine/Content/Functions/Engine_MaterialFunctions03/Blends/Blend_Screen.uasset" 900
"../../../Engine/Content/Functions/Engine_MaterialFunctions03/Blends/Blend_Screen.uexp" 901
"../../../Engine/Content/Functions/Engine_MaterialFunctions01/Density/ExponentialDensity.uasset" 902
"../../../Engine/Content/Functions/Engine_MaterialFunctions01/Density/ExponentialDensity.uexp" 903
"../../../Engine/Content/Functions/Engine_MaterialFunctions01/Gradient/RadialGradientExponential.uasset" 904
"../../../Engine/Content/Functions/Engine_MaterialFunctions01/Gradient/RadialGradientExponential.uexp" 905
"C:/Users/35695/Downloads/AdvancedGridInventorySyst 5.7/AdvancedGridInventorySyst 5.7/Content/INVENTORY/UI/MaterialResources/M_BackgroundSolid.uasset" 906
"C:/Users/35695/Downloads/AdvancedGridInventorySyst 5.7/AdvancedGridInventorySyst 5.7/Content/INVENTORY/UI/MaterialResources/M_BackgroundSolid.uexp" 907
"C:/Users/35695/Downloads/AdvancedGridInventorySyst 5.7/AdvancedGridInventorySyst 5.7/Content/INVENTORY/UI/MaterialResources/MI_InspectBackground.uasset" 908
"C:/Users/35695/Downloads/AdvancedGridInventorySyst 5.7/AdvancedGridInventorySyst 5.7/Content/INVENTORY/UI/MaterialResources/MI_InspectBackground.uexp" 909
"C:/Users/35695/Downloads/AdvancedGridInventorySyst 5.7/AdvancedGridInventorySyst 5.7/Content/INVENTORY/UI/Widgets/MovableWindows/ItemInspect/WB_ItemInspectBorder.uasset" 910
"C:/Users/35695/Downloads/AdvancedGridInventorySyst 5.7/AdvancedGridInventorySyst 5.7/Content/INVENTORY/UI/Widgets/MovableWindows/ItemInspect/WB_ItemInspectBorder.uexp" 911
"C:/Users/35695/Downloads/AdvancedGridInventorySyst 5.7/AdvancedGridInventorySyst 5.7/Content/INVENTORY/UI/Widgets/MovableWindows/ItemInspect/WB_Window_ItemInspect.uasset" 912
"C:/Users/35695/Downloads/AdvancedGridInventorySyst 5.7/AdvancedGridInventorySyst 5.7/Content/INVENTORY/UI/Widgets/MovableWindows/ItemInspect/WB_Window_ItemInspect.uexp" 913
"C:/Users/35695/Downloads/AdvancedGridInventorySyst 5.7/AdvancedGridInventorySyst 5.7/Content/INVENTORY/Interfaces/BPI_SlotWidgets.uasset" 914
"C:/Users/35695/Downloads/AdvancedGridInventorySyst 5.7/AdvancedGridInventorySyst 5.7/Content/INVENTORY/Interfaces/BPI_SlotWidgets.uexp" 915
"C:/Users/35695/Downloads/AdvancedGridInventorySyst 5.7/AdvancedGridInventorySyst 5.7/Content/INVENTORY/UI/Widgets/LootWidgets/_WB_LootWidgetBASE.uasset" 916
"C:/Users/35695/Downloads/AdvancedGridInventorySyst 5.7/AdvancedGridInventorySyst 5.7/Content/INVENTORY/UI/Widgets/LootWidgets/_WB_LootWidgetBASE.uexp" 917
"C:/Users/35695/Downloads/AdvancedGridInventorySyst 5.7/AdvancedGridInventorySyst 5.7/Content/INVENTORY/Other/Sounds/Other/InventoryToggleSound.ubulk" 918
"C:/Users/35695/Downloads/AdvancedGridInventorySyst 5.7/AdvancedGridInventorySyst 5.7/Content/INVENTORY/Other/Sounds/Other/InventoryToggleSound.uasset" 919
"C:/Users/35695/Downloads/AdvancedGridInventorySyst 5.7/AdvancedGridInventorySyst 5.7/Content/INVENTORY/Other/Sounds/Other/InventoryToggleSound.uexp" 920
"C:/Users/35695/Downloads/AdvancedGridInventorySyst 5.7/AdvancedGridInventorySyst 5.7/Content/INVENTORY/Other/Inputs/Actions/IA_RotateItemAGIS.uasset" 921
"C:/Users/35695/Downloads/AdvancedGridInventorySyst 5.7/AdvancedGridInventorySyst 5.7/Content/INVENTORY/Other/Inputs/Actions/IA_RotateItemAGIS.uexp" 922
"C:/Users/35695/Downloads/AdvancedGridInventorySyst 5.7/AdvancedGridInventorySyst 5.7/Content/INVENTORY/Other/Inputs/Actions/IA_ToggleInventory.uasset" 923
"C:/Users/35695/Downloads/AdvancedGridInventorySyst 5.7/AdvancedGridInventorySyst 5.7/Content/INVENTORY/Other/Inputs/Actions/IA_ToggleInventory.uexp" 924
"C:/Users/35695/Downloads/AdvancedGridInventorySyst 5.7/AdvancedGridInventorySyst 5.7/Content/INVENTORY/Other/Inputs/Actions/IA_UnarmedAGIS.uasset" 925
"C:/Users/35695/Downloads/AdvancedGridInventorySyst 5.7/AdvancedGridInventorySyst 5.7/Content/INVENTORY/Other/Inputs/Actions/IA_UnarmedAGIS.uexp" 926
"C:/Users/35695/Downloads/AdvancedGridInventorySyst 5.7/AdvancedGridInventorySyst 5.7/Content/INVENTORY/Other/Inputs/IMC_AGIS_InventoryTab.uasset" 927
"C:/Users/35695/Downloads/AdvancedGridInventorySyst 5.7/AdvancedGridInventorySyst 5.7/Content/INVENTORY/Other/Inputs/IMC_AGIS_InventoryTab.uexp" 928
"C:/Users/35695/Downloads/AdvancedGridInventorySyst 5.7/AdvancedGridInventorySyst 5.7/Content/INVENTORY/UI/Widgets/Other/WidgetTextures/Materials/M_UmgOutline.uasset" 929
"C:/Users/35695/Downloads/AdvancedGridInventorySyst 5.7/AdvancedGridInventorySyst 5.7/Content/INVENTORY/UI/Widgets/Other/WidgetTextures/Materials/M_UmgOutline.uexp" 930
"C:/Users/35695/Downloads/AdvancedGridInventorySyst 5.7/AdvancedGridInventorySyst 5.7/Content/INVENTORY/UI/Widgets/MovableWindows/ItemInventory/WB_Window_ItemInventory.uasset" 931
"C:/Users/35695/Downloads/AdvancedGridInventorySyst 5.7/AdvancedGridInventorySyst 5.7/Content/INVENTORY/UI/Widgets/MovableWindows/ItemInventory/WB_Window_ItemInventory.uexp" 932
"C:/Users/35695/Downloads/AdvancedGridInventorySyst 5.7/AdvancedGridInventorySyst 5.7/Content/INVENTORY/UI/Widgets/Other/WB_ItemInfo.uasset" 933
"C:/Users/35695/Downloads/AdvancedGridInventorySyst 5.7/AdvancedGridInventorySyst 5.7/Content/INVENTORY/UI/Widgets/Other/WB_ItemInfo.uexp" 934
"C:/Users/35695/Downloads/AdvancedGridInventorySyst 5.7/AdvancedGridInventorySyst 5.7/Content/INVENTORY/UI/Widgets/InventoryMenu/WB_InventoryPart1.uasset" 935
"C:/Users/35695/Downloads/AdvancedGridInventorySyst 5.7/AdvancedGridInventorySyst 5.7/Content/INVENTORY/UI/Widgets/InventoryMenu/WB_InventoryPart1.uexp" 936
"C:/Users/35695/Downloads/AdvancedGridInventorySyst 5.7/AdvancedGridInventorySyst 5.7/Content/INVENTORY/UI/Widgets/InventoryMenu/WB_InventoryPart2.uasset" 937
"C:/Users/35695/Downloads/AdvancedGridInventorySyst 5.7/AdvancedGridInventorySyst 5.7/Content/INVENTORY/UI/Widgets/InventoryMenu/WB_InventoryPart2.uexp" 938
"../../../Engine/Content/EngineResources/AICON-Green.uasset" 939
"../../../Engine/Content/EngineResources/AICON-Green.uexp" 940
"C:/Users/35695/Downloads/AdvancedGridInventorySyst 5.7/AdvancedGridInventorySyst 5.7/Content/INVENTORY/UI/Widgets/Other/WB_ActionScreen.uasset" 941
"C:/Users/35695/Downloads/AdvancedGridInventorySyst 5.7/AdvancedGridInventorySyst 5.7/Content/INVENTORY/UI/Widgets/Other/WB_ActionScreen.uexp" 942
"C:/Users/35695/Downloads/AdvancedGridInventorySyst 5.7/AdvancedGridInventorySyst 5.7/Content/INVENTORY/Other/Fonts/Junter-0vWjo.uexp" 943
"C:/Users/35695/Downloads/AdvancedGridInventorySyst 5.7/AdvancedGridInventorySyst 5.7/Content/INVENTORY/Other/Fonts/Junter-0vWjo.uasset" 944
"C:/Users/35695/Downloads/AdvancedGridInventorySyst 5.7/AdvancedGridInventorySyst 5.7/Content/INVENTORY/Other/Fonts/Junter-0vWjo.ufont" 945
"C:/Users/35695/Downloads/AdvancedGridInventorySyst 5.7/AdvancedGridInventorySyst 5.7/Content/INVENTORY/Other/Fonts/Junter-0vWjo_Font.uasset" 946
"C:/Users/35695/Downloads/AdvancedGridInventorySyst 5.7/AdvancedGridInventorySyst 5.7/Content/INVENTORY/Other/Fonts/Junter-0vWjo_Font.uexp" 947
"C:/Users/35695/Downloads/AdvancedGridInventorySyst 5.7/AdvancedGridInventorySyst 5.7/Content/INVENTORY/UI/Widgets/ItemActionsMenu/WB_GeneralButton.uasset" 948
"C:/Users/35695/Downloads/AdvancedGridInventorySyst 5.7/AdvancedGridInventorySyst 5.7/Content/INVENTORY/UI/Widgets/ItemActionsMenu/WB_GeneralButton.uexp" 949
"C:/Users/35695/Downloads/AdvancedGridInventorySyst 5.7/AdvancedGridInventorySyst 5.7/Content/INVENTORY/UI/Widgets/ItemActionsMenu/WB_ItemMenu.uasset" 950
"C:/Users/35695/Downloads/AdvancedGridInventorySyst 5.7/AdvancedGridInventorySyst 5.7/Content/INVENTORY/UI/Widgets/ItemActionsMenu/WB_ItemMenu.uexp" 951
"C:/Users/35695/Downloads/AdvancedGridInventorySyst 5.7/AdvancedGridInventorySyst 5.7/Content/INVENTORY/UI/Widgets/Other/WB_InventoryBackground.uasset" 952
"C:/Users/35695/Downloads/AdvancedGridInventorySyst 5.7/AdvancedGridInventorySyst 5.7/Content/INVENTORY/UI/Widgets/Other/WB_InventoryBackground.uexp" 953
"C:/Users/35695/Downloads/AdvancedGridInventorySyst 5.7/AdvancedGridInventorySyst 5.7/Content/INVENTORY/UI/Widgets/InventoryMenu/WB_InventoryScreen.uasset" 954
"C:/Users/35695/Downloads/AdvancedGridInventorySyst 5.7/AdvancedGridInventorySyst 5.7/Content/INVENTORY/UI/Widgets/InventoryMenu/WB_InventoryScreen.uexp" 955
"C:/Users/35695/Downloads/AdvancedGridInventorySyst 5.7/AdvancedGridInventorySyst 5.7/Content/INVENTORY/Data/Structures/SlotAppearance.uasset" 956
"C:/Users/35695/Downloads/AdvancedGridInventorySyst 5.7/AdvancedGridInventorySyst 5.7/Content/INVENTORY/Data/Structures/SlotAppearance.uexp" 957
"C:/Users/35695/Downloads/AdvancedGridInventorySyst 5.7/AdvancedGridInventorySyst 5.7/Content/INVENTORY/Items/ItemTextures/T_Backpack_Adventurer.ubulk" 958
"C:/Users/35695/Downloads/AdvancedGridInventorySyst 5.7/AdvancedGridInventorySyst 5.7/Content/INVENTORY/Items/ItemTextures/T_Backpack_Adventurer.uasset" 959
"C:/Users/35695/Downloads/AdvancedGridInventorySyst 5.7/AdvancedGridInventorySyst 5.7/Content/INVENTORY/Items/ItemTextures/T_Backpack_Adventurer.uexp" 960
"C:/Users/35695/Downloads/AdvancedGridInventorySyst 5.7/AdvancedGridInventorySyst 5.7/Content/INVENTORY/UI/Widgets/WB_Item.uasset" 961
"C:/Users/35695/Downloads/AdvancedGridInventorySyst 5.7/AdvancedGridInventorySyst 5.7/Content/INVENTORY/UI/Widgets/WB_Item.uexp" 962
"C:/Users/35695/Downloads/AdvancedGridInventorySyst 5.7/AdvancedGridInventorySyst 5.7/Content/INVENTORY/UI/Widgets/WB_InventorySlot.uasset" 963
"C:/Users/35695/Downloads/AdvancedGridInventorySyst 5.7/AdvancedGridInventorySyst 5.7/Content/INVENTORY/UI/Widgets/WB_InventorySlot.uexp" 964
"C:/Users/35695/Downloads/AdvancedGridInventorySyst 5.7/AdvancedGridInventorySyst 5.7/Content/INVENTORY/Core/DD_Item.uasset" 965
"C:/Users/35695/Downloads/AdvancedGridInventorySyst 5.7/AdvancedGridInventorySyst 5.7/Content/INVENTORY/Core/DD_Item.uexp" 966
"C:/Users/35695/Downloads/AdvancedGridInventorySyst 5.7/AdvancedGridInventorySyst 5.7/Content/INVENTORY/Data/Structures/ContainerAppearance.uasset" 967
"C:/Users/35695/Downloads/AdvancedGridInventorySyst 5.7/AdvancedGridInventorySyst 5.7/Content/INVENTORY/Data/Structures/ContainerAppearance.uexp" 968
"C:/Users/35695/Downloads/AdvancedGridInventorySyst 5.7/AdvancedGridInventorySyst 5.7/Content/INVENTORY/UI/Widgets/WB_Container.uasset" 969
"C:/Users/35695/Downloads/AdvancedGridInventorySyst 5.7/AdvancedGridInventorySyst 5.7/Content/INVENTORY/UI/Widgets/WB_Container.uexp" 970
"C:/Users/35695/Downloads/AdvancedGridInventorySyst 5.7/AdvancedGridInventorySyst 5.7/Content/INVENTORY/Interfaces/BPI_GameInstance_AGIS.uasset" 971
"C:/Users/35695/Downloads/AdvancedGridInventorySyst 5.7/AdvancedGridInventorySyst 5.7/Content/INVENTORY/Interfaces/BPI_GameInstance_AGIS.uexp" 972
"C:/Users/35695/Downloads/AdvancedGridInventorySyst 5.7/AdvancedGridInventorySyst 5.7/Content/INVENTORY/Core/FL_AGIS.uasset" 973
"C:/Users/35695/Downloads/AdvancedGridInventorySyst 5.7/AdvancedGridInventorySyst 5.7/Content/INVENTORY/Core/FL_AGIS.uexp" 974
"C:/Users/35695/Downloads/AdvancedGridInventorySyst 5.7/AdvancedGridInventorySyst 5.7/Content/INVENTORY/Core/BP_AttachmentHandler.uasset" 975
"C:/Users/35695/Downloads/AdvancedGridInventorySyst 5.7/AdvancedGridInventorySyst 5.7/Content/INVENTORY/Core/BP_AttachmentHandler.uexp" 976
"C:/Users/35695/Downloads/AdvancedGridInventorySyst 5.7/AdvancedGridInventorySyst 5.7/Content/INVENTORY/Interfaces/BPI_HoldableItem.uasset" 977
"C:/Users/35695/Downloads/AdvancedGridInventorySyst 5.7/AdvancedGridInventorySyst 5.7/Content/INVENTORY/Interfaces/BPI_HoldableItem.uexp" 978
"C:/Users/35695/Downloads/AdvancedGridInventorySyst 5.7/AdvancedGridInventorySyst 5.7/Content/INVENTORY/Core/Inventory_Equipper.uasset" 979
"C:/Users/35695/Downloads/AdvancedGridInventorySyst 5.7/AdvancedGridInventorySyst 5.7/Content/INVENTORY/Core/Inventory_Equipper.uexp" 980
"C:/Users/35695/Downloads/AdvancedGridInventorySyst 5.7/AdvancedGridInventorySyst 5.7/Content/INVENTORY/Core/ItemMesh_Static.uasset" 981
"C:/Users/35695/Downloads/AdvancedGridInventorySyst 5.7/AdvancedGridInventorySyst 5.7/Content/INVENTORY/Core/ItemMesh_Static.uexp" 982
"C:/Users/35695/Downloads/AdvancedGridInventorySyst 5.7/AdvancedGridInventorySyst 5.7/Content/INVENTORY/UI/Widgets/Other/WidgetTextures/T_SeatWhite.uasset" 983
"C:/Users/35695/Downloads/AdvancedGridInventorySyst 5.7/AdvancedGridInventorySyst 5.7/Content/INVENTORY/UI/Widgets/Other/WidgetTextures/T_SeatWhite.uexp" 984
"C:/Users/35695/Downloads/AdvancedGridInventorySyst 5.7/AdvancedGridInventorySyst 5.7/Content/INVENTORY/UI/MaterialResources/M_RuntimeItemMaterial.uasset" 985
"C:/Users/35695/Downloads/AdvancedGridInventorySyst 5.7/AdvancedGridInventorySyst 5.7/Content/INVENTORY/UI/MaterialResources/M_RuntimeItemMaterial.uexp" 986
"C:/Users/35695/Downloads/AdvancedGridInventorySyst 5.7/AdvancedGridInventorySyst 5.7/Content/INVENTORY/Items/BaseBlueprints/_BP_ItemBase.uasset" 987
"C:/Users/35695/Downloads/AdvancedGridInventorySyst 5.7/AdvancedGridInventorySyst 5.7/Content/INVENTORY/Items/BaseBlueprints/_BP_ItemBase.uexp" 988
"C:/Users/35695/Downloads/AdvancedGridInventorySyst 5.7/AdvancedGridInventorySyst 5.7/Content/INVENTORY/Data/Structures/ItemActorInfo.uasset" 989
"C:/Users/35695/Downloads/AdvancedGridInventorySyst 5.7/AdvancedGridInventorySyst 5.7/Content/INVENTORY/Data/Structures/ItemActorInfo.uexp" 990
"C:/Users/35695/Downloads/AdvancedGridInventorySyst 5.7/AdvancedGridInventorySyst 5.7/Content/INVENTORY/Items/ItemObjects/ItemObject__Base.uasset" 991
"C:/Users/35695/Downloads/AdvancedGridInventorySyst 5.7/AdvancedGridInventorySyst 5.7/Content/INVENTORY/Items/ItemObjects/ItemObject__Base.uexp" 992
"C:/Users/35695/Downloads/AdvancedGridInventorySyst 5.7/AdvancedGridInventorySyst 5.7/Content/INVENTORY/Data/Structures/ItemInfo.uasset" 993
"C:/Users/35695/Downloads/AdvancedGridInventorySyst 5.7/AdvancedGridInventorySyst 5.7/Content/INVENTORY/Data/Structures/ItemInfo.uexp" 994
"C:/Users/35695/Downloads/AdvancedGridInventorySyst 5.7/AdvancedGridInventorySyst 5.7/Content/INVENTORY/Core/ML_InventoryMacros.uasset" 995
"C:/Users/35695/Downloads/AdvancedGridInventorySyst 5.7/AdvancedGridInventorySyst 5.7/Content/INVENTORY/Core/ML_InventoryMacros.uexp" 996
"C:/Users/35695/Downloads/AdvancedGridInventorySyst 5.7/AdvancedGridInventorySyst 5.7/Content/INVENTORY/Data/Enumerations/EServerVerificationType.uasset" 997
"C:/Users/35695/Downloads/AdvancedGridInventorySyst 5.7/AdvancedGridInventorySyst 5.7/Content/INVENTORY/Data/Enumerations/EServerVerificationType.uexp" 998
"C:/Users/35695/Downloads/AdvancedGridInventorySyst 5.7/AdvancedGridInventorySyst 5.7/Content/INVENTORY/Other/Inputs/Actions/IA_JumpAGIS.uasset" 999
"C:/Users/35695/Downloads/AdvancedGridInventorySyst 5.7/AdvancedGridInventorySyst 5.7/Content/INVENTORY/Other/Inputs/Actions/IA_JumpAGIS.uexp" 1000
"C:/Users/35695/Downloads/AdvancedGridInventorySyst 5.7/AdvancedGridInventorySyst 5.7/Content/INVENTORY/Other/Inputs/Actions/IA_LookAGIS.uasset" 1001
"C:/Users/35695/Downloads/AdvancedGridInventorySyst 5.7/AdvancedGridInventorySyst 5.7/Content/INVENTORY/Other/Inputs/Actions/IA_LookAGIS.uexp" 1002
"C:/Users/35695/Downloads/AdvancedGridInventorySyst 5.7/AdvancedGridInventorySyst 5.7/Content/INVENTORY/Other/Inputs/Actions/IA_MoveAGIS.uasset" 1003
"C:/Users/35695/Downloads/AdvancedGridInventorySyst 5.7/AdvancedGridInventorySyst 5.7/Content/INVENTORY/Other/Inputs/Actions/IA_MoveAGIS.uexp" 1004
"C:/Users/35695/Downloads/AdvancedGridInventorySyst 5.7/AdvancedGridInventorySyst 5.7/Content/INVENTORY/Other/Inputs/Actions/IA_RunAGIS.uasset" 1005
"C:/Users/35695/Downloads/AdvancedGridInventorySyst 5.7/AdvancedGridInventorySyst 5.7/Content/INVENTORY/Other/Inputs/Actions/IA_RunAGIS.uexp" 1006
"C:/Users/35695/Downloads/AdvancedGridInventorySyst 5.7/AdvancedGridInventorySyst 5.7/Content/INVENTORY/Other/Inputs/Actions/IA_DropItemAGIS.uasset" 1007
"C:/Users/35695/Downloads/AdvancedGridInventorySyst 5.7/AdvancedGridInventorySyst 5.7/Content/INVENTORY/Other/Inputs/Actions/IA_DropItemAGIS.uexp" 1008
"C:/Users/35695/Downloads/AdvancedGridInventorySyst 5.7/AdvancedGridInventorySyst 5.7/Content/INVENTORY/Other/Inputs/Actions/IA_InteractAGIS.uasset" 1009
"C:/Users/35695/Downloads/AdvancedGridInventorySyst 5.7/AdvancedGridInventorySyst 5.7/Content/INVENTORY/Other/Inputs/Actions/IA_InteractAGIS.uexp" 1010
"C:/Users/35695/Downloads/AdvancedGridInventorySyst 5.7/AdvancedGridInventorySyst 5.7/Content/INVENTORY/Other/Inputs/Actions/IA_ReloadAGIS.uasset" 1011
"C:/Users/35695/Downloads/AdvancedGridInventorySyst 5.7/AdvancedGridInventorySyst 5.7/Content/INVENTORY/Other/Inputs/Actions/IA_ReloadAGIS.uexp" 1012
"C:/Users/35695/Downloads/AdvancedGridInventorySyst 5.7/AdvancedGridInventorySyst 5.7/Content/INVENTORY/Other/Inputs/Actions/IA_UseItemPrimaryAGIS.uasset" 1013
"C:/Users/35695/Downloads/AdvancedGridInventorySyst 5.7/AdvancedGridInventorySyst 5.7/Content/INVENTORY/Other/Inputs/Actions/IA_UseItemPrimaryAGIS.uexp" 1014
"C:/Users/35695/Downloads/AdvancedGridInventorySyst 5.7/AdvancedGridInventorySyst 5.7/Content/INVENTORY/Other/Inputs/Actions/IA_UseItemSecondaryAGIS.uasset" 1015
"C:/Users/35695/Downloads/AdvancedGridInventorySyst 5.7/AdvancedGridInventorySyst 5.7/Content/INVENTORY/Other/Inputs/Actions/IA_UseItemSecondaryAGIS.uexp" 1016
"C:/Users/35695/Downloads/AdvancedGridInventorySyst 5.7/AdvancedGridInventorySyst 5.7/Content/INVENTORY/Other/Inputs/Actions/IA_AimDownSightAGIS.uasset" 1017
"C:/Users/35695/Downloads/AdvancedGridInventorySyst 5.7/AdvancedGridInventorySyst 5.7/Content/INVENTORY/Other/Inputs/Actions/IA_AimDownSightAGIS.uexp" 1018
"C:/Users/35695/Downloads/AdvancedGridInventorySyst 5.7/AdvancedGridInventorySyst 5.7/Content/INVENTORY/Other/Inputs/Actions/IA_EscapeQuit.uasset" 1019
"C:/Users/35695/Downloads/AdvancedGridInventorySyst 5.7/AdvancedGridInventorySyst 5.7/Content/INVENTORY/Other/Inputs/Actions/IA_EscapeQuit.uexp" 1020
"C:/Users/35695/Downloads/AdvancedGridInventorySyst 5.7/AdvancedGridInventorySyst 5.7/Content/INVENTORY/Other/Inputs/IMC_AGIS_Character.uasset" 1021
"C:/Users/35695/Downloads/AdvancedGridInventorySyst 5.7/AdvancedGridInventorySyst 5.7/Content/INVENTORY/Other/Inputs/IMC_AGIS_Character.uexp" 1022
"C:/Users/35695/Downloads/AdvancedGridInventorySyst 5.7/AdvancedGridInventorySyst 5.7/Content/INVENTORY/Data/DataAssets/InventoryData/PlayerInventoryPart1.uasset" 1023
"C:/Users/35695/Downloads/AdvancedGridInventorySyst 5.7/AdvancedGridInventorySyst 5.7/Content/INVENTORY/Data/DataAssets/InventoryData/PlayerInventoryPart1.uexp" 1024
"C:/Users/35695/Downloads/AdvancedGridInventorySyst 5.7/AdvancedGridInventorySyst 5.7/Content/INVENTORY/Data/DataAssets/InventoryData/PlayerInventoryPart2.uasset" 1025
"C:/Users/35695/Downloads/AdvancedGridInventorySyst 5.7/AdvancedGridInventorySyst 5.7/Content/INVENTORY/Data/DataAssets/InventoryData/PlayerInventoryPart2.uexp" 1026
"C:/Users/35695/Downloads/AdvancedGridInventorySyst 5.7/AdvancedGridInventorySyst 5.7/Content/INVENTORY/UI/Widgets/LootWidgets/WB_AdminPanel.uasset" 1027
"C:/Users/35695/Downloads/AdvancedGridInventorySyst 5.7/AdvancedGridInventorySyst 5.7/Content/INVENTORY/UI/Widgets/LootWidgets/WB_AdminPanel.uexp" 1028
"C:/Users/35695/Downloads/AdvancedGridInventorySyst 5.7/AdvancedGridInventorySyst 5.7/Content/INVENTORY/UI/Widgets/Other/WB_DisplayHUD.uasset" 1029
"C:/Users/35695/Downloads/AdvancedGridInventorySyst 5.7/AdvancedGridInventorySyst 5.7/Content/INVENTORY/UI/Widgets/Other/WB_DisplayHUD.uexp" 1030
"C:/Users/35695/Downloads/AdvancedGridInventorySyst 5.7/AdvancedGridInventorySyst 5.7/Content/INVENTORY/Data/Enumerations/EBallDirections.uasset" 1031
"C:/Users/35695/Downloads/AdvancedGridInventorySyst 5.7/AdvancedGridInventorySyst 5.7/Content/INVENTORY/Data/Enumerations/EBallDirections.uexp" 1032
"C:/Users/35695/Downloads/AdvancedGridInventorySyst 5.7/AdvancedGridInventorySyst 5.7/Content/INVENTORY/Data/Structures/InteractCosmetics.uasset" 1033
"C:/Users/35695/Downloads/AdvancedGridInventorySyst 5.7/AdvancedGridInventorySyst 5.7/Content/INVENTORY/Data/Structures/InteractCosmetics.uexp" 1034
"C:/Users/35695/Downloads/AdvancedGridInventorySyst 5.7/AdvancedGridInventorySyst 5.7/Content/INVENTORY/UI/Widgets/Other/WidgetTextures/T_Seat.uasset" 1035
"C:/Users/35695/Downloads/AdvancedGridInventorySyst 5.7/AdvancedGridInventorySyst 5.7/Content/INVENTORY/UI/Widgets/Other/WidgetTextures/T_Seat.uexp" 1036
"C:/Users/35695/Downloads/AdvancedGridInventorySyst 5.7/AdvancedGridInventorySyst 5.7/Content/INVENTORY/UI/Widgets/Other/WB_InteractBall.uasset" 1037
"C:/Users/35695/Downloads/AdvancedGridInventorySyst 5.7/AdvancedGridInventorySyst 5.7/Content/INVENTORY/UI/Widgets/Other/WB_InteractBall.uexp" 1038
"C:/Users/35695/Downloads/AdvancedGridInventorySyst 5.7/AdvancedGridInventorySyst 5.7/Content/INVENTORY/UI/Widgets/Other/WB_InteractScreen.uasset" 1039
"C:/Users/35695/Downloads/AdvancedGridInventorySyst 5.7/AdvancedGridInventorySyst 5.7/Content/INVENTORY/UI/Widgets/Other/WB_InteractScreen.uexp" 1040
"C:/Users/35695/Downloads/AdvancedGridInventorySyst 5.7/AdvancedGridInventorySyst 5.7/Content/INVENTORY/UI/Widgets/Other/WB_PickupDisplay.uasset" 1041
"C:/Users/35695/Downloads/AdvancedGridInventorySyst 5.7/AdvancedGridInventorySyst 5.7/Content/INVENTORY/UI/Widgets/Other/WB_PickupDisplay.uexp" 1042
"C:/Users/35695/Downloads/AdvancedGridInventorySyst 5.7/AdvancedGridInventorySyst 5.7/Content/INVENTORY/Core/Inventory_Player.uasset" 1043
"C:/Users/35695/Downloads/AdvancedGridInventorySyst 5.7/AdvancedGridInventorySyst 5.7/Content/INVENTORY/Core/Inventory_Player.uexp" 1044
"C:/Users/35695/Downloads/AdvancedGridInventorySyst 5.7/AdvancedGridInventorySyst 5.7/Content/INVENTORY/Data/Structures/SubItemInfo.uasset" 1045
"C:/Users/35695/Downloads/AdvancedGridInventorySyst 5.7/AdvancedGridInventorySyst 5.7/Content/INVENTORY/Data/Structures/SubItemInfo.uexp" 1046
"C:/Users/35695/Downloads/AdvancedGridInventorySyst 5.7/AdvancedGridInventorySyst 5.7/Content/INVENTORY/Data/Enumerations/EVendorBuyOption.uasset" 1047
"C:/Users/35695/Downloads/AdvancedGridInventorySyst 5.7/AdvancedGridInventorySyst 5.7/Content/INVENTORY/Data/Enumerations/EVendorBuyOption.uexp" 1048
"C:/Users/35695/Downloads/AdvancedGridInventorySyst 5.7/AdvancedGridInventorySyst 5.7/Content/INVENTORY/Core/Inventory_Vendor.uasset" 1049
"C:/Users/35695/Downloads/AdvancedGridInventorySyst 5.7/AdvancedGridInventorySyst 5.7/Content/INVENTORY/Core/Inventory_Vendor.uexp" 1050
"C:/Users/35695/Downloads/AdvancedGridInventorySyst 5.7/AdvancedGridInventorySyst 5.7/Content/INVENTORY/Data/Structures/RandomSubItem.uasset" 1051
"C:/Users/35695/Downloads/AdvancedGridInventorySyst 5.7/AdvancedGridInventorySyst 5.7/Content/INVENTORY/Data/Structures/RandomSubItem.uexp" 1052
"C:/Users/35695/Downloads/AdvancedGridInventorySyst 5.7/AdvancedGridInventorySyst 5.7/Content/INVENTORY/Core/Inventory__Main.uasset" 1053
"C:/Users/35695/Downloads/AdvancedGridInventorySyst 5.7/AdvancedGridInventorySyst 5.7/Content/INVENTORY/Core/Inventory__Main.uexp" 1054
"C:/Users/35695/Downloads/AdvancedGridInventorySyst 5.7/AdvancedGridInventorySyst 5.7/Content/INVENTORY/Items/Resources/Rifle/aluminium.uasset" 1055
"C:/Users/35695/Downloads/AdvancedGridInventorySyst 5.7/AdvancedGridInventorySyst 5.7/Content/INVENTORY/Items/Resources/Rifle/aluminium.uexp" 1056
"C:/Users/35695/Downloads/AdvancedGridInventorySyst 5.7/AdvancedGridInventorySyst 5.7/Content/INVENTORY/Items/Resources/Rifle/polyamide.uasset" 1057
"C:/Users/35695/Downloads/AdvancedGridInventorySyst 5.7/AdvancedGridInventorySyst 5.7/Content/INVENTORY/Items/Resources/Rifle/polyamide.uexp" 1058
"C:/Users/35695/Downloads/AdvancedGridInventorySyst 5.7/AdvancedGridInventorySyst 5.7/Content/INVENTORY/Items/Resources/Rifle/SM_RifleFlash.ubulk" 1059
"C:/Users/35695/Downloads/AdvancedGridInventorySyst 5.7/AdvancedGridInventorySyst 5.7/Content/INVENTORY/Items/Resources/Rifle/SM_RifleFlash.uasset" 1060
"C:/Users/35695/Downloads/AdvancedGridInventorySyst 5.7/AdvancedGridInventorySyst 5.7/Content/INVENTORY/Items/Resources/Rifle/SM_RifleFlash.uexp" 1061
"C:/Users/35695/Downloads/AdvancedGridInventorySyst 5.7/AdvancedGridInventorySyst 5.7/Content/INVENTORY/Items/Attachments/BP_Item_RifleFlashlight.uasset" 1062
"C:/Users/35695/Downloads/AdvancedGridInventorySyst 5.7/AdvancedGridInventorySyst 5.7/Content/INVENTORY/Items/Attachments/BP_Item_RifleFlashlight.uexp" 1063
"C:/Users/35695/Downloads/AdvancedGridInventorySyst 5.7/AdvancedGridInventorySyst 5.7/Content/INVENTORY/Items/Resources/Rifle/anodised_aluminium.uasset" 1064
"C:/Users/35695/Downloads/AdvancedGridInventorySyst 5.7/AdvancedGridInventorySyst 5.7/Content/INVENTORY/Items/Resources/Rifle/anodised_aluminium.uexp" 1065
"C:/Users/35695/Downloads/AdvancedGridInventorySyst 5.7/AdvancedGridInventorySyst 5.7/Content/INVENTORY/Items/Resources/Rifle/SM_Suppressor.ubulk" 1066
"C:/Users/35695/Downloads/AdvancedGridInventorySyst 5.7/AdvancedGridInventorySyst 5.7/Content/INVENTORY/Items/Resources/Rifle/SM_Suppressor.uasset" 1067
"C:/Users/35695/Downloads/AdvancedGridInventorySyst 5.7/AdvancedGridInventorySyst 5.7/Content/INVENTORY/Items/Resources/Rifle/SM_Suppressor.uexp" 1068
"C:/Users/35695/Downloads/AdvancedGridInventorySyst 5.7/AdvancedGridInventorySyst 5.7/Content/INVENTORY/Items/Attachments/BP_Item_Suppressor.uasset" 1069
"C:/Users/35695/Downloads/AdvancedGridInventorySyst 5.7/AdvancedGridInventorySyst 5.7/Content/INVENTORY/Items/Attachments/BP_Item_Suppressor.uexp" 1070
"C:/Users/35695/Downloads/AdvancedGridInventorySyst 5.7/AdvancedGridInventorySyst 5.7/Content/INVENTORY/Interfaces/BPI_DamageFeedback.uasset" 1071
"C:/Users/35695/Downloads/AdvancedGridInventorySyst 5.7/AdvancedGridInventorySyst 5.7/Content/INVENTORY/Interfaces/BPI_DamageFeedback.uexp" 1072
"C:/Users/35695/Downloads/AdvancedGridInventorySyst 5.7/AdvancedGridInventorySyst 5.7/Content/INVENTORY/Data/Enumerations/EAnimOverlayState.uasset" 1073
"C:/Users/35695/Downloads/AdvancedGridInventorySyst 5.7/AdvancedGridInventorySyst 5.7/Content/INVENTORY/Data/Enumerations/EAnimOverlayState.uexp" 1074
"../../../Engine/Content/Animation/DefaultAnimBoneCompressionSettings.uasset" 1075
"../../../Engine/Content/Animation/DefaultAnimBoneCompressionSettings.uexp" 1076
"../../../Engine/Content/Animation/DefaultAnimCurveCompressionSettings.uasset" 1077
"../../../Engine/Content/Animation/DefaultAnimCurveCompressionSettings.uexp" 1078
"C:/Users/35695/Downloads/AdvancedGridInventorySyst 5.7/AdvancedGridInventorySyst 5.7/Content/INVENTORY/Other/Demo/ThirdPerson/Characters/Mannequins/Meshes/SK_Mannequin_FromAGIS.uasset" 1079
"C:/Users/35695/Downloads/AdvancedGridInventorySyst 5.7/AdvancedGridInventorySyst 5.7/Content/INVENTORY/Other/Demo/ThirdPerson/Characters/Mannequins/Meshes/SK_Mannequin_FromAGIS.uexp" 1080
"C:/Users/35695/Downloads/AdvancedGridInventorySyst 5.7/AdvancedGridInventorySyst 5.7/Content/INVENTORY/Other/Animations/DeathAnim_AGIS.uasset" 1081
"C:/Users/35695/Downloads/AdvancedGridInventorySyst 5.7/AdvancedGridInventorySyst 5.7/Content/INVENTORY/Other/Animations/DeathAnim_AGIS.uexp" 1082
"C:/Users/35695/Downloads/AdvancedGridInventorySyst 5.7/AdvancedGridInventorySyst 5.7/Content/INVENTORY/Other/VFX/T_Blood.ubulk" 1083
"C:/Users/35695/Downloads/AdvancedGridInventorySyst 5.7/AdvancedGridInventorySyst 5.7/Content/INVENTORY/Other/VFX/T_Blood.uasset" 1084
"C:/Users/35695/Downloads/AdvancedGridInventorySyst 5.7/AdvancedGridInventorySyst 5.7/Content/INVENTORY/Other/VFX/T_Blood.uexp" 1085
"C:/Users/35695/Downloads/AdvancedGridInventorySyst 5.7/AdvancedGridInventorySyst 5.7/Content/INVENTORY/Other/VFX/M_Blood.uasset" 1086
"C:/Users/35695/Downloads/AdvancedGridInventorySyst 5.7/AdvancedGridInventorySyst 5.7/Content/INVENTORY/Other/VFX/M_Blood.uexp" 1087
"C:/Users/35695/Downloads/AdvancedGridInventorySyst 5.7/AdvancedGridInventorySyst 5.7/Content/INVENTORY/Other/Sounds/Combat/hit_flesh.ubulk" 1088
"C:/Users/35695/Downloads/AdvancedGridInventorySyst 5.7/AdvancedGridInventorySyst 5.7/Content/INVENTORY/Other/Sounds/Combat/hit_flesh.uasset" 1089
"C:/Users/35695/Downloads/AdvancedGridInventorySyst 5.7/AdvancedGridInventorySyst 5.7/Content/INVENTORY/Other/Sounds/Combat/hit_flesh.uexp" 1090
"C:/Users/35695/Downloads/AdvancedGridInventorySyst 5.7/AdvancedGridInventorySyst 5.7/Content/INVENTORY/Other/Sounds/Combat/Cue_Hit_Flesh.uasset" 1091
"C:/Users/35695/Downloads/AdvancedGridInventorySyst 5.7/AdvancedGridInventorySyst 5.7/Content/INVENTORY/Other/Sounds/Combat/Cue_Hit_Flesh.uexp" 1092
"C:/Users/35695/Downloads/AdvancedGridInventorySyst 5.7/AdvancedGridInventorySyst 5.7/Content/INVENTORY/Other/VFX/crosshair.ubulk" 1093
"C:/Users/35695/Downloads/AdvancedGridInventorySyst 5.7/AdvancedGridInventorySyst 5.7/Content/INVENTORY/Other/VFX/crosshair.uasset" 1094
"C:/Users/35695/Downloads/AdvancedGridInventorySyst 5.7/AdvancedGridInventorySyst 5.7/Content/INVENTORY/Other/VFX/crosshair.uexp" 1095
"C:/Users/35695/Downloads/AdvancedGridInventorySyst 5.7/AdvancedGridInventorySyst 5.7/Content/INVENTORY/Other/VFX/hitmarker.uasset" 1096
"C:/Users/35695/Downloads/AdvancedGridInventorySyst 5.7/AdvancedGridInventorySyst 5.7/Content/INVENTORY/Other/VFX/hitmarker.uexp" 1097
"C:/Users/35695/Downloads/AdvancedGridInventorySyst 5.7/AdvancedGridInventorySyst 5.7/Content/INVENTORY/UI/Widgets/Other/WB_CombatHUD.uasset" 1098
"C:/Users/35695/Downloads/AdvancedGridInventorySyst 5.7/AdvancedGridInventorySyst 5.7/Content/INVENTORY/UI/Widgets/Other/WB_CombatHUD.uexp" 1099
"C:/Users/35695/Downloads/AdvancedGridInventorySyst 5.7/AdvancedGridInventorySyst 5.7/Content/INVENTORY/Core/CombatComponent.uasset" 1100
"C:/Users/35695/Downloads/AdvancedGridInventorySyst 5.7/AdvancedGridInventorySyst 5.7/Content/INVENTORY/Core/CombatComponent.uexp" 1101
"C:/Users/35695/Downloads/AdvancedGridInventorySyst 5.7/AdvancedGridInventorySyst 5.7/Content/INVENTORY/Items/Resources/Rifle/SM_Magazine.ubulk" 1102
"C:/Users/35695/Downloads/AdvancedGridInventorySyst 5.7/AdvancedGridInventorySyst 5.7/Content/INVENTORY/Items/Resources/Rifle/SM_Magazine.uasset" 1103
"C:/Users/35695/Downloads/AdvancedGridInventorySyst 5.7/AdvancedGridInventorySyst 5.7/Content/INVENTORY/Items/Resources/Rifle/SM_Magazine.uexp" 1104
"C:/Users/35695/Downloads/AdvancedGridInventorySyst 5.7/AdvancedGridInventorySyst 5.7/Content/INVENTORY/Items/Resources/Rifle/SM_RifleAdvanced.ubulk" 1105
"C:/Users/35695/Downloads/AdvancedGridInventorySyst 5.7/AdvancedGridInventorySyst 5.7/Content/INVENTORY/Items/Resources/Rifle/SM_RifleAdvanced.uasset" 1106
"C:/Users/35695/Downloads/AdvancedGridInventorySyst 5.7/AdvancedGridInventorySyst 5.7/Content/INVENTORY/Items/Resources/Rifle/SM_RifleAdvanced.uexp" 1107
"C:/Users/35695/Downloads/AdvancedGridInventorySyst 5.7/AdvancedGridInventorySyst 5.7/Content/INVENTORY/Items/BaseBlueprints/BP_Item_HoldableBase.uasset" 1108
"C:/Users/35695/Downloads/AdvancedGridInventorySyst 5.7/AdvancedGridInventorySyst 5.7/Content/INVENTORY/Items/BaseBlueprints/BP_Item_HoldableBase.uexp" 1109
"C:/Users/35695/Downloads/AdvancedGridInventorySyst 5.7/AdvancedGridInventorySyst 5.7/Content/INVENTORY/Other/VFX/MuzzleFlash.ubulk" 1110
"C:/Users/35695/Downloads/AdvancedGridInventorySyst 5.7/AdvancedGridInventorySyst 5.7/Content/INVENTORY/Other/VFX/MuzzleFlash.uasset" 1111
"C:/Users/35695/Downloads/AdvancedGridInventorySyst 5.7/AdvancedGridInventorySyst 5.7/Content/INVENTORY/Other/VFX/MuzzleFlash.uexp" 1112
"C:/Users/35695/Downloads/AdvancedGridInventorySyst 5.7/AdvancedGridInventorySyst 5.7/Content/INVENTORY/Other/VFX/M_MuzzleFlash.uasset" 1113
"C:/Users/35695/Downloads/AdvancedGridInventorySyst 5.7/AdvancedGridInventorySyst 5.7/Content/INVENTORY/Other/VFX/M_MuzzleFlash.uexp" 1114
"C:/Users/35695/Downloads/AdvancedGridInventorySyst 5.7/AdvancedGridInventorySyst 5.7/Content/INVENTORY/Other/VFX/MI_MuzzleFlash.uasset" 1115
"C:/Users/35695/Downloads/AdvancedGridInventorySyst 5.7/AdvancedGridInventorySyst 5.7/Content/INVENTORY/Other/VFX/MI_MuzzleFlash.uexp" 1116
"C:/Users/35695/Downloads/AdvancedGridInventorySyst 5.7/AdvancedGridInventorySyst 5.7/Content/INVENTORY/Other/VFX/P_MuzzleFlash.uasset" 1117
"C:/Users/35695/Downloads/AdvancedGridInventorySyst 5.7/AdvancedGridInventorySyst 5.7/Content/INVENTORY/Other/VFX/P_MuzzleFlash.uexp" 1118
"C:/Users/35695/Downloads/AdvancedGridInventorySyst 5.7/AdvancedGridInventorySyst 5.7/Content/INVENTORY/Other/Animations/Rifle/Reload_Rifle_Hip.uasset" 1119
"C:/Users/35695/Downloads/AdvancedGridInventorySyst 5.7/AdvancedGridInventorySyst 5.7/Content/INVENTORY/Other/Animations/Rifle/Reload_Rifle_Hip.uexp" 1120
"C:/Users/35695/Downloads/AdvancedGridInventorySyst 5.7/AdvancedGridInventorySyst 5.7/Content/INVENTORY/Other/Animations/Rifle/AM_ReloadHip.uasset" 1121
"C:/Users/35695/Downloads/AdvancedGridInventorySyst 5.7/AdvancedGridInventorySyst 5.7/Content/INVENTORY/Other/Animations/Rifle/AM_ReloadHip.uexp" 1122
"C:/Users/35695/Downloads/AdvancedGridInventorySyst 5.7/AdvancedGridInventorySyst 5.7/Content/INVENTORY/Other/Sounds/Combat/weapon1.ubulk" 1123
"C:/Users/35695/Downloads/AdvancedGridInventorySyst 5.7/AdvancedGridInventorySyst 5.7/Content/INVENTORY/Other/Sounds/Combat/weapon1.uasset" 1124
"C:/Users/35695/Downloads/AdvancedGridInventorySyst 5.7/AdvancedGridInventorySyst 5.7/Content/INVENTORY/Other/Sounds/Combat/weapon1.uexp" 1125
"C:/Users/35695/Downloads/AdvancedGridInventorySyst 5.7/AdvancedGridInventorySyst 5.7/Content/INVENTORY/Other/Sounds/Combat/weapon2.ubulk" 1126
"C:/Users/35695/Downloads/AdvancedGridInventorySyst 5.7/AdvancedGridInventorySyst 5.7/Content/INVENTORY/Other/Sounds/Combat/weapon2.uasset" 1127
"C:/Users/35695/Downloads/AdvancedGridInventorySyst 5.7/AdvancedGridInventorySyst 5.7/Content/INVENTORY/Other/Sounds/Combat/weapon2.uexp" 1128
"C:/Users/35695/Downloads/AdvancedGridInventorySyst 5.7/AdvancedGridInventorySyst 5.7/Content/INVENTORY/Other/Sounds/Combat/weapon3.ubulk" 1129
"C:/Users/35695/Downloads/AdvancedGridInventorySyst 5.7/AdvancedGridInventorySyst 5.7/Content/INVENTORY/Other/Sounds/Combat/weapon3.uasset" 1130
"C:/Users/35695/Downloads/AdvancedGridInventorySyst 5.7/AdvancedGridInventorySyst 5.7/Content/INVENTORY/Other/Sounds/Combat/weapon3.uexp" 1131
"C:/Users/35695/Downloads/AdvancedGridInventorySyst 5.7/AdvancedGridInventorySyst 5.7/Content/INVENTORY/Other/Sounds/Combat/weapon4.ubulk" 1132
"C:/Users/35695/Downloads/AdvancedGridInventorySyst 5.7/AdvancedGridInventorySyst 5.7/Content/INVENTORY/Other/Sounds/Combat/weapon4.uasset" 1133
"C:/Users/35695/Downloads/AdvancedGridInventorySyst 5.7/AdvancedGridInventorySyst 5.7/Content/INVENTORY/Other/Sounds/Combat/weapon4.uexp" 1134
"C:/Users/35695/Downloads/AdvancedGridInventorySyst 5.7/AdvancedGridInventorySyst 5.7/Content/INVENTORY/Other/Sounds/Combat/weapon5.ubulk" 1135
"C:/Users/35695/Downloads/AdvancedGridInventorySyst 5.7/AdvancedGridInventorySyst 5.7/Content/INVENTORY/Other/Sounds/Combat/weapon5.uasset" 1136
"C:/Users/35695/Downloads/AdvancedGridInventorySyst 5.7/AdvancedGridInventorySyst 5.7/Content/INVENTORY/Other/Sounds/Combat/weapon5.uexp" 1137
"C:/Users/35695/Downloads/AdvancedGridInventorySyst 5.7/AdvancedGridInventorySyst 5.7/Content/INVENTORY/Other/Sounds/Combat/Cue_Fire.uasset" 1138
"C:/Users/35695/Downloads/AdvancedGridInventorySyst 5.7/AdvancedGridInventorySyst 5.7/Content/INVENTORY/Other/Sounds/Combat/Cue_Fire.uexp" 1139
"C:/Users/35695/Downloads/AdvancedGridInventorySyst 5.7/AdvancedGridInventorySyst 5.7/Content/INVENTORY/Other/Sounds/Combat/outofammo.ubulk" 1140
"C:/Users/35695/Downloads/AdvancedGridInventorySyst 5.7/AdvancedGridInventorySyst 5.7/Content/INVENTORY/Other/Sounds/Combat/outofammo.uasset" 1141
"C:/Users/35695/Downloads/AdvancedGridInventorySyst 5.7/AdvancedGridInventorySyst 5.7/Content/INVENTORY/Other/Sounds/Combat/outofammo.uexp" 1142
"C:/Users/35695/Downloads/AdvancedGridInventorySyst 5.7/AdvancedGridInventorySyst 5.7/Content/INVENTORY/Other/VFX/Firetrail/Effects/P_BulletTrail.uasset" 1143
"C:/Users/35695/Downloads/AdvancedGridInventorySyst 5.7/AdvancedGridInventorySyst 5.7/Content/INVENTORY/Other/VFX/Firetrail/Effects/P_BulletTrail.uexp" 1144
"C:/Users/35695/Downloads/AdvancedGridInventorySyst 5.7/AdvancedGridInventorySyst 5.7/Content/INVENTORY/Other/VFX/Firetrail/BP_FireTrail.uasset" 1145
"C:/Users/35695/Downloads/AdvancedGridInventorySyst 5.7/AdvancedGridInventorySyst 5.7/Content/INVENTORY/Other/VFX/Firetrail/BP_FireTrail.uexp" 1146
"C:/Users/35695/Downloads/AdvancedGridInventorySyst 5.7/AdvancedGridInventorySyst 5.7/Content/INVENTORY/UI/Widgets/Other/WB_WeaponAmmoInfo.uasset" 1147
"C:/Users/35695/Downloads/AdvancedGridInventorySyst 5.7/AdvancedGridInventorySyst 5.7/Content/INVENTORY/UI/Widgets/Other/WB_WeaponAmmoInfo.uexp" 1148
"C:/Users/35695/Downloads/AdvancedGridInventorySyst 5.7/AdvancedGridInventorySyst 5.7/Content/INVENTORY/Items/BP_Item_AdvancedRifle.uasset" 1149
"C:/Users/35695/Downloads/AdvancedGridInventorySyst 5.7/AdvancedGridInventorySyst 5.7/Content/INVENTORY/Items/BP_Item_AdvancedRifle.uexp" 1150
"C:/Users/35695/Downloads/AdvancedGridInventorySyst 5.7/AdvancedGridInventorySyst 5.7/Content/INVENTORY/Items/Resources/ABP_SkeletalEquippables.uasset" 1151
"C:/Users/35695/Downloads/AdvancedGridInventorySyst 5.7/AdvancedGridInventorySyst 5.7/Content/INVENTORY/Items/Resources/ABP_SkeletalEquippables.uexp" 1152
"C:/Users/35695/Downloads/AdvancedGridInventorySyst 5.7/AdvancedGridInventorySyst 5.7/Content/INVENTORY/Core/ItemMesh_Skeletal.uasset" 1153
"C:/Users/35695/Downloads/AdvancedGridInventorySyst 5.7/AdvancedGridInventorySyst 5.7/Content/INVENTORY/Core/ItemMesh_Skeletal.uexp" 1154
"C:/Users/35695/Downloads/AdvancedGridInventorySyst 5.7/AdvancedGridInventorySyst 5.7/Content/INVENTORY/Items/Resources/Backpack_Camper/CamperBackpack_BaseColor.ubulk" 1155
"C:/Users/35695/Downloads/AdvancedGridInventorySyst 5.7/AdvancedGridInventorySyst 5.7/Content/INVENTORY/Items/Resources/Backpack_Camper/CamperBackpack_BaseColor.uasset" 1156
"C:/Users/35695/Downloads/AdvancedGridInventorySyst 5.7/AdvancedGridInventorySyst 5.7/Content/INVENTORY/Items/Resources/Backpack_Camper/CamperBackpack_BaseColor.uexp" 1157
"C:/Users/35695/Downloads/AdvancedGridInventorySyst 5.7/AdvancedGridInventorySyst 5.7/Content/INVENTORY/Items/Resources/Backpack_Camper/M_Backpack_Camper.uasset" 1158
"C:/Users/35695/Downloads/AdvancedGridInventorySyst 5.7/AdvancedGridInventorySyst 5.7/Content/INVENTORY/Items/Resources/Backpack_Camper/M_Backpack_Camper.uexp" 1159
"C:/Users/35695/Downloads/AdvancedGridInventorySyst 5.7/AdvancedGridInventorySyst 5.7/Content/INVENTORY/Items/Resources/Backpack_Camper/PA_Backpack_Camper.uasset" 1160
"C:/Users/35695/Downloads/AdvancedGridInventorySyst 5.7/AdvancedGridInventorySyst 5.7/Content/INVENTORY/Items/Resources/Backpack_Camper/PA_Backpack_Camper.uexp" 1161
"C:/Users/35695/Downloads/AdvancedGridInventorySyst 5.7/AdvancedGridInventorySyst 5.7/Content/INVENTORY/Items/Resources/Backpack_Camper/SKM_Backpack_Camper.uasset" 1162
"C:/Users/35695/Downloads/AdvancedGridInventorySyst 5.7/AdvancedGridInventorySyst 5.7/Content/INVENTORY/Items/Resources/Backpack_Camper/SKM_Backpack_Camper.uexp" 1163
"C:/Users/35695/Downloads/AdvancedGridInventorySyst 5.7/AdvancedGridInventorySyst 5.7/Content/INVENTORY/Items/BP_Item_Backpack_Camper.uasset" 1164
"C:/Users/35695/Downloads/AdvancedGridInventorySyst 5.7/AdvancedGridInventorySyst 5.7/Content/INVENTORY/Items/BP_Item_Backpack_Camper.uexp" 1165
"C:/Users/35695/Downloads/AdvancedGridInventorySyst 5.7/AdvancedGridInventorySyst 5.7/Content/INVENTORY/Items/Resources/Backpack_Sport/BaseColor_SportBackpack.ubulk" 1166
"C:/Users/35695/Downloads/AdvancedGridInventorySyst 5.7/AdvancedGridInventorySyst 5.7/Content/INVENTORY/Items/Resources/Backpack_Sport/BaseColor_SportBackpack.uasset" 1167
"C:/Users/35695/Downloads/AdvancedGridInventorySyst 5.7/AdvancedGridInventorySyst 5.7/Content/INVENTORY/Items/Resources/Backpack_Sport/BaseColor_SportBackpack.uexp" 1168
"C:/Users/35695/Downloads/AdvancedGridInventorySyst 5.7/AdvancedGridInventorySyst 5.7/Content/INVENTORY/Items/Resources/Backpack_Sport/M_SportBackpack.uasset" 1169
"C:/Users/35695/Downloads/AdvancedGridInventorySyst 5.7/AdvancedGridInventorySyst 5.7/Content/INVENTORY/Items/Resources/Backpack_Sport/M_SportBackpack.uexp" 1170
"C:/Users/35695/Downloads/AdvancedGridInventorySyst 5.7/AdvancedGridInventorySyst 5.7/Content/INVENTORY/Items/Resources/Backpack_Sport/PA_SportBackpack.uasset" 1171
"C:/Users/35695/Downloads/AdvancedGridInventorySyst 5.7/AdvancedGridInventorySyst 5.7/Content/INVENTORY/Items/Resources/Backpack_Sport/PA_SportBackpack.uexp" 1172
"C:/Users/35695/Downloads/AdvancedGridInventorySyst 5.7/AdvancedGridInventorySyst 5.7/Content/INVENTORY/Items/Resources/Backpack_Sport/SKM_SportBackpack.uasset" 1173
"C:/Users/35695/Downloads/AdvancedGridInventorySyst 5.7/AdvancedGridInventorySyst 5.7/Content/INVENTORY/Items/Resources/Backpack_Sport/SKM_SportBackpack.uexp" 1174
"C:/Users/35695/Downloads/AdvancedGridInventorySyst 5.7/AdvancedGridInventorySyst 5.7/Content/INVENTORY/Items/BP_Item_Backpack_Sport.uasset" 1175
"C:/Users/35695/Downloads/AdvancedGridInventorySyst 5.7/AdvancedGridInventorySyst 5.7/Content/INVENTORY/Items/BP_Item_Backpack_Sport.uexp" 1176
"C:/Users/35695/Downloads/AdvancedGridInventorySyst 5.7/AdvancedGridInventorySyst 5.7/Content/INVENTORY/Core/BP_SM_DroppedMesh.uasset" 1177
"C:/Users/35695/Downloads/AdvancedGridInventorySyst 5.7/AdvancedGridInventorySyst 5.7/Content/INVENTORY/Core/BP_SM_DroppedMesh.uexp" 1178
"C:/Users/35695/Downloads/AdvancedGridInventorySyst 5.7/AdvancedGridInventorySyst 5.7/Content/INVENTORY/Items/BaseBlueprints/BP_Item_Skeletal_Base.uasset" 1179
"C:/Users/35695/Downloads/AdvancedGridInventorySyst 5.7/AdvancedGridInventorySyst 5.7/Content/INVENTORY/Items/BaseBlueprints/BP_Item_Skeletal_Base.uexp" 1180
"C:/Users/35695/Downloads/AdvancedGridInventorySyst 5.7/AdvancedGridInventorySyst 5.7/Content/INVENTORY/Other/Sounds/Combat/hit_armor.ubulk" 1181
"C:/Users/35695/Downloads/AdvancedGridInventorySyst 5.7/AdvancedGridInventorySyst 5.7/Content/INVENTORY/Other/Sounds/Combat/hit_armor.uasset" 1182
"C:/Users/35695/Downloads/AdvancedGridInventorySyst 5.7/AdvancedGridInventorySyst 5.7/Content/INVENTORY/Other/Sounds/Combat/hit_armor.uexp" 1183
"C:/Users/35695/Downloads/AdvancedGridInventorySyst 5.7/AdvancedGridInventorySyst 5.7/Content/INVENTORY/Items/BaseBlueprints/BP_Item_Armor_Base.uasset" 1184
"C:/Users/35695/Downloads/AdvancedGridInventorySyst 5.7/AdvancedGridInventorySyst 5.7/Content/INVENTORY/Items/BaseBlueprints/BP_Item_Armor_Base.uexp" 1185
"C:/Users/35695/Downloads/AdvancedGridInventorySyst 5.7/AdvancedGridInventorySyst 5.7/Content/INVENTORY/Items/Resources/BodyArmor/BodyArmor_BaseColor.ubulk" 1186
"C:/Users/35695/Downloads/AdvancedGridInventorySyst 5.7/AdvancedGridInventorySyst 5.7/Content/INVENTORY/Items/Resources/BodyArmor/BodyArmor_BaseColor.uasset" 1187
"C:/Users/35695/Downloads/AdvancedGridInventorySyst 5.7/AdvancedGridInventorySyst 5.7/Content/INVENTORY/Items/Resources/BodyArmor/BodyArmor_BaseColor.uexp" 1188
"C:/Users/35695/Downloads/AdvancedGridInventorySyst 5.7/AdvancedGridInventorySyst 5.7/Content/INVENTORY/Items/Resources/BodyArmor/BodyArmor_Roughness.ubulk" 1189
"C:/Users/35695/Downloads/AdvancedGridInventorySyst 5.7/AdvancedGridInventorySyst 5.7/Content/INVENTORY/Items/Resources/BodyArmor/BodyArmor_Roughness.uasset" 1190
"C:/Users/35695/Downloads/AdvancedGridInventorySyst 5.7/AdvancedGridInventorySyst 5.7/Content/INVENTORY/Items/Resources/BodyArmor/BodyArmor_Roughness.uexp" 1191
"C:/Users/35695/Downloads/AdvancedGridInventorySyst 5.7/AdvancedGridInventorySyst 5.7/Content/INVENTORY/Items/Resources/BodyArmor/BodyArmor_Specular.ubulk" 1192
"C:/Users/35695/Downloads/AdvancedGridInventorySyst 5.7/AdvancedGridInventorySyst 5.7/Content/INVENTORY/Items/Resources/BodyArmor/BodyArmor_Specular.uasset" 1193
"C:/Users/35695/Downloads/AdvancedGridInventorySyst 5.7/AdvancedGridInventorySyst 5.7/Content/INVENTORY/Items/Resources/BodyArmor/BodyArmor_Specular.uexp" 1194
"C:/Users/35695/Downloads/AdvancedGridInventorySyst 5.7/AdvancedGridInventorySyst 5.7/Content/INVENTORY/Items/Resources/BodyArmor/M_BodyArmorr.uasset" 1195
"C:/Users/35695/Downloads/AdvancedGridInventorySyst 5.7/AdvancedGridInventorySyst 5.7/Content/INVENTORY/Items/Resources/BodyArmor/M_BodyArmorr.uexp" 1196
"C:/Users/35695/Downloads/AdvancedGridInventorySyst 5.7/AdvancedGridInventorySyst 5.7/Content/INVENTORY/Items/Resources/BodyArmor/PA_BodyArmor.uasset" 1197
"C:/Users/35695/Downloads/AdvancedGridInventorySyst 5.7/AdvancedGridInventorySyst 5.7/Content/INVENTORY/Items/Resources/BodyArmor/PA_BodyArmor.uexp" 1198
"C:/Users/35695/Downloads/AdvancedGridInventorySyst 5.7/AdvancedGridInventorySyst 5.7/Content/INVENTORY/Items/Resources/BodyArmor/SKM_BodyArmor.uasset" 1199
"C:/Users/35695/Downloads/AdvancedGridInventorySyst 5.7/AdvancedGridInventorySyst 5.7/Content/INVENTORY/Items/Resources/BodyArmor/SKM_BodyArmor.uexp" 1200
"C:/Users/35695/Downloads/AdvancedGridInventorySyst 5.7/AdvancedGridInventorySyst 5.7/Content/INVENTORY/Items/Resources/BodyArmor/SM_BodyArmor.ubulk" 1201
"C:/Users/35695/Downloads/AdvancedGridInventorySyst 5.7/AdvancedGridInventorySyst 5.7/Content/INVENTORY/Items/Resources/BodyArmor/SM_BodyArmor.uasset" 1202
"C:/Users/35695/Downloads/AdvancedGridInventorySyst 5.7/AdvancedGridInventorySyst 5.7/Content/INVENTORY/Items/Resources/BodyArmor/SM_BodyArmor.uexp" 1203
"C:/Users/35695/Downloads/AdvancedGridInventorySyst 5.7/AdvancedGridInventorySyst 5.7/Content/INVENTORY/Items/BP_Item_BodyArmor.uasset" 1204
"C:/Users/35695/Downloads/AdvancedGridInventorySyst 5.7/AdvancedGridInventorySyst 5.7/Content/INVENTORY/Items/BP_Item_BodyArmor.uexp" 1205
"C:/Users/35695/Downloads/AdvancedGridInventorySyst 5.7/AdvancedGridInventorySyst 5.7/Content/INVENTORY/Other/Materials/M_Color.uasset" 1206
"C:/Users/35695/Downloads/AdvancedGridInventorySyst 5.7/AdvancedGridInventorySyst 5.7/Content/INVENTORY/Other/Materials/M_Color.uexp" 1207
"C:/Users/35695/Downloads/AdvancedGridInventorySyst 5.7/AdvancedGridInventorySyst 5.7/Content/INVENTORY/Other/Materials/MI_Black.uasset" 1208
"C:/Users/35695/Downloads/AdvancedGridInventorySyst 5.7/AdvancedGridInventorySyst 5.7/Content/INVENTORY/Other/Materials/MI_Black.uexp" 1209
"C:/Users/35695/Downloads/AdvancedGridInventorySyst 5.7/AdvancedGridInventorySyst 5.7/Content/INVENTORY/Other/Materials/MI_Yellow.uasset" 1210
"C:/Users/35695/Downloads/AdvancedGridInventorySyst 5.7/AdvancedGridInventorySyst 5.7/Content/INVENTORY/Other/Materials/MI_Yellow.uexp" 1211
"C:/Users/35695/Downloads/AdvancedGridInventorySyst 5.7/AdvancedGridInventorySyst 5.7/Content/INVENTORY/Items/Resources/_Others/SM_Flashlight.ubulk" 1212
"C:/Users/35695/Downloads/AdvancedGridInventorySyst 5.7/AdvancedGridInventorySyst 5.7/Content/INVENTORY/Items/Resources/_Others/SM_Flashlight.uasset" 1213
"C:/Users/35695/Downloads/AdvancedGridInventorySyst 5.7/AdvancedGridInventorySyst 5.7/Content/INVENTORY/Items/Resources/_Others/SM_Flashlight.uexp" 1214
"C:/Users/35695/Downloads/AdvancedGridInventorySyst 5.7/AdvancedGridInventorySyst 5.7/Content/INVENTORY/Items/BP_Item_Flashlight.uasset" 1215
"C:/Users/35695/Downloads/AdvancedGridInventorySyst 5.7/AdvancedGridInventorySyst 5.7/Content/INVENTORY/Items/BP_Item_Flashlight.uexp" 1216
"C:/Users/35695/Downloads/AdvancedGridInventorySyst 5.7/AdvancedGridInventorySyst 5.7/Content/INVENTORY/Other/Materials/MI_RedMetalic.uasset" 1217
"C:/Users/35695/Downloads/AdvancedGridInventorySyst 5.7/AdvancedGridInventorySyst 5.7/Content/INVENTORY/Other/Materials/MI_RedMetalic.uexp" 1218
"C:/Users/35695/Downloads/AdvancedGridInventorySyst 5.7/AdvancedGridInventorySyst 5.7/Content/INVENTORY/Items/Resources/Gloves/PA_Gloves.uasset" 1219
"C:/Users/35695/Downloads/AdvancedGridInventorySyst 5.7/AdvancedGridInventorySyst 5.7/Content/INVENTORY/Items/Resources/Gloves/PA_Gloves.uexp" 1220
"C:/Users/35695/Downloads/AdvancedGridInventorySyst 5.7/AdvancedGridInventorySyst 5.7/Content/INVENTORY/Items/Resources/Gloves/SKM_Gloves.uasset" 1221
"C:/Users/35695/Downloads/AdvancedGridInventorySyst 5.7/AdvancedGridInventorySyst 5.7/Content/INVENTORY/Items/Resources/Gloves/SKM_Gloves.uexp" 1222
"C:/Users/35695/Downloads/AdvancedGridInventorySyst 5.7/AdvancedGridInventorySyst 5.7/Content/INVENTORY/Items/Resources/Gloves/SM_Gloves.ubulk" 1223
"C:/Users/35695/Downloads/AdvancedGridInventorySyst 5.7/AdvancedGridInventorySyst 5.7/Content/INVENTORY/Items/Resources/Gloves/SM_Gloves.uasset" 1224
"C:/Users/35695/Downloads/AdvancedGridInventorySyst 5.7/AdvancedGridInventorySyst 5.7/Content/INVENTORY/Items/Resources/Gloves/SM_Gloves.uexp" 1225
"C:/Users/35695/Downloads/AdvancedGridInventorySyst 5.7/AdvancedGridInventorySyst 5.7/Content/INVENTORY/Items/BP_Item_Gloves.uasset" 1226
"C:/Users/35695/Downloads/AdvancedGridInventorySyst 5.7/AdvancedGridInventorySyst 5.7/Content/INVENTORY/Items/BP_Item_Gloves.uexp" 1227
"C:/Users/35695/Downloads/AdvancedGridInventorySyst 5.7/AdvancedGridInventorySyst 5.7/Content/INVENTORY/Items/Resources/Helmet/Helmet_Roughness.ubulk" 1228
"C:/Users/35695/Downloads/AdvancedGridInventorySyst 5.7/AdvancedGridInventorySyst 5.7/Content/INVENTORY/Items/Resources/Helmet/Helmet_Roughness.uasset" 1229
"C:/Users/35695/Downloads/AdvancedGridInventorySyst 5.7/AdvancedGridInventorySyst 5.7/Content/INVENTORY/Items/Resources/Helmet/Helmet_Roughness.uexp" 1230
"C:/Users/35695/Downloads/AdvancedGridInventorySyst 5.7/AdvancedGridInventorySyst 5.7/Content/INVENTORY/Items/Resources/Helmet/M_Helmet.uasset" 1231
"C:/Users/35695/Downloads/AdvancedGridInventorySyst 5.7/AdvancedGridInventorySyst 5.7/Content/INVENTORY/Items/Resources/Helmet/M_Helmet.uexp" 1232
"C:/Users/35695/Downloads/AdvancedGridInventorySyst 5.7/AdvancedGridInventorySyst 5.7/Content/INVENTORY/Items/Resources/Helmet/SM_Helmet.ubulk" 1233
"C:/Users/35695/Downloads/AdvancedGridInventorySyst 5.7/AdvancedGridInventorySyst 5.7/Content/INVENTORY/Items/Resources/Helmet/SM_Helmet.uasset" 1234
"C:/Users/35695/Downloads/AdvancedGridInventorySyst 5.7/AdvancedGridInventorySyst 5.7/Content/INVENTORY/Items/Resources/Helmet/SM_Helmet.uexp" 1235
"C:/Users/35695/Downloads/AdvancedGridInventorySyst 5.7/AdvancedGridInventorySyst 5.7/Content/INVENTORY/Items/BP_Item_Helmet.uasset" 1236
"C:/Users/35695/Downloads/AdvancedGridInventorySyst 5.7/AdvancedGridInventorySyst 5.7/Content/INVENTORY/Items/BP_Item_Helmet.uexp" 1237
"C:/Users/35695/Downloads/AdvancedGridInventorySyst 5.7/AdvancedGridInventorySyst 5.7/Content/INVENTORY/Core/Inventory_Storage.uasset" 1238
"C:/Users/35695/Downloads/AdvancedGridInventorySyst 5.7/AdvancedGridInventorySyst 5.7/Content/INVENTORY/Core/Inventory_Storage.uexp" 1239
"C:/Users/35695/Downloads/AdvancedGridInventorySyst 5.7/AdvancedGridInventorySyst 5.7/Content/INVENTORY/Core/SG_AGIS_UID.uasset" 1240
"C:/Users/35695/Downloads/AdvancedGridInventorySyst 5.7/AdvancedGridInventorySyst 5.7/Content/INVENTORY/Core/SG_AGIS_UID.uexp" 1241
"C:/Users/35695/Downloads/AdvancedGridInventorySyst 5.7/AdvancedGridInventorySyst 5.7/Content/INVENTORY/Data/Structures/SaveStructures/Savedata_ItemActor.uasset" 1242
"C:/Users/35695/Downloads/AdvancedGridInventorySyst 5.7/AdvancedGridInventorySyst 5.7/Content/INVENTORY/Data/Structures/SaveStructures/Savedata_ItemActor.uexp" 1243
"C:/Users/35695/Downloads/AdvancedGridInventorySyst 5.7/AdvancedGridInventorySyst 5.7/Content/INVENTORY/Data/Structures/SaveStructures/SaveData_Player.uasset" 1244
"C:/Users/35695/Downloads/AdvancedGridInventorySyst 5.7/AdvancedGridInventorySyst 5.7/Content/INVENTORY/Data/Structures/SaveStructures/SaveData_Player.uexp" 1245
"C:/Users/35695/Downloads/AdvancedGridInventorySyst 5.7/AdvancedGridInventorySyst 5.7/Content/INVENTORY/Data/Structures/SaveStructures/SaveData_Storages.uasset" 1246
"C:/Users/35695/Downloads/AdvancedGridInventorySyst 5.7/AdvancedGridInventorySyst 5.7/Content/INVENTORY/Data/Structures/SaveStructures/SaveData_Storages.uexp" 1247
"C:/Users/35695/Downloads/AdvancedGridInventorySyst 5.7/AdvancedGridInventorySyst 5.7/Content/INVENTORY/Core/SG_AGIS_World.uasset" 1248
"C:/Users/35695/Downloads/AdvancedGridInventorySyst 5.7/AdvancedGridInventorySyst 5.7/Content/INVENTORY/Core/SG_AGIS_World.uexp" 1249
"C:/Users/35695/Downloads/AdvancedGridInventorySyst 5.7/AdvancedGridInventorySyst 5.7/Content/INVENTORY/Core/GameInstance_AGIS.uasset" 1250
"C:/Users/35695/Downloads/AdvancedGridInventorySyst 5.7/AdvancedGridInventorySyst 5.7/Content/INVENTORY/Core/GameInstance_AGIS.uexp" 1251
"C:/Users/35695/Downloads/AdvancedGridInventorySyst 5.7/AdvancedGridInventorySyst 5.7/Content/INVENTORY/Items/ItemTextures/T_Ammo.uasset" 1252
"C:/Users/35695/Downloads/AdvancedGridInventorySyst 5.7/AdvancedGridInventorySyst 5.7/Content/INVENTORY/Items/ItemTextures/T_Ammo.uexp" 1253
"C:/Users/35695/Downloads/AdvancedGridInventorySyst 5.7/AdvancedGridInventorySyst 5.7/Content/INVENTORY/Items/Resources/KevlarVest/KevlarVest_Normal.ubulk" 1254
"C:/Users/35695/Downloads/AdvancedGridInventorySyst 5.7/AdvancedGridInventorySyst 5.7/Content/INVENTORY/Items/Resources/KevlarVest/KevlarVest_Normal.uasset" 1255
"C:/Users/35695/Downloads/AdvancedGridInventorySyst 5.7/AdvancedGridInventorySyst 5.7/Content/INVENTORY/Items/Resources/KevlarVest/KevlarVest_Normal.uexp" 1256
"C:/Users/35695/Downloads/AdvancedGridInventorySyst 5.7/AdvancedGridInventorySyst 5.7/Content/INVENTORY/Items/Resources/KevlarVest/M_KevlarVest.uasset" 1257
"C:/Users/35695/Downloads/AdvancedGridInventorySyst 5.7/AdvancedGridInventorySyst 5.7/Content/INVENTORY/Items/Resources/KevlarVest/M_KevlarVest.uexp" 1258
"C:/Users/35695/Downloads/AdvancedGridInventorySyst 5.7/AdvancedGridInventorySyst 5.7/Content/INVENTORY/Items/Resources/KevlarVest/PA_KevlarVest.uasset" 1259
"C:/Users/35695/Downloads/AdvancedGridInventorySyst 5.7/AdvancedGridInventorySyst 5.7/Content/INVENTORY/Items/Resources/KevlarVest/PA_KevlarVest.uexp" 1260
"C:/Users/35695/Downloads/AdvancedGridInventorySyst 5.7/AdvancedGridInventorySyst 5.7/Content/INVENTORY/Items/Resources/KevlarVest/SKM_KevlarVest_HighPoly.uasset" 1261
"C:/Users/35695/Downloads/AdvancedGridInventorySyst 5.7/AdvancedGridInventorySyst 5.7/Content/INVENTORY/Items/Resources/KevlarVest/SKM_KevlarVest_HighPoly.uexp" 1262
"C:/Users/35695/Downloads/AdvancedGridInventorySyst 5.7/AdvancedGridInventorySyst 5.7/Content/INVENTORY/Items/Resources/KevlarVest/SM_KevlarVest.ubulk" 1263
"C:/Users/35695/Downloads/AdvancedGridInventorySyst 5.7/AdvancedGridInventorySyst 5.7/Content/INVENTORY/Items/Resources/KevlarVest/SM_KevlarVest.uasset" 1264
"C:/Users/35695/Downloads/AdvancedGridInventorySyst 5.7/AdvancedGridInventorySyst 5.7/Content/INVENTORY/Items/Resources/KevlarVest/SM_KevlarVest.uexp" 1265
"C:/Users/35695/Downloads/AdvancedGridInventorySyst 5.7/AdvancedGridInventorySyst 5.7/Content/INVENTORY/Items/BP_Item_KevlarVest.uasset" 1266
"C:/Users/35695/Downloads/AdvancedGridInventorySyst 5.7/AdvancedGridInventorySyst 5.7/Content/INVENTORY/Items/BP_Item_KevlarVest.uexp" 1267
"C:/Users/35695/Downloads/AdvancedGridInventorySyst 5.7/AdvancedGridInventorySyst 5.7/Content/INVENTORY/Items/ItemTextures/T_Backpack_Camper.uasset" 1268
"C:/Users/35695/Downloads/AdvancedGridInventorySyst 5.7/AdvancedGridInventorySyst 5.7/Content/INVENTORY/Items/ItemTextures/T_Backpack_Camper.uexp" 1269
"C:/Users/35695/Downloads/AdvancedGridInventorySyst 5.7/AdvancedGridInventorySyst 5.7/Content/INVENTORY/Items/Resources/LightVest/M_LightVest.uasset" 1270
"C:/Users/35695/Downloads/AdvancedGridInventorySyst 5.7/AdvancedGridInventorySyst 5.7/Content/INVENTORY/Items/Resources/LightVest/M_LightVest.uexp" 1271
"C:/Users/35695/Downloads/AdvancedGridInventorySyst 5.7/AdvancedGridInventorySyst 5.7/Content/INVENTORY/Items/Resources/LightVest/SM_LightVest.ubulk" 1272
"C:/Users/35695/Downloads/AdvancedGridInventorySyst 5.7/AdvancedGridInventorySyst 5.7/Content/INVENTORY/Items/Resources/LightVest/SM_LightVest.uasset" 1273
"C:/Users/35695/Downloads/AdvancedGridInventorySyst 5.7/AdvancedGridInventorySyst 5.7/Content/INVENTORY/Items/Resources/LightVest/SM_LightVest.uexp" 1274
"C:/Users/35695/Downloads/AdvancedGridInventorySyst 5.7/AdvancedGridInventorySyst 5.7/Content/INVENTORY/Items/Resources/LightVest/PA_LightVest.uasset" 1275
"C:/Users/35695/Downloads/AdvancedGridInventorySyst 5.7/AdvancedGridInventorySyst 5.7/Content/INVENTORY/Items/Resources/LightVest/PA_LightVest.uexp" 1276
"C:/Users/35695/Downloads/AdvancedGridInventorySyst 5.7/AdvancedGridInventorySyst 5.7/Content/INVENTORY/Items/Resources/LightVest/SKM_Lightvest.uasset" 1277
"C:/Users/35695/Downloads/AdvancedGridInventorySyst 5.7/AdvancedGridInventorySyst 5.7/Content/INVENTORY/Items/Resources/LightVest/SKM_Lightvest.uexp" 1278
"C:/Users/35695/Downloads/AdvancedGridInventorySyst 5.7/AdvancedGridInventorySyst 5.7/Content/INVENTORY/Items/BP_Item_LightVest.uasset" 1279
"C:/Users/35695/Downloads/AdvancedGridInventorySyst 5.7/AdvancedGridInventorySyst 5.7/Content/INVENTORY/Items/BP_Item_LightVest.uexp" 1280
"C:/Users/35695/Downloads/AdvancedGridInventorySyst 5.7/AdvancedGridInventorySyst 5.7/Content/INVENTORY/Items/Resources/Vehicle/SM_siren_Bottom.ubulk" 1281
"C:/Users/35695/Downloads/AdvancedGridInventorySyst 5.7/AdvancedGridInventorySyst 5.7/Content/INVENTORY/Items/Resources/Vehicle/SM_siren_Bottom.uasset" 1282
"C:/Users/35695/Downloads/AdvancedGridInventorySyst 5.7/AdvancedGridInventorySyst 5.7/Content/INVENTORY/Items/Resources/Vehicle/SM_siren_Bottom.uexp" 1283
"C:/Users/35695/Downloads/AdvancedGridInventorySyst 5.7/AdvancedGridInventorySyst 5.7/Content/INVENTORY/Other/Materials/MI_BlueMetalic.uasset" 1284
"C:/Users/35695/Downloads/AdvancedGridInventorySyst 5.7/AdvancedGridInventorySyst 5.7/Content/INVENTORY/Other/Materials/MI_BlueMetalic.uexp" 1285
"C:/Users/35695/Downloads/AdvancedGridInventorySyst 5.7/AdvancedGridInventorySyst 5.7/Content/INVENTORY/Items/Resources/Vehicle/SM_siren_Cylinder1.ubulk" 1286
"C:/Users/35695/Downloads/AdvancedGridInventorySyst 5.7/AdvancedGridInventorySyst 5.7/Content/INVENTORY/Items/Resources/Vehicle/SM_siren_Cylinder1.uasset" 1287
"C:/Users/35695/Downloads/AdvancedGridInventorySyst 5.7/AdvancedGridInventorySyst 5.7/Content/INVENTORY/Items/Resources/Vehicle/SM_siren_Cylinder1.uexp" 1288
"C:/Users/35695/Downloads/AdvancedGridInventorySyst 5.7/AdvancedGridInventorySyst 5.7/Content/INVENTORY/Items/Resources/Vehicle/SM_siren_Cylinder2.ubulk" 1289
"C:/Users/35695/Downloads/AdvancedGridInventorySyst 5.7/AdvancedGridInventorySyst 5.7/Content/INVENTORY/Items/Resources/Vehicle/SM_siren_Cylinder2.uasset" 1290
"C:/Users/35695/Downloads/AdvancedGridInventorySyst 5.7/AdvancedGridInventorySyst 5.7/Content/INVENTORY/Items/Resources/Vehicle/SM_siren_Cylinder2.uexp" 1291
"C:/Users/35695/Downloads/AdvancedGridInventorySyst 5.7/AdvancedGridInventorySyst 5.7/Content/INVENTORY/Items/BP_Item_Siren.uasset" 1292
"C:/Users/35695/Downloads/AdvancedGridInventorySyst 5.7/AdvancedGridInventorySyst 5.7/Content/INVENTORY/Items/BP_Item_Siren.uexp" 1293
"C:/Users/35695/Downloads/AdvancedGridInventorySyst 5.7/AdvancedGridInventorySyst 5.7/Content/INVENTORY/Items/ItemTextures/T_Backpack_Sport.uasset" 1294
"C:/Users/35695/Downloads/AdvancedGridInventorySyst 5.7/AdvancedGridInventorySyst 5.7/Content/INVENTORY/Items/ItemTextures/T_Backpack_Sport.uexp" 1295
"C:/Users/35695/Downloads/AdvancedGridInventorySyst 5.7/AdvancedGridInventorySyst 5.7/Content/INVENTORY/Items/ItemTextures/T_Bumper.uasset" 1296
"C:/Users/35695/Downloads/AdvancedGridInventorySyst 5.7/AdvancedGridInventorySyst 5.7/Content/INVENTORY/Items/ItemTextures/T_Bumper.uexp" 1297
"C:/Users/35695/Downloads/AdvancedGridInventorySyst 5.7/AdvancedGridInventorySyst 5.7/Content/INVENTORY/Items/ItemTextures/T_CombatVest.uasset" 1298
"C:/Users/35695/Downloads/AdvancedGridInventorySyst 5.7/AdvancedGridInventorySyst 5.7/Content/INVENTORY/Items/ItemTextures/T_CombatVest.uexp" 1299
"C:/Users/35695/Downloads/AdvancedGridInventorySyst 5.7/AdvancedGridInventorySyst 5.7/Content/INVENTORY/Items/ItemTextures/T_CookedMeat.uasset" 1300
"C:/Users/35695/Downloads/AdvancedGridInventorySyst 5.7/AdvancedGridInventorySyst 5.7/Content/INVENTORY/Items/ItemTextures/T_CookedMeat.uexp" 1301
"C:/Users/35695/Downloads/AdvancedGridInventorySyst 5.7/AdvancedGridInventorySyst 5.7/Content/INVENTORY/Items/ItemTextures/T_Flashlight.uasset" 1302
"C:/Users/35695/Downloads/AdvancedGridInventorySyst 5.7/AdvancedGridInventorySyst 5.7/Content/INVENTORY/Items/ItemTextures/T_Flashlight.uexp" 1303
"C:/Users/35695/Downloads/AdvancedGridInventorySyst 5.7/AdvancedGridInventorySyst 5.7/Content/INVENTORY/Items/ItemTextures/T_Gloves.uasset" 1304
"C:/Users/35695/Downloads/AdvancedGridInventorySyst 5.7/AdvancedGridInventorySyst 5.7/Content/INVENTORY/Items/ItemTextures/T_Gloves.uexp" 1305
"C:/Users/35695/Downloads/AdvancedGridInventorySyst 5.7/AdvancedGridInventorySyst 5.7/Content/INVENTORY/Items/ItemTextures/T_GoldIngot.uasset" 1306
"C:/Users/35695/Downloads/AdvancedGridInventorySyst 5.7/AdvancedGridInventorySyst 5.7/Content/INVENTORY/Items/ItemTextures/T_GoldIngot.uexp" 1307
"C:/Users/35695/Downloads/AdvancedGridInventorySyst 5.7/AdvancedGridInventorySyst 5.7/Content/INVENTORY/Items/ItemTextures/T_GoldOre.uasset" 1308
"C:/Users/35695/Downloads/AdvancedGridInventorySyst 5.7/AdvancedGridInventorySyst 5.7/Content/INVENTORY/Items/ItemTextures/T_GoldOre.uexp" 1309
"C:/Users/35695/Downloads/AdvancedGridInventorySyst 5.7/AdvancedGridInventorySyst 5.7/Content/INVENTORY/Items/ItemTextures/T_Headphone.uasset" 1310
"C:/Users/35695/Downloads/AdvancedGridInventorySyst 5.7/AdvancedGridInventorySyst 5.7/Content/INVENTORY/Items/ItemTextures/T_Headphone.uexp" 1311
"C:/Users/35695/Downloads/AdvancedGridInventorySyst 5.7/AdvancedGridInventorySyst 5.7/Content/INVENTORY/Items/ItemTextures/T_Helmet.uasset" 1312
"C:/Users/35695/Downloads/AdvancedGridInventorySyst 5.7/AdvancedGridInventorySyst 5.7/Content/INVENTORY/Items/ItemTextures/T_Helmet.uexp" 1313
"C:/Users/35695/Downloads/AdvancedGridInventorySyst 5.7/AdvancedGridInventorySyst 5.7/Content/INVENTORY/Items/ItemTextures/T_Jerrycan.uasset" 1314
"C:/Users/35695/Downloads/AdvancedGridInventorySyst 5.7/AdvancedGridInventorySyst 5.7/Content/INVENTORY/Items/ItemTextures/T_Jerrycan.uexp" 1315
"C:/Users/35695/Downloads/AdvancedGridInventorySyst 5.7/AdvancedGridInventorySyst 5.7/Content/INVENTORY/Items/ItemTextures/T_KevlarVest.uasset" 1316
"C:/Users/35695/Downloads/AdvancedGridInventorySyst 5.7/AdvancedGridInventorySyst 5.7/Content/INVENTORY/Items/ItemTextures/T_KevlarVest.uexp" 1317
"C:/Users/35695/Downloads/AdvancedGridInventorySyst 5.7/AdvancedGridInventorySyst 5.7/Content/INVENTORY/Items/ItemTextures/T_Magazine.uasset" 1318
"C:/Users/35695/Downloads/AdvancedGridInventorySyst 5.7/AdvancedGridInventorySyst 5.7/Content/INVENTORY/Items/ItemTextures/T_Magazine.uexp" 1319
"C:/Users/35695/Downloads/AdvancedGridInventorySyst 5.7/AdvancedGridInventorySyst 5.7/Content/INVENTORY/Items/ItemTextures/T_MilitaryVest.uasset" 1320
"C:/Users/35695/Downloads/AdvancedGridInventorySyst 5.7/AdvancedGridInventorySyst 5.7/Content/INVENTORY/Items/ItemTextures/T_MilitaryVest.uexp" 1321
"C:/Users/35695/Downloads/AdvancedGridInventorySyst 5.7/AdvancedGridInventorySyst 5.7/Content/INVENTORY/Items/ItemTextures/T_Money.uasset" 1322
"C:/Users/35695/Downloads/AdvancedGridInventorySyst 5.7/AdvancedGridInventorySyst 5.7/Content/INVENTORY/Items/ItemTextures/T_Money.uexp" 1323
"C:/Users/35695/Downloads/AdvancedGridInventorySyst 5.7/AdvancedGridInventorySyst 5.7/Content/INVENTORY/Items/ItemTextures/T_RawMeat.uasset" 1324
"C:/Users/35695/Downloads/AdvancedGridInventorySyst 5.7/AdvancedGridInventorySyst 5.7/Content/INVENTORY/Items/ItemTextures/T_RawMeat.uexp" 1325
"C:/Users/35695/Downloads/AdvancedGridInventorySyst 5.7/AdvancedGridInventorySyst 5.7/Content/INVENTORY/Items/ItemTextures/T_Rifle.uasset" 1326
"C:/Users/35695/Downloads/AdvancedGridInventorySyst 5.7/AdvancedGridInventorySyst 5.7/Content/INVENTORY/Items/ItemTextures/T_Rifle.uexp" 1327
"C:/Users/35695/Downloads/AdvancedGridInventorySyst 5.7/AdvancedGridInventorySyst 5.7/Content/INVENTORY/Items/ItemTextures/T_RifleFlashlight.ubulk" 1328
"C:/Users/35695/Downloads/AdvancedGridInventorySyst 5.7/AdvancedGridInventorySyst 5.7/Content/INVENTORY/Items/ItemTextures/T_RifleFlashlight.uasset" 1329
"C:/Users/35695/Downloads/AdvancedGridInventorySyst 5.7/AdvancedGridInventorySyst 5.7/Content/INVENTORY/Items/ItemTextures/T_RifleFlashlight.uexp" 1330
"C:/Users/35695/Downloads/AdvancedGridInventorySyst 5.7/AdvancedGridInventorySyst 5.7/Content/INVENTORY/Items/ItemTextures/T_SecurityCard.uasset" 1331
"C:/Users/35695/Downloads/AdvancedGridInventorySyst 5.7/AdvancedGridInventorySyst 5.7/Content/INVENTORY/Items/ItemTextures/T_SecurityCard.uexp" 1332
"C:/Users/35695/Downloads/AdvancedGridInventorySyst 5.7/AdvancedGridInventorySyst 5.7/Content/INVENTORY/Items/ItemTextures/T_Siren.uasset" 1333
"C:/Users/35695/Downloads/AdvancedGridInventorySyst 5.7/AdvancedGridInventorySyst 5.7/Content/INVENTORY/Items/ItemTextures/T_Siren.uexp" 1334
"C:/Users/35695/Downloads/AdvancedGridInventorySyst 5.7/AdvancedGridInventorySyst 5.7/Content/INVENTORY/Items/ItemTextures/T_Suppressor.ubulk" 1335
"C:/Users/35695/Downloads/AdvancedGridInventorySyst 5.7/AdvancedGridInventorySyst 5.7/Content/INVENTORY/Items/ItemTextures/T_Suppressor.uasset" 1336
"C:/Users/35695/Downloads/AdvancedGridInventorySyst 5.7/AdvancedGridInventorySyst 5.7/Content/INVENTORY/Items/ItemTextures/T_Suppressor.uexp" 1337
"C:/Users/35695/Downloads/AdvancedGridInventorySyst 5.7/AdvancedGridInventorySyst 5.7/Content/INVENTORY/Items/ItemTextures/T_WaterBottle.uasset" 1338
"C:/Users/35695/Downloads/AdvancedGridInventorySyst 5.7/AdvancedGridInventorySyst 5.7/Content/INVENTORY/Items/ItemTextures/T_WaterBottle.uexp" 1339
"C:/Users/35695/Downloads/AdvancedGridInventorySyst 5.7/AdvancedGridInventorySyst 5.7/Content/INVENTORY/Items/ItemTextures/T_YellowBattery.uasset" 1340
"C:/Users/35695/Downloads/AdvancedGridInventorySyst 5.7/AdvancedGridInventorySyst 5.7/Content/INVENTORY/Items/ItemTextures/T_YellowBattery.uexp" 1341
"C:/Users/35695/Downloads/AdvancedGridInventorySyst 5.7/AdvancedGridInventorySyst 5.7/Content/INVENTORY/UI/Widgets/Other/WidgetTextures/T_WrenchBlack.ubulk" 1342
"C:/Users/35695/Downloads/AdvancedGridInventorySyst 5.7/AdvancedGridInventorySyst 5.7/Content/INVENTORY/UI/Widgets/Other/WidgetTextures/T_WrenchBlack.uasset" 1343
"C:/Users/35695/Downloads/AdvancedGridInventorySyst 5.7/AdvancedGridInventorySyst 5.7/Content/INVENTORY/UI/Widgets/Other/WidgetTextures/T_WrenchBlack.uexp" 1344
"C:/Users/35695/Downloads/AdvancedGridInventorySyst 5.7/AdvancedGridInventorySyst 5.7/Content/INVENTORY/UI/Widgets/Other/WidgetTextures/T_WrenchWhite.ubulk" 1345
"C:/Users/35695/Downloads/AdvancedGridInventorySyst 5.7/AdvancedGridInventorySyst 5.7/Content/INVENTORY/UI/Widgets/Other/WidgetTextures/T_WrenchWhite.uasset" 1346
"C:/Users/35695/Downloads/AdvancedGridInventorySyst 5.7/AdvancedGridInventorySyst 5.7/Content/INVENTORY/UI/Widgets/Other/WidgetTextures/T_WrenchWhite.uexp" 1347
"C:/Users/35695/Downloads/AdvancedGridInventorySyst 5.7/AdvancedGridInventorySyst 5.7/Content/INVENTORY/Other/Materials/M_Metal.uasset" 1348
"C:/Users/35695/Downloads/AdvancedGridInventorySyst 5.7/AdvancedGridInventorySyst 5.7/Content/INVENTORY/Other/Materials/M_Metal.uexp" 1349
"C:/Users/35695/Downloads/AdvancedGridInventorySyst 5.7/AdvancedGridInventorySyst 5.7/Content/INVENTORY/Other/Materials/MI_Gold.uasset" 1350
"C:/Users/35695/Downloads/AdvancedGridInventorySyst 5.7/AdvancedGridInventorySyst 5.7/Content/INVENTORY/Other/Materials/MI_Gold.uexp" 1351
"C:/Users/35695/Downloads/AdvancedGridInventorySyst 5.7/AdvancedGridInventorySyst 5.7/Content/INVENTORY/Items/Resources/_Others/SM_GoldIngot.ubulk" 1352
"C:/Users/35695/Downloads/AdvancedGridInventorySyst 5.7/AdvancedGridInventorySyst 5.7/Content/INVENTORY/Items/Resources/_Others/SM_GoldIngot.uasset" 1353
"C:/Users/35695/Downloads/AdvancedGridInventorySyst 5.7/AdvancedGridInventorySyst 5.7/Content/INVENTORY/Items/Resources/_Others/SM_GoldIngot.uexp" 1354
"C:/Users/35695/Downloads/AdvancedGridInventorySyst 5.7/AdvancedGridInventorySyst 5.7/Content/INVENTORY/Items/Resources/_Others/SM_GoldOre.ubulk" 1355
"C:/Users/35695/Downloads/AdvancedGridInventorySyst 5.7/AdvancedGridInventorySyst 5.7/Content/INVENTORY/Items/Resources/_Others/SM_GoldOre.uasset" 1356
"C:/Users/35695/Downloads/AdvancedGridInventorySyst 5.7/AdvancedGridInventorySyst 5.7/Content/INVENTORY/Items/Resources/_Others/SM_GoldOre.uexp" 1357
"C:/Users/35695/Downloads/AdvancedGridInventorySyst 5.7/AdvancedGridInventorySyst 5.7/Content/INVENTORY/Other/Materials/MI_Blue.uasset" 1358
"C:/Users/35695/Downloads/AdvancedGridInventorySyst 5.7/AdvancedGridInventorySyst 5.7/Content/INVENTORY/Other/Materials/MI_Blue.uexp" 1359
"C:/Users/35695/Downloads/AdvancedGridInventorySyst 5.7/AdvancedGridInventorySyst 5.7/Content/INVENTORY/Items/Resources/_Others/SM_Headphone.ubulk" 1360
"C:/Users/35695/Downloads/AdvancedGridInventorySyst 5.7/AdvancedGridInventorySyst 5.7/Content/INVENTORY/Items/Resources/_Others/SM_Headphone.uasset" 1361
"C:/Users/35695/Downloads/AdvancedGridInventorySyst 5.7/AdvancedGridInventorySyst 5.7/Content/INVENTORY/Items/Resources/_Others/SM_Headphone.uexp" 1362
"C:/Users/35695/Downloads/AdvancedGridInventorySyst 5.7/AdvancedGridInventorySyst 5.7/Content/INVENTORY/Other/Materials/MI_Bottle.uasset" 1363
"C:/Users/35695/Downloads/AdvancedGridInventorySyst 5.7/AdvancedGridInventorySyst 5.7/Content/INVENTORY/Other/Materials/MI_Bottle.uexp" 1364
"C:/Users/35695/Downloads/AdvancedGridInventorySyst 5.7/AdvancedGridInventorySyst 5.7/Content/INVENTORY/Other/Materials/MI_Brown.uasset" 1365
"C:/Users/35695/Downloads/AdvancedGridInventorySyst 5.7/AdvancedGridInventorySyst 5.7/Content/INVENTORY/Other/Materials/MI_Brown.uexp" 1366
"C:/Users/35695/Downloads/AdvancedGridInventorySyst 5.7/AdvancedGridInventorySyst 5.7/Content/INVENTORY/Items/Resources/_Others/SM_WaterBottle.ubulk" 1367
"C:/Users/35695/Downloads/AdvancedGridInventorySyst 5.7/AdvancedGridInventorySyst 5.7/Content/INVENTORY/Items/Resources/_Others/SM_WaterBottle.uasset" 1368
"C:/Users/35695/Downloads/AdvancedGridInventorySyst 5.7/AdvancedGridInventorySyst 5.7/Content/INVENTORY/Items/Resources/_Others/SM_WaterBottle.uexp" 1369
"C:/Users/35695/Downloads/AdvancedGridInventorySyst 5.7/AdvancedGridInventorySyst 5.7/Content/INVENTORY/UI/Widgets/LootWidgets/WB_LootingHuman.uasset" 1370
"C:/Users/35695/Downloads/AdvancedGridInventorySyst 5.7/AdvancedGridInventorySyst 5.7/Content/INVENTORY/UI/Widgets/LootWidgets/WB_LootingHuman.uexp" 1371
"C:/Users/35695/Downloads/AdvancedGridInventorySyst 5.7/AdvancedGridInventorySyst 5.7/Content/INVENTORY/UI/Widgets/LootWidgets/WB_LootingItem.uasset" 1372
"C:/Users/35695/Downloads/AdvancedGridInventorySyst 5.7/AdvancedGridInventorySyst 5.7/Content/INVENTORY/UI/Widgets/LootWidgets/WB_LootingItem.uexp" 1373
"C:/Users/35695/Downloads/AdvancedGridInventorySyst 5.7/AdvancedGridInventorySyst 5.7/Content/INVENTORY/UI/Widgets/LootWidgets/WB_LootingStorage.uasset" 1374
"C:/Users/35695/Downloads/AdvancedGridInventorySyst 5.7/AdvancedGridInventorySyst 5.7/Content/INVENTORY/UI/Widgets/LootWidgets/WB_LootingStorage.uexp" 1375
"C:/Users/35695/Downloads/AdvancedGridInventorySyst 5.7/AdvancedGridInventorySyst 5.7/Content/INVENTORY/UI/Widgets/LootWidgets/WB_LootingVendor.uasset" 1376
"C:/Users/35695/Downloads/AdvancedGridInventorySyst 5.7/AdvancedGridInventorySyst 5.7/Content/INVENTORY/UI/Widgets/LootWidgets/WB_LootingVendor.uexp" 1377
"C:/Users/35695/Downloads/AdvancedGridInventorySyst 5.7/AdvancedGridInventorySyst 5.7/Content/INVENTORY/Items/Resources/_Others/Meat/BaseColor_CookedMeat.ubulk" 1378
"C:/Users/35695/Downloads/AdvancedGridInventorySyst 5.7/AdvancedGridInventorySyst 5.7/Content/INVENTORY/Items/Resources/_Others/Meat/BaseColor_CookedMeat.uasset" 1379
"C:/Users/35695/Downloads/AdvancedGridInventorySyst 5.7/AdvancedGridInventorySyst 5.7/Content/INVENTORY/Items/Resources/_Others/Meat/BaseColor_CookedMeat.uexp" 1380
"C:/Users/35695/Downloads/AdvancedGridInventorySyst 5.7/AdvancedGridInventorySyst 5.7/Content/INVENTORY/Items/Resources/_Others/Meat/Normal_RawMeat.ubulk" 1381
"C:/Users/35695/Downloads/AdvancedGridInventorySyst 5.7/AdvancedGridInventorySyst 5.7/Content/INVENTORY/Items/Resources/_Others/Meat/Normal_RawMeat.uasset" 1382
"C:/Users/35695/Downloads/AdvancedGridInventorySyst 5.7/AdvancedGridInventorySyst 5.7/Content/INVENTORY/Items/Resources/_Others/Meat/Normal_RawMeat.uexp" 1383
"C:/Users/35695/Downloads/AdvancedGridInventorySyst 5.7/AdvancedGridInventorySyst 5.7/Content/INVENTORY/Items/Resources/_Others/Meat/M_CookedMeat.uasset" 1384
"C:/Users/35695/Downloads/AdvancedGridInventorySyst 5.7/AdvancedGridInventorySyst 5.7/Content/INVENTORY/Items/Resources/_Others/Meat/M_CookedMeat.uexp" 1385
"C:/Users/35695/Downloads/AdvancedGridInventorySyst 5.7/AdvancedGridInventorySyst 5.7/Content/INVENTORY/Items/Resources/_Others/Meat/SM_CookedMeat.ubulk" 1386
"C:/Users/35695/Downloads/AdvancedGridInventorySyst 5.7/AdvancedGridInventorySyst 5.7/Content/INVENTORY/Items/Resources/_Others/Meat/SM_CookedMeat.uasset" 1387
"C:/Users/35695/Downloads/AdvancedGridInventorySyst 5.7/AdvancedGridInventorySyst 5.7/Content/INVENTORY/Items/Resources/_Others/Meat/SM_CookedMeat.uexp" 1388
"C:/Users/35695/Downloads/AdvancedGridInventorySyst 5.7/AdvancedGridInventorySyst 5.7/Content/INVENTORY/Items/Resources/_Others/Meat/BaseColor_RawMeat.ubulk" 1389
"C:/Users/35695/Downloads/AdvancedGridInventorySyst 5.7/AdvancedGridInventorySyst 5.7/Content/INVENTORY/Items/Resources/_Others/Meat/BaseColor_RawMeat.uasset" 1390
"C:/Users/35695/Downloads/AdvancedGridInventorySyst 5.7/AdvancedGridInventorySyst 5.7/Content/INVENTORY/Items/Resources/_Others/Meat/BaseColor_RawMeat.uexp" 1391
"C:/Users/35695/Downloads/AdvancedGridInventorySyst 5.7/AdvancedGridInventorySyst 5.7/Content/INVENTORY/Items/Resources/_Others/Meat/M_RawMeat.uasset" 1392
"C:/Users/35695/Downloads/AdvancedGridInventorySyst 5.7/AdvancedGridInventorySyst 5.7/Content/INVENTORY/Items/Resources/_Others/Meat/M_RawMeat.uexp" 1393
"C:/Users/35695/Downloads/AdvancedGridInventorySyst 5.7/AdvancedGridInventorySyst 5.7/Content/INVENTORY/Items/Resources/_Others/Meat/SM_RawMeat.ubulk" 1394
"C:/Users/35695/Downloads/AdvancedGridInventorySyst 5.7/AdvancedGridInventorySyst 5.7/Content/INVENTORY/Items/Resources/_Others/Meat/SM_RawMeat.uasset" 1395
"C:/Users/35695/Downloads/AdvancedGridInventorySyst 5.7/AdvancedGridInventorySyst 5.7/Content/INVENTORY/Items/Resources/_Others/Meat/SM_RawMeat.uexp" 1396
"C:/Users/35695/Downloads/AdvancedGridInventorySyst 5.7/AdvancedGridInventorySyst 5.7/Content/INVENTORY/Data/Structures/CraftingSlotRowInfo.uasset" 1397
"C:/Users/35695/Downloads/AdvancedGridInventorySyst 5.7/AdvancedGridInventorySyst 5.7/Content/INVENTORY/Data/Structures/CraftingSlotRowInfo.uexp" 1398
"C:/Users/35695/Downloads/AdvancedGridInventorySyst 5.7/AdvancedGridInventorySyst 5.7/Content/INVENTORY/Core/Inventory_Crafting.uasset" 1399
"C:/Users/35695/Downloads/AdvancedGridInventorySyst 5.7/AdvancedGridInventorySyst 5.7/Content/INVENTORY/Core/Inventory_Crafting.uexp" 1400
"C:/Users/35695/Downloads/AdvancedGridInventorySyst 5.7/AdvancedGridInventorySyst 5.7/Content/INVENTORY/UI/Widgets/LootWidgets/LootingCrafting/WB_CraftingRow.uasset" 1401
"C:/Users/35695/Downloads/AdvancedGridInventorySyst 5.7/AdvancedGridInventorySyst 5.7/Content/INVENTORY/UI/Widgets/LootWidgets/LootingCrafting/WB_CraftingRow.uexp" 1402
"C:/Users/35695/Downloads/AdvancedGridInventorySyst 5.7/AdvancedGridInventorySyst 5.7/Content/INVENTORY/UI/Widgets/LootWidgets/LootingCrafting/WB_LootingCrafting.uasset" 1403
"C:/Users/35695/Downloads/AdvancedGridInventorySyst 5.7/AdvancedGridInventorySyst 5.7/Content/INVENTORY/UI/Widgets/LootWidgets/LootingCrafting/WB_LootingCrafting.uexp" 1404
"C:/Users/35695/Downloads/AdvancedGridInventorySyst 5.7/AdvancedGridInventorySyst 5.7/Content/INVENTORY/UI/Widgets/Other/WidgetTextures/T_EquipSlot_Backpack.ubulk" 1405
"C:/Users/35695/Downloads/AdvancedGridInventorySyst 5.7/AdvancedGridInventorySyst 5.7/Content/INVENTORY/UI/Widgets/Other/WidgetTextures/T_EquipSlot_Backpack.uasset" 1406
"C:/Users/35695/Downloads/AdvancedGridInventorySyst 5.7/AdvancedGridInventorySyst 5.7/Content/INVENTORY/UI/Widgets/Other/WidgetTextures/T_EquipSlot_Backpack.uexp" 1407
"C:/Users/35695/Downloads/AdvancedGridInventorySyst 5.7/AdvancedGridInventorySyst 5.7/Content/INVENTORY/UI/Widgets/Other/WidgetTextures/T_EquipSlot_Batteries.uasset" 1408
"C:/Users/35695/Downloads/AdvancedGridInventorySyst 5.7/AdvancedGridInventorySyst 5.7/Content/INVENTORY/UI/Widgets/Other/WidgetTextures/T_EquipSlot_Batteries.uexp" 1409
"C:/Users/35695/Downloads/AdvancedGridInventorySyst 5.7/AdvancedGridInventorySyst 5.7/Content/INVENTORY/UI/Widgets/Other/WidgetTextures/T_Equipslot_Bumper.ubulk" 1410
"C:/Users/35695/Downloads/AdvancedGridInventorySyst 5.7/AdvancedGridInventorySyst 5.7/Content/INVENTORY/UI/Widgets/Other/WidgetTextures/T_Equipslot_Bumper.uasset" 1411
"C:/Users/35695/Downloads/AdvancedGridInventorySyst 5.7/AdvancedGridInventorySyst 5.7/Content/INVENTORY/UI/Widgets/Other/WidgetTextures/T_Equipslot_Bumper.uexp" 1412
"C:/Users/35695/Downloads/AdvancedGridInventorySyst 5.7/AdvancedGridInventorySyst 5.7/Content/INVENTORY/UI/Widgets/Other/WidgetTextures/T_EquipSlot_Flashlight.ubulk" 1413
"C:/Users/35695/Downloads/AdvancedGridInventorySyst 5.7/AdvancedGridInventorySyst 5.7/Content/INVENTORY/UI/Widgets/Other/WidgetTextures/T_EquipSlot_Flashlight.uasset" 1414
"C:/Users/35695/Downloads/AdvancedGridInventorySyst 5.7/AdvancedGridInventorySyst 5.7/Content/INVENTORY/UI/Widgets/Other/WidgetTextures/T_EquipSlot_Flashlight.uexp" 1415
"C:/Users/35695/Downloads/AdvancedGridInventorySyst 5.7/AdvancedGridInventorySyst 5.7/Content/INVENTORY/UI/Widgets/Other/WidgetTextures/T_EquipSlot_Gloves.ubulk" 1416
"C:/Users/35695/Downloads/AdvancedGridInventorySyst 5.7/AdvancedGridInventorySyst 5.7/Content/INVENTORY/UI/Widgets/Other/WidgetTextures/T_EquipSlot_Gloves.uasset" 1417
"C:/Users/35695/Downloads/AdvancedGridInventorySyst 5.7/AdvancedGridInventorySyst 5.7/Content/INVENTORY/UI/Widgets/Other/WidgetTextures/T_EquipSlot_Gloves.uexp" 1418
"C:/Users/35695/Downloads/AdvancedGridInventorySyst 5.7/AdvancedGridInventorySyst 5.7/Content/INVENTORY/UI/Widgets/Other/WidgetTextures/T_EquipSlot_Headphone.ubulk" 1419
"C:/Users/35695/Downloads/AdvancedGridInventorySyst 5.7/AdvancedGridInventorySyst 5.7/Content/INVENTORY/UI/Widgets/Other/WidgetTextures/T_EquipSlot_Headphone.uasset" 1420
"C:/Users/35695/Downloads/AdvancedGridInventorySyst 5.7/AdvancedGridInventorySyst 5.7/Content/INVENTORY/UI/Widgets/Other/WidgetTextures/T_EquipSlot_Headphone.uexp" 1421
"C:/Users/35695/Downloads/AdvancedGridInventorySyst 5.7/AdvancedGridInventorySyst 5.7/Content/INVENTORY/UI/Widgets/Other/WidgetTextures/T_EquipSlot_Helmet.ubulk" 1422
"C:/Users/35695/Downloads/AdvancedGridInventorySyst 5.7/AdvancedGridInventorySyst 5.7/Content/INVENTORY/UI/Widgets/Other/WidgetTextures/T_EquipSlot_Helmet.uasset" 1423
"C:/Users/35695/Downloads/AdvancedGridInventorySyst 5.7/AdvancedGridInventorySyst 5.7/Content/INVENTORY/UI/Widgets/Other/WidgetTextures/T_EquipSlot_Helmet.uexp" 1424
"C:/Users/35695/Downloads/AdvancedGridInventorySyst 5.7/AdvancedGridInventorySyst 5.7/Content/INVENTORY/UI/Widgets/Other/WidgetTextures/T_Equipslot_Ingot.ubulk" 1425
"C:/Users/35695/Downloads/AdvancedGridInventorySyst 5.7/AdvancedGridInventorySyst 5.7/Content/INVENTORY/UI/Widgets/Other/WidgetTextures/T_Equipslot_Ingot.uasset" 1426
"C:/Users/35695/Downloads/AdvancedGridInventorySyst 5.7/AdvancedGridInventorySyst 5.7/Content/INVENTORY/UI/Widgets/Other/WidgetTextures/T_Equipslot_Ingot.uexp" 1427
"../../../Engine/Plugins/Animation/ACLPlugin/Content/ACLAnimCurveCompressionSettings.uasset" 1428
"../../../Engine/Plugins/Animation/ACLPlugin/Content/ACLAnimCurveCompressionSettings.uexp" 1429
"../../../Engine/Content/Animation/DefaultRecorderBoneCompression.uasset" 1430
"../../../Engine/Content/Animation/DefaultRecorderBoneCompression.uexp" 1431
"../../../Engine/Content/Animation/DefaultVariableFrameStrippingSettings.uasset" 1432
"../../../Engine/Content/Animation/DefaultVariableFrameStrippingSettings.uexp" 1433
"C:/Users/35695/Downloads/AdvancedGridInventorySyst 5.7/AdvancedGridInventorySyst 5.7/Content/Characters/Mannequins/Meshes/SK_Mannequin.uasset" 1434
"C:/Users/35695/Downloads/AdvancedGridInventorySyst 5.7/AdvancedGridInventorySyst 5.7/Content/Characters/Mannequins/Meshes/SK_Mannequin.uexp" 1435
"C:/Users/35695/Downloads/AdvancedGridInventorySyst 5.7/AdvancedGridInventorySyst 5.7/Content/Characters/Mannequins/Anims/Unarmed/Attack/MM_Attack_01.uasset" 1436
"C:/Users/35695/Downloads/AdvancedGridInventorySyst 5.7/AdvancedGridInventorySyst 5.7/Content/Characters/Mannequins/Anims/Unarmed/Attack/MM_Attack_01.uexp" 1437
"C:/Users/35695/Downloads/AdvancedGridInventorySyst 5.7/AdvancedGridInventorySyst 5.7/Content/INVENTORY/UI/Widgets/Other/WidgetTextures/T_EquipSlot_Jerrycan.ubulk" 1438
"C:/Users/35695/Downloads/AdvancedGridInventorySyst 5.7/AdvancedGridInventorySyst 5.7/Content/INVENTORY/UI/Widgets/Other/WidgetTextures/T_EquipSlot_Jerrycan.uasset" 1439
"C:/Users/35695/Downloads/AdvancedGridInventorySyst 5.7/AdvancedGridInventorySyst 5.7/Content/INVENTORY/UI/Widgets/Other/WidgetTextures/T_EquipSlot_Jerrycan.uexp" 1440
"C:/Users/35695/Downloads/AdvancedGridInventorySyst 5.7/AdvancedGridInventorySyst 5.7/Content/INVENTORY/UI/Widgets/Other/WidgetTextures/T_EquipSlot_KevlarVest.ubulk" 1441
"C:/Users/35695/Downloads/AdvancedGridInventorySyst 5.7/AdvancedGridInventorySyst 5.7/Content/INVENTORY/UI/Widgets/Other/WidgetTextures/T_EquipSlot_KevlarVest.uasset" 1442
"C:/Users/35695/Downloads/AdvancedGridInventorySyst 5.7/AdvancedGridInventorySyst 5.7/Content/INVENTORY/UI/Widgets/Other/WidgetTextures/T_EquipSlot_KevlarVest.uexp" 1443
"C:/Users/35695/Downloads/AdvancedGridInventorySyst 5.7/AdvancedGridInventorySyst 5.7/Content/INVENTORY/UI/Widgets/Other/WidgetTextures/T_EquipSlot_Keycard.ubulk" 1444
"C:/Users/35695/Downloads/AdvancedGridInventorySyst 5.7/AdvancedGridInventorySyst 5.7/Content/INVENTORY/UI/Widgets/Other/WidgetTextures/T_EquipSlot_Keycard.uasset" 1445
"C:/Users/35695/Downloads/AdvancedGridInventorySyst 5.7/AdvancedGridInventorySyst 5.7/Content/INVENTORY/UI/Widgets/Other/WidgetTextures/T_EquipSlot_Keycard.uexp" 1446
"C:/Users/35695/Downloads/AdvancedGridInventorySyst 5.7/AdvancedGridInventorySyst 5.7/Content/INVENTORY/UI/Widgets/Other/WidgetTextures/T_EquipSlot_Magazine.ubulk" 1447
"C:/Users/35695/Downloads/AdvancedGridInventorySyst 5.7/AdvancedGridInventorySyst 5.7/Content/INVENTORY/UI/Widgets/Other/WidgetTextures/T_EquipSlot_Magazine.uasset" 1448
"C:/Users/35695/Downloads/AdvancedGridInventorySyst 5.7/AdvancedGridInventorySyst 5.7/Content/INVENTORY/UI/Widgets/Other/WidgetTextures/T_EquipSlot_Magazine.uexp" 1449
"C:/Users/35695/Downloads/AdvancedGridInventorySyst 5.7/AdvancedGridInventorySyst 5.7/Content/INVENTORY/UI/Widgets/Other/WidgetTextures/T_Equipslot_Meat.ubulk" 1450
"C:/Users/35695/Downloads/AdvancedGridInventorySyst 5.7/AdvancedGridInventorySyst 5.7/Content/INVENTORY/UI/Widgets/Other/WidgetTextures/T_Equipslot_Meat.uasset" 1451
"C:/Users/35695/Downloads/AdvancedGridInventorySyst 5.7/AdvancedGridInventorySyst 5.7/Content/INVENTORY/UI/Widgets/Other/WidgetTextures/T_Equipslot_Meat.uexp" 1452
"C:/Users/35695/Downloads/AdvancedGridInventorySyst 5.7/AdvancedGridInventorySyst 5.7/Content/INVENTORY/UI/Widgets/Other/WidgetTextures/T_EquipSlot_Rifle.uasset" 1453
"C:/Users/35695/Downloads/AdvancedGridInventorySyst 5.7/AdvancedGridInventorySyst 5.7/Content/INVENTORY/UI/Widgets/Other/WidgetTextures/T_EquipSlot_Rifle.uexp" 1454
"C:/Users/35695/Downloads/AdvancedGridInventorySyst 5.7/AdvancedGridInventorySyst 5.7/Content/INVENTORY/Other/Demo/ThirdPerson/Characters/Mannequins/Materials/M_Mannequin.uasset" 1455
"C:/Users/35695/Downloads/AdvancedGridInventorySyst 5.7/AdvancedGridInventorySyst 5.7/Content/INVENTORY/Other/Demo/ThirdPerson/Characters/Mannequins/Materials/M_Mannequin.uexp" 1456
"C:/Users/35695/Downloads/AdvancedGridInventorySyst 5.7/AdvancedGridInventorySyst 5.7/Content/INVENTORY/Other/Demo/ThirdPerson/Characters/Mannequins/Materials/Instances/Quinn/MI_Quinn_01.uasset" 1457
"C:/Users/35695/Downloads/AdvancedGridInventorySyst 5.7/AdvancedGridInventorySyst 5.7/Content/INVENTORY/Other/Demo/ThirdPerson/Characters/Mannequins/Materials/Instances/Quinn/MI_Quinn_01.uexp" 1458
"C:/Users/35695/Downloads/AdvancedGridInventorySyst 5.7/AdvancedGridInventorySyst 5.7/Content/INVENTORY/Other/Demo/ThirdPerson/Characters/Mannequins/Materials/Instances/Quinn/MI_Quinn_02.uasset" 1459
"C:/Users/35695/Downloads/AdvancedGridInventorySyst 5.7/AdvancedGridInventorySyst 5.7/Content/INVENTORY/Other/Demo/ThirdPerson/Characters/Mannequins/Materials/Instances/Quinn/MI_Quinn_02.uexp" 1460
"C:/Users/35695/Downloads/AdvancedGridInventorySyst 5.7/AdvancedGridInventorySyst 5.7/Content/INVENTORY/Other/Demo/ThirdPerson/Characters/Mannequins/Rigs/PA_Mannequin.uasset" 1461
"C:/Users/35695/Downloads/AdvancedGridInventorySyst 5.7/AdvancedGridInventorySyst 5.7/Content/INVENTORY/Other/Demo/ThirdPerson/Characters/Mannequins/Rigs/PA_Mannequin.uexp" 1462
"../../../Engine/Plugins/Animation/ControlRig/Content/Controls/DefaultGizmoLibrary.uasset" 1463
"../../../Engine/Plugins/Animation/ControlRig/Content/Controls/DefaultGizmoLibrary.uexp" 1464
"C:/Users/35695/Downloads/AdvancedGridInventorySyst 5.7/AdvancedGridInventorySyst 5.7/Content/INVENTORY/Other/Demo/ThirdPerson/Characters/Mannequins/Rigs/CR_Mannequin_Procedural.uasset" 1465
"C:/Users/35695/Downloads/AdvancedGridInventorySyst 5.7/AdvancedGridInventorySyst 5.7/Content/INVENTORY/Other/Demo/ThirdPerson/Characters/Mannequins/Rigs/CR_Mannequin_Procedural.uexp" 1466
"C:/Users/35695/Downloads/AdvancedGridInventorySyst 5.7/AdvancedGridInventorySyst 5.7/Content/INVENTORY/Other/Demo/ThirdPerson/Characters/Mannequins/Rigs/Poses/Quinn/Quinn_calf_l_pose.uasset" 1467
"C:/Users/35695/Downloads/AdvancedGridInventorySyst 5.7/AdvancedGridInventorySyst 5.7/Content/INVENTORY/Other/Demo/ThirdPerson/Characters/Mannequins/Rigs/Poses/Quinn/Quinn_calf_l_pose.uexp" 1468
"C:/Users/35695/Downloads/AdvancedGridInventorySyst 5.7/AdvancedGridInventorySyst 5.7/Content/INVENTORY/Other/Demo/ThirdPerson/Characters/Mannequins/Rigs/Poses/Quinn/Quinn_calf_r_pose.uasset" 1469
"C:/Users/35695/Downloads/AdvancedGridInventorySyst 5.7/AdvancedGridInventorySyst 5.7/Content/INVENTORY/Other/Demo/ThirdPerson/Characters/Mannequins/Rigs/Poses/Quinn/Quinn_calf_r_pose.uexp" 1470
"C:/Users/35695/Downloads/AdvancedGridInventorySyst 5.7/AdvancedGridInventorySyst 5.7/Content/INVENTORY/Other/Demo/ThirdPerson/Characters/Mannequins/Rigs/Poses/Quinn/Quinn_clavicle_l_pose.uasset" 1471
"C:/Users/35695/Downloads/AdvancedGridInventorySyst 5.7/AdvancedGridInventorySyst 5.7/Content/INVENTORY/Other/Demo/ThirdPerson/Characters/Mannequins/Rigs/Poses/Quinn/Quinn_clavicle_l_pose.uexp" 1472
"C:/Users/35695/Downloads/AdvancedGridInventorySyst 5.7/AdvancedGridInventorySyst 5.7/Content/INVENTORY/Other/Demo/ThirdPerson/Characters/Mannequins/Rigs/Poses/Quinn/Quinn_clavicle_r_pose.uasset" 1473
"C:/Users/35695/Downloads/AdvancedGridInventorySyst 5.7/AdvancedGridInventorySyst 5.7/Content/INVENTORY/Other/Demo/ThirdPerson/Characters/Mannequins/Rigs/Poses/Quinn/Quinn_clavicle_r_pose.uexp" 1474
"C:/Users/35695/Downloads/AdvancedGridInventorySyst 5.7/AdvancedGridInventorySyst 5.7/Content/INVENTORY/Other/Demo/ThirdPerson/Characters/Mannequins/Rigs/Poses/Quinn/Quinn_foot_l_pose.uasset" 1475
"C:/Users/35695/Downloads/AdvancedGridInventorySyst 5.7/AdvancedGridInventorySyst 5.7/Content/INVENTORY/Other/Demo/ThirdPerson/Characters/Mannequins/Rigs/Poses/Quinn/Quinn_foot_l_pose.uexp" 1476
"C:/Users/35695/Downloads/AdvancedGridInventorySyst 5.7/AdvancedGridInventorySyst 5.7/Content/INVENTORY/Other/Demo/ThirdPerson/Characters/Mannequins/Rigs/Poses/Quinn/Quinn_foot_r_pose.uasset" 1477
"C:/Users/35695/Downloads/AdvancedGridInventorySyst 5.7/AdvancedGridInventorySyst 5.7/Content/INVENTORY/Other/Demo/ThirdPerson/Characters/Mannequins/Rigs/Poses/Quinn/Quinn_foot_r_pose.uexp" 1478
"C:/Users/35695/Downloads/AdvancedGridInventorySyst 5.7/AdvancedGridInventorySyst 5.7/Content/INVENTORY/Other/Demo/ThirdPerson/Characters/Mannequins/Rigs/Poses/Quinn/Quinn_hand_l_pose.uasset" 1479
"C:/Users/35695/Downloads/AdvancedGridInventorySyst 5.7/AdvancedGridInventorySyst 5.7/Content/INVENTORY/Other/Demo/ThirdPerson/Characters/Mannequins/Rigs/Poses/Quinn/Quinn_hand_l_pose.uexp" 1480
"C:/Users/35695/Downloads/AdvancedGridInventorySyst 5.7/AdvancedGridInventorySyst 5.7/Content/INVENTORY/Other/Demo/ThirdPerson/Characters/Mannequins/Rigs/Poses/Quinn/Quinn_hand_r_pose.uasset" 1481
"C:/Users/35695/Downloads/AdvancedGridInventorySyst 5.7/AdvancedGridInventorySyst 5.7/Content/INVENTORY/Other/Demo/ThirdPerson/Characters/Mannequins/Rigs/Poses/Quinn/Quinn_hand_r_pose.uexp" 1482
"C:/Users/35695/Downloads/AdvancedGridInventorySyst 5.7/AdvancedGridInventorySyst 5.7/Content/INVENTORY/Other/Demo/ThirdPerson/Characters/Mannequins/Rigs/Poses/Quinn/Quinn_lowerarm_l_pose.uasset" 1483
"C:/Users/35695/Downloads/AdvancedGridInventorySyst 5.7/AdvancedGridInventorySyst 5.7/Content/INVENTORY/Other/Demo/ThirdPerson/Characters/Mannequins/Rigs/Poses/Quinn/Quinn_lowerarm_l_pose.uexp" 1484
"C:/Users/35695/Downloads/AdvancedGridInventorySyst 5.7/AdvancedGridInventorySyst 5.7/Content/INVENTORY/Other/Demo/ThirdPerson/Characters/Mannequins/Rigs/Poses/Quinn/Quinn_lowerarm_r_pose.uasset" 1485
"C:/Users/35695/Downloads/AdvancedGridInventorySyst 5.7/AdvancedGridInventorySyst 5.7/Content/INVENTORY/Other/Demo/ThirdPerson/Characters/Mannequins/Rigs/Poses/Quinn/Quinn_lowerarm_r_pose.uexp" 1486
"C:/Users/35695/Downloads/AdvancedGridInventorySyst 5.7/AdvancedGridInventorySyst 5.7/Content/INVENTORY/Other/Demo/ThirdPerson/Characters/Mannequins/Rigs/Poses/Quinn/Quinn_thigh_l_pose.uasset" 1487
"C:/Users/35695/Downloads/AdvancedGridInventorySyst 5.7/AdvancedGridInventorySyst 5.7/Content/INVENTORY/Other/Demo/ThirdPerson/Characters/Mannequins/Rigs/Poses/Quinn/Quinn_thigh_l_pose.uexp" 1488
"C:/Users/35695/Downloads/AdvancedGridInventorySyst 5.7/AdvancedGridInventorySyst 5.7/Content/INVENTORY/Other/Demo/ThirdPerson/Characters/Mannequins/Rigs/Poses/Quinn/Quinn_thigh_r_pose.uasset" 1489
"C:/Users/35695/Downloads/AdvancedGridInventorySyst 5.7/AdvancedGridInventorySyst 5.7/Content/INVENTORY/Other/Demo/ThirdPerson/Characters/Mannequins/Rigs/Poses/Quinn/Quinn_thigh_r_pose.uexp" 1490
"C:/Users/35695/Downloads/AdvancedGridInventorySyst 5.7/AdvancedGridInventorySyst 5.7/Content/INVENTORY/Other/Demo/ThirdPerson/Characters/Mannequins/Rigs/Poses/Quinn/Quinn_upperarm_l_pose.uasset" 1491
"C:/Users/35695/Downloads/AdvancedGridInventorySyst 5.7/AdvancedGridInventorySyst 5.7/Content/INVENTORY/Other/Demo/ThirdPerson/Characters/Mannequins/Rigs/Poses/Quinn/Quinn_upperarm_l_pose.uexp" 1492
"C:/Users/35695/Downloads/AdvancedGridInventorySyst 5.7/AdvancedGridInventorySyst 5.7/Content/INVENTORY/Other/Demo/ThirdPerson/Characters/Mannequins/Rigs/Poses/Quinn/Quinn_upperarm_r_pose.uasset" 1493
"C:/Users/35695/Downloads/AdvancedGridInventorySyst 5.7/AdvancedGridInventorySyst 5.7/Content/INVENTORY/Other/Demo/ThirdPerson/Characters/Mannequins/Rigs/Poses/Quinn/Quinn_upperarm_r_pose.uexp" 1494
"C:/Users/35695/Downloads/AdvancedGridInventorySyst 5.7/AdvancedGridInventorySyst 5.7/Content/INVENTORY/Other/Demo/ThirdPerson/Characters/Mannequins/Rigs/ABP_Quinn_PostProcess.uasset" 1495
"C:/Users/35695/Downloads/AdvancedGridInventorySyst 5.7/AdvancedGridInventorySyst 5.7/Content/INVENTORY/Other/Demo/ThirdPerson/Characters/Mannequins/Rigs/ABP_Quinn_PostProcess.uexp" 1496
"C:/Users/35695/Downloads/AdvancedGridInventorySyst 5.7/AdvancedGridInventorySyst 5.7/Content/INVENTORY/Other/Demo/ThirdPerson/Characters/Mannequins/Meshes/SKM_Quinn_FromAGIS.uasset" 1497
"C:/Users/35695/Downloads/AdvancedGridInventorySyst 5.7/AdvancedGridInventorySyst 5.7/Content/INVENTORY/Other/Demo/ThirdPerson/Characters/Mannequins/Meshes/SKM_Quinn_FromAGIS.uexp" 1498
"C:/Users/35695/Downloads/AdvancedGridInventorySyst 5.7/AdvancedGridInventorySyst 5.7/Content/INVENTORY/UI/Widgets/Other/WidgetTextures/T_EquipSlot_Siren.ubulk" 1499
"C:/Users/35695/Downloads/AdvancedGridInventorySyst 5.7/AdvancedGridInventorySyst 5.7/Content/INVENTORY/UI/Widgets/Other/WidgetTextures/T_EquipSlot_Siren.uasset" 1500
"C:/Users/35695/Downloads/AdvancedGridInventorySyst 5.7/AdvancedGridInventorySyst 5.7/Content/INVENTORY/UI/Widgets/Other/WidgetTextures/T_EquipSlot_Siren.uexp" 1501
"C:/Users/35695/Downloads/AdvancedGridInventorySyst 5.7/AdvancedGridInventorySyst 5.7/Content/INVENTORY/UI/Widgets/Other/WidgetTextures/T_EquipSlot_Vest.ubulk" 1502
"C:/Users/35695/Downloads/AdvancedGridInventorySyst 5.7/AdvancedGridInventorySyst 5.7/Content/INVENTORY/UI/Widgets/Other/WidgetTextures/T_EquipSlot_Vest.uasset" 1503
"C:/Users/35695/Downloads/AdvancedGridInventorySyst 5.7/AdvancedGridInventorySyst 5.7/Content/INVENTORY/UI/Widgets/Other/WidgetTextures/T_EquipSlot_Vest.uexp" 1504
"../../../Engine/Content/Maps/Entry_BuiltData.uasset" 1505
"../../../Engine/Content/Maps/Entry_BuiltData.uexp" 1506
"../../../Engine/Content/Maps/Entry.uexp" 1507
"../../../Engine/Content/Maps/Entry.umap" 1508
"../../../Engine/Content/BasicShapes/Cube.ubulk" 1509
"../../../Engine/Content/BasicShapes/Cube.uasset" 1510
"../../../Engine/Content/BasicShapes/Cube.uexp" 1511
"../../../Engine/Content/BasicShapes/BasicShapeMaterial.uasset" 1512
"../../../Engine/Content/BasicShapes/BasicShapeMaterial.uexp" 1513
"C:/Users/35695/Downloads/AdvancedGridInventorySyst 5.7/AdvancedGridInventorySyst 5.7/Content/INVENTORY/Other/Sounds/Footsteps/New/stone_01_a.ubulk" 1514
"C:/Users/35695/Downloads/AdvancedGridInventorySyst 5.7/AdvancedGridInventorySyst 5.7/Content/INVENTORY/Other/Sounds/Footsteps/New/stone_01_a.uasset" 1515
"C:/Users/35695/Downloads/AdvancedGridInventorySyst 5.7/AdvancedGridInventorySyst 5.7/Content/INVENTORY/Other/Sounds/Footsteps/New/stone_01_a.uexp" 1516
"C:/Users/35695/Downloads/AdvancedGridInventorySyst 5.7/AdvancedGridInventorySyst 5.7/Content/INVENTORY/Other/Sounds/Footsteps/New/stone_01_b.ubulk" 1517
"C:/Users/35695/Downloads/AdvancedGridInventorySyst 5.7/AdvancedGridInventorySyst 5.7/Content/INVENTORY/Other/Sounds/Footsteps/New/stone_01_b.uasset" 1518
"C:/Users/35695/Downloads/AdvancedGridInventorySyst 5.7/AdvancedGridInventorySyst 5.7/Content/INVENTORY/Other/Sounds/Footsteps/New/stone_01_b.uexp" 1519
"C:/Users/35695/Downloads/AdvancedGridInventorySyst 5.7/AdvancedGridInventorySyst 5.7/Content/INVENTORY/Other/Sounds/Footsteps/New/stone_01_c.ubulk" 1520
"C:/Users/35695/Downloads/AdvancedGridInventorySyst 5.7/AdvancedGridInventorySyst 5.7/Content/INVENTORY/Other/Sounds/Footsteps/New/stone_01_c.uasset" 1521
"C:/Users/35695/Downloads/AdvancedGridInventorySyst 5.7/AdvancedGridInventorySyst 5.7/Content/INVENTORY/Other/Sounds/Footsteps/New/stone_01_c.uexp" 1522
"C:/Users/35695/Downloads/AdvancedGridInventorySyst 5.7/AdvancedGridInventorySyst 5.7/Content/INVENTORY/Other/Sounds/Footsteps/New/stone_01_d.ubulk" 1523
"C:/Users/35695/Downloads/AdvancedGridInventorySyst 5.7/AdvancedGridInventorySyst 5.7/Content/INVENTORY/Other/Sounds/Footsteps/New/stone_01_d.uasset" 1524
"C:/Users/35695/Downloads/AdvancedGridInventorySyst 5.7/AdvancedGridInventorySyst 5.7/Content/INVENTORY/Other/Sounds/Footsteps/New/stone_01_d.uexp" 1525
"C:/Users/35695/Downloads/AdvancedGridInventorySyst 5.7/AdvancedGridInventorySyst 5.7/Content/INVENTORY/Other/Sounds/Footsteps/New/stone_01_e.ubulk" 1526
"C:/Users/35695/Downloads/AdvancedGridInventorySyst 5.7/AdvancedGridInventorySyst 5.7/Content/INVENTORY/Other/Sounds/Footsteps/New/stone_01_e.uasset" 1527
"C:/Users/35695/Downloads/AdvancedGridInventorySyst 5.7/AdvancedGridInventorySyst 5.7/Content/INVENTORY/Other/Sounds/Footsteps/New/stone_01_e.uexp" 1528
"C:/Users/35695/Downloads/AdvancedGridInventorySyst 5.7/AdvancedGridInventorySyst 5.7/Content/INVENTORY/Other/Sounds/Footsteps/New/Footsteps_Cue.uasset" 1529
"C:/Users/35695/Downloads/AdvancedGridInventorySyst 5.7/AdvancedGridInventorySyst 5.7/Content/INVENTORY/Other/Sounds/Footsteps/New/Footsteps_Cue.uexp" 1530
"C:/Users/35695/Downloads/AdvancedGridInventorySyst 5.7/AdvancedGridInventorySyst 5.7/Content/INVENTORY/Other/Animations/Jog/MM_Unarmed_Jog_Bwd.uasset" 1531
"C:/Users/35695/Downloads/AdvancedGridInventorySyst 5.7/AdvancedGridInventorySyst 5.7/Content/INVENTORY/Other/Animations/Jog/MM_Unarmed_Jog_Bwd.uexp" 1532
"C:/Users/35695/Downloads/AdvancedGridInventorySyst 5.7/AdvancedGridInventorySyst 5.7/Content/INVENTORY/Other/Animations/Jog/MM_Unarmed_Jog_Bwd_left.uasset" 1533
"C:/Users/35695/Downloads/AdvancedGridInventorySyst 5.7/AdvancedGridInventorySyst 5.7/Content/INVENTORY/Other/Animations/Jog/MM_Unarmed_Jog_Bwd_left.uexp" 1534
"C:/Users/35695/Downloads/AdvancedGridInventorySyst 5.7/AdvancedGridInventorySyst 5.7/Content/INVENTORY/Other/Animations/Jog/MM_Unarmed_Jog_Bwd_Right.uasset" 1535
"C:/Users/35695/Downloads/AdvancedGridInventorySyst 5.7/AdvancedGridInventorySyst 5.7/Content/INVENTORY/Other/Animations/Jog/MM_Unarmed_Jog_Bwd_Right.uexp" 1536
"C:/Users/35695/Downloads/AdvancedGridInventorySyst 5.7/AdvancedGridInventorySyst 5.7/Content/INVENTORY/Other/Animations/Jog/MM_Unarmed_Jog_Fwd.uasset" 1537
"C:/Users/35695/Downloads/AdvancedGridInventorySyst 5.7/AdvancedGridInventorySyst 5.7/Content/INVENTORY/Other/Animations/Jog/MM_Unarmed_Jog_Fwd.uexp" 1538
"C:/Users/35695/Downloads/AdvancedGridInventorySyst 5.7/AdvancedGridInventorySyst 5.7/Content/INVENTORY/Other/Animations/Jog/MM_Unarmed_Jog_Fwd_Left.uasset" 1539
"C:/Users/35695/Downloads/AdvancedGridInventorySyst 5.7/AdvancedGridInventorySyst 5.7/Content/INVENTORY/Other/Animations/Jog/MM_Unarmed_Jog_Fwd_Left.uexp" 1540
"C:/Users/35695/Downloads/AdvancedGridInventorySyst 5.7/AdvancedGridInventorySyst 5.7/Content/INVENTORY/Other/Animations/Jog/MM_Unarmed_Jog_Fwd_Right.uasset" 1541
"C:/Users/35695/Downloads/AdvancedGridInventorySyst 5.7/AdvancedGridInventorySyst 5.7/Content/INVENTORY/Other/Animations/Jog/MM_Unarmed_Jog_Fwd_Right.uexp" 1542
"C:/Users/35695/Downloads/AdvancedGridInventorySyst 5.7/AdvancedGridInventorySyst 5.7/Content/INVENTORY/Other/Animations/Jog/MM_Unarmed_Jog_Left.uasset" 1543
"C:/Users/35695/Downloads/AdvancedGridInventorySyst 5.7/AdvancedGridInventorySyst 5.7/Content/INVENTORY/Other/Animations/Jog/MM_Unarmed_Jog_Left.uexp" 1544
"C:/Users/35695/Downloads/AdvancedGridInventorySyst 5.7/AdvancedGridInventorySyst 5.7/Content/INVENTORY/Other/Animations/Jog/MM_Unarmed_Jog_Right.uasset" 1545
"C:/Users/35695/Downloads/AdvancedGridInventorySyst 5.7/AdvancedGridInventorySyst 5.7/Content/INVENTORY/Other/Animations/Jog/MM_Unarmed_Jog_Right.uexp" 1546
"C:/Users/35695/Downloads/AdvancedGridInventorySyst 5.7/AdvancedGridInventorySyst 5.7/Content/INVENTORY/Other/Animations/WALK/MM_Unarmed_Walk_Bwd.uasset" 1547
"C:/Users/35695/Downloads/AdvancedGridInventorySyst 5.7/AdvancedGridInventorySyst 5.7/Content/INVENTORY/Other/Animations/WALK/MM_Unarmed_Walk_Bwd.uexp" 1548
"C:/Users/35695/Downloads/AdvancedGridInventorySyst 5.7/AdvancedGridInventorySyst 5.7/Content/INVENTORY/Other/Animations/WALK/MM_Unarmed_Walk_Bwd_Left.uasset" 1549
"C:/Users/35695/Downloads/AdvancedGridInventorySyst 5.7/AdvancedGridInventorySyst 5.7/Content/INVENTORY/Other/Animations/WALK/MM_Unarmed_Walk_Bwd_Left.uexp" 1550
"C:/Users/35695/Downloads/AdvancedGridInventorySyst 5.7/AdvancedGridInventorySyst 5.7/Content/INVENTORY/Other/Animations/WALK/MM_Unarmed_Walk_Bwd_Right.uasset" 1551
"C:/Users/35695/Downloads/AdvancedGridInventorySyst 5.7/AdvancedGridInventorySyst 5.7/Content/INVENTORY/Other/Animations/WALK/MM_Unarmed_Walk_Bwd_Right.uexp" 1552
"C:/Users/35695/Downloads/AdvancedGridInventorySyst 5.7/AdvancedGridInventorySyst 5.7/Content/INVENTORY/Other/Animations/WALK/MM_Unarmed_Walk_Fwd.uasset" 1553
"C:/Users/35695/Downloads/AdvancedGridInventorySyst 5.7/AdvancedGridInventorySyst 5.7/Content/INVENTORY/Other/Animations/WALK/MM_Unarmed_Walk_Fwd.uexp" 1554
"C:/Users/35695/Downloads/AdvancedGridInventorySyst 5.7/AdvancedGridInventorySyst 5.7/Content/INVENTORY/Other/Animations/WALK/MM_Unarmed_Walk_Fwd_Left.uasset" 1555
"C:/Users/35695/Downloads/AdvancedGridInventorySyst 5.7/AdvancedGridInventorySyst 5.7/Content/INVENTORY/Other/Animations/WALK/MM_Unarmed_Walk_Fwd_Left.uexp" 1556
"C:/Users/35695/Downloads/AdvancedGridInventorySyst 5.7/AdvancedGridInventorySyst 5.7/Content/INVENTORY/Other/Animations/WALK/MM_Unarmed_Walk_Fwd_Right.uasset" 1557
"C:/Users/35695/Downloads/AdvancedGridInventorySyst 5.7/AdvancedGridInventorySyst 5.7/Content/INVENTORY/Other/Animations/WALK/MM_Unarmed_Walk_Fwd_Right.uexp" 1558
"C:/Users/35695/Downloads/AdvancedGridInventorySyst 5.7/AdvancedGridInventorySyst 5.7/Content/INVENTORY/Other/Animations/WALK/MM_Unarmed_Walk_Left.uasset" 1559
"C:/Users/35695/Downloads/AdvancedGridInventorySyst 5.7/AdvancedGridInventorySyst 5.7/Content/INVENTORY/Other/Animations/WALK/MM_Unarmed_Walk_Left.uexp" 1560
"C:/Users/35695/Downloads/AdvancedGridInventorySyst 5.7/AdvancedGridInventorySyst 5.7/Content/INVENTORY/Other/Animations/WALK/MM_Unarmed_Walk_Right.uasset" 1561
"C:/Users/35695/Downloads/AdvancedGridInventorySyst 5.7/AdvancedGridInventorySyst 5.7/Content/INVENTORY/Other/Animations/WALK/MM_Unarmed_Walk_Right.uexp" 1562
"C:/Users/35695/Downloads/AdvancedGridInventorySyst 5.7/AdvancedGridInventorySyst 5.7/Content/INVENTORY/Other/Demo/ThirdPerson/Characters/Mannequins/Animations/Manny/MM_Walk_InPlace.uasset" 1563
"C:/Users/35695/Downloads/AdvancedGridInventorySyst 5.7/AdvancedGridInventorySyst 5.7/Content/INVENTORY/Other/Demo/ThirdPerson/Characters/Mannequins/Animations/Manny/MM_Walk_InPlace.uexp" 1564
"C:/Users/35695/Downloads/AdvancedGridInventorySyst 5.7/AdvancedGridInventorySyst 5.7/Content/INVENTORY/Other/Animations/Jog/BS_Unarmed.uasset" 1565
"C:/Users/35695/Downloads/AdvancedGridInventorySyst 5.7/AdvancedGridInventorySyst 5.7/Content/INVENTORY/Other/Animations/Jog/BS_Unarmed.uexp" 1566
"C:/Users/35695/Downloads/AdvancedGridInventorySyst 5.7/AdvancedGridInventorySyst 5.7/Content/INVENTORY/Other/Animations/Rifle/AIM_Rifle_Idle_ADS.uasset" 1567
"C:/Users/35695/Downloads/AdvancedGridInventorySyst 5.7/AdvancedGridInventorySyst 5.7/Content/INVENTORY/Other/Animations/Rifle/AIM_Rifle_Idle_ADS.uexp" 1568
"C:/Users/35695/Downloads/AdvancedGridInventorySyst 5.7/AdvancedGridInventorySyst 5.7/Content/INVENTORY/Other/Animations/Rifle/Fire_Rifle_Hip.uasset" 1569
"C:/Users/35695/Downloads/AdvancedGridInventorySyst 5.7/AdvancedGridInventorySyst 5.7/Content/INVENTORY/Other/Animations/Rifle/Fire_Rifle_Hip.uexp" 1570
"C:/Users/35695/Downloads/AdvancedGridInventorySyst 5.7/AdvancedGridInventorySyst 5.7/Content/INVENTORY/Other/Animations/Rifle/Idle_Rifle_Hip.uasset" 1571
"C:/Users/35695/Downloads/AdvancedGridInventorySyst 5.7/AdvancedGridInventorySyst 5.7/Content/INVENTORY/Other/Animations/Rifle/Idle_Rifle_Hip.uexp" 1572
"C:/Users/35695/Downloads/AdvancedGridInventorySyst 5.7/AdvancedGridInventorySyst 5.7/Content/INVENTORY/Other/Animations/Rifle/Sprint_Fwd_Rifle.uasset" 1573
"C:/Users/35695/Downloads/AdvancedGridInventorySyst 5.7/AdvancedGridInventorySyst 5.7/Content/INVENTORY/Other/Animations/Rifle/Sprint_Fwd_Rifle.uexp" 1574
"C:/Users/35695/Downloads/AdvancedGridInventorySyst 5.7/AdvancedGridInventorySyst 5.7/Content/INVENTORY/Other/Animations/TurnInPlace/MM_Unarmed_TurnLeft_90.uasset" 1575
"C:/Users/35695/Downloads/AdvancedGridInventorySyst 5.7/AdvancedGridInventorySyst 5.7/Content/INVENTORY/Other/Animations/TurnInPlace/MM_Unarmed_TurnLeft_90.uexp" 1576
"C:/Users/35695/Downloads/AdvancedGridInventorySyst 5.7/AdvancedGridInventorySyst 5.7/Content/INVENTORY/Other/Animations/TurnInPlace/MM_Unarmed_TurnRight_90.uasset" 1577
"C:/Users/35695/Downloads/AdvancedGridInventorySyst 5.7/AdvancedGridInventorySyst 5.7/Content/INVENTORY/Other/Animations/TurnInPlace/MM_Unarmed_TurnRight_90.uexp" 1578
"C:/Users/35695/Downloads/AdvancedGridInventorySyst 5.7/AdvancedGridInventorySyst 5.7/Content/INVENTORY/Other/Demo/ThirdPerson/Characters/Mannequins/Rigs/CR_Mannequin_BasicFootIK.uasset" 1579
"C:/Users/35695/Downloads/AdvancedGridInventorySyst 5.7/AdvancedGridInventorySyst 5.7/Content/INVENTORY/Other/Demo/ThirdPerson/Characters/Mannequins/Rigs/CR_Mannequin_BasicFootIK.uexp" 1580
"C:/Users/35695/Downloads/AdvancedGridInventorySyst 5.7/AdvancedGridInventorySyst 5.7/Content/INVENTORY/Other/Demo/ThirdPerson/Characters/Mannequins/Animations/Manny/MM_Fall_Loop.uasset" 1581
"C:/Users/35695/Downloads/AdvancedGridInventorySyst 5.7/AdvancedGridInventorySyst 5.7/Content/INVENTORY/Other/Demo/ThirdPerson/Characters/Mannequins/Animations/Manny/MM_Fall_Loop.uexp" 1582
"C:/Users/35695/Downloads/AdvancedGridInventorySyst 5.7/AdvancedGridInventorySyst 5.7/Content/INVENTORY/Other/Demo/ThirdPerson/Characters/Mannequins/Animations/Manny/MM_Idle.uasset" 1583
"C:/Users/35695/Downloads/AdvancedGridInventorySyst 5.7/AdvancedGridInventorySyst 5.7/Content/INVENTORY/Other/Demo/ThirdPerson/Characters/Mannequins/Animations/Manny/MM_Idle.uexp" 1584
"C:/Users/35695/Downloads/AdvancedGridInventorySyst 5.7/AdvancedGridInventorySyst 5.7/Content/INVENTORY/Other/Demo/ThirdPerson/Characters/Mannequins/Animations/Manny/MM_Jump.uasset" 1585
"C:/Users/35695/Downloads/AdvancedGridInventorySyst 5.7/AdvancedGridInventorySyst 5.7/Content/INVENTORY/Other/Demo/ThirdPerson/Characters/Mannequins/Animations/Manny/MM_Jump.uexp" 1586
"C:/Users/35695/Downloads/AdvancedGridInventorySyst 5.7/AdvancedGridInventorySyst 5.7/Content/INVENTORY/Other/Demo/ThirdPerson/Characters/Mannequins/Animations/Manny/MM_Land.uasset" 1587
"C:/Users/35695/Downloads/AdvancedGridInventorySyst 5.7/AdvancedGridInventorySyst 5.7/Content/INVENTORY/Other/Demo/ThirdPerson/Characters/Mannequins/Animations/Manny/MM_Land.uexp" 1588
"C:/Users/35695/Downloads/AdvancedGridInventorySyst 5.7/AdvancedGridInventorySyst 5.7/Content/INVENTORY/Other/Demo/ThirdPerson/Characters/Mannequins/Animations/ABP_Player.uasset" 1589
"C:/Users/35695/Downloads/AdvancedGridInventorySyst 5.7/AdvancedGridInventorySyst 5.7/Content/INVENTORY/Other/Demo/ThirdPerson/Characters/Mannequins/Animations/ABP_Player.uexp" 1590
"C:/Users/35695/Downloads/AdvancedGridInventorySyst 5.7/AdvancedGridInventorySyst 5.7/Content/INVENTORY/BP_Spawner.uasset" 1591
"C:/Users/35695/Downloads/AdvancedGridInventorySyst 5.7/AdvancedGridInventorySyst 5.7/Content/INVENTORY/BP_Spawner.uexp" 1592
"C:/Users/35695/Downloads/AdvancedGridInventorySyst 5.7/AdvancedGridInventorySyst 5.7/Content/INVENTORY/Other/Materials/MI_Metalic.uasset" 1593
"C:/Users/35695/Downloads/AdvancedGridInventorySyst 5.7/AdvancedGridInventorySyst 5.7/Content/INVENTORY/Other/Materials/MI_Metalic.uexp" 1594
"C:/Users/35695/Downloads/AdvancedGridInventorySyst 5.7/AdvancedGridInventorySyst 5.7/Content/INVENTORY/Items/Resources/_Others/SM_AmmoBox.ubulk" 1595
"C:/Users/35695/Downloads/AdvancedGridInventorySyst 5.7/AdvancedGridInventorySyst 5.7/Content/INVENTORY/Items/Resources/_Others/SM_AmmoBox.uasset" 1596
"C:/Users/35695/Downloads/AdvancedGridInventorySyst 5.7/AdvancedGridInventorySyst 5.7/Content/INVENTORY/Items/Resources/_Others/SM_AmmoBox.uexp" 1597
"C:/Users/35695/Downloads/AdvancedGridInventorySyst 5.7/AdvancedGridInventorySyst 5.7/Content/INVENTORY/Other/Demo/Vehicle/VehicleMeshes/SportsCar/Materials/M_SportsCar_Wheel.uasset" 1598
"C:/Users/35695/Downloads/AdvancedGridInventorySyst 5.7/AdvancedGridInventorySyst 5.7/Content/INVENTORY/Other/Demo/Vehicle/VehicleMeshes/SportsCar/Materials/M_SportsCar_Wheel.uexp" 1599
"C:/Users/35695/Downloads/AdvancedGridInventorySyst 5.7/AdvancedGridInventorySyst 5.7/Content/INVENTORY/Items/Resources/_Others/SM_Battery.ubulk" 1600
"C:/Users/35695/Downloads/AdvancedGridInventorySyst 5.7/AdvancedGridInventorySyst 5.7/Content/INVENTORY/Items/Resources/_Others/SM_Battery.uasset" 1601
"C:/Users/35695/Downloads/AdvancedGridInventorySyst 5.7/AdvancedGridInventorySyst 5.7/Content/INVENTORY/Items/Resources/_Others/SM_Battery.uexp" 1602
"C:/Users/35695/Downloads/AdvancedGridInventorySyst 5.7/AdvancedGridInventorySyst 5.7/Content/INVENTORY/Other/Materials/MI_Red.uasset" 1603
"C:/Users/35695/Downloads/AdvancedGridInventorySyst 5.7/AdvancedGridInventorySyst 5.7/Content/INVENTORY/Other/Materials/MI_Red.uexp" 1604
"C:/Users/35695/Downloads/AdvancedGridInventorySyst 5.7/AdvancedGridInventorySyst 5.7/Content/INVENTORY/Items/Resources/_Others/SM_FuelCanister.ubulk" 1605
"C:/Users/35695/Downloads/AdvancedGridInventorySyst 5.7/AdvancedGridInventorySyst 5.7/Content/INVENTORY/Items/Resources/_Others/SM_FuelCanister.uasset" 1606
"C:/Users/35695/Downloads/AdvancedGridInventorySyst 5.7/AdvancedGridInventorySyst 5.7/Content/INVENTORY/Items/Resources/_Others/SM_FuelCanister.uexp" 1607
"C:/Users/35695/Downloads/AdvancedGridInventorySyst 5.7/AdvancedGridInventorySyst 5.7/Content/INVENTORY/Items/Resources/Vehicle/SM_Bumper.ubulk" 1608
"C:/Users/35695/Downloads/AdvancedGridInventorySyst 5.7/AdvancedGridInventorySyst 5.7/Content/INVENTORY/Items/Resources/Vehicle/SM_Bumper.uasset" 1609
"C:/Users/35695/Downloads/AdvancedGridInventorySyst 5.7/AdvancedGridInventorySyst 5.7/Content/INVENTORY/Items/Resources/Vehicle/SM_Bumper.uexp" 1610
"C:/Users/35695/Downloads/AdvancedGridInventorySyst 5.7/AdvancedGridInventorySyst 5.7/Content/INVENTORY/Other/Materials/MI_Green.uasset" 1611
"C:/Users/35695/Downloads/AdvancedGridInventorySyst 5.7/AdvancedGridInventorySyst 5.7/Content/INVENTORY/Other/Materials/MI_Green.uexp" 1612
"C:/Users/35695/Downloads/AdvancedGridInventorySyst 5.7/AdvancedGridInventorySyst 5.7/Content/INVENTORY/Items/Resources/_Others/SM_MoneyBag.ubulk" 1613
"C:/Users/35695/Downloads/AdvancedGridInventorySyst 5.7/AdvancedGridInventorySyst 5.7/Content/INVENTORY/Items/Resources/_Others/SM_MoneyBag.uasset" 1614
"C:/Users/35695/Downloads/AdvancedGridInventorySyst 5.7/AdvancedGridInventorySyst 5.7/Content/INVENTORY/Items/Resources/_Others/SM_MoneyBag.uexp" 1615
"C:/Users/35695/Downloads/AdvancedGridInventorySyst 5.7/AdvancedGridInventorySyst 5.7/Content/INVENTORY/Items/Resources/_Others/Keycard/Keycard_Color.uasset" 1616
"C:/Users/35695/Downloads/AdvancedGridInventorySyst 5.7/AdvancedGridInventorySyst 5.7/Content/INVENTORY/Items/Resources/_Others/Keycard/Keycard_Color.uexp" 1617
"C:/Users/35695/Downloads/AdvancedGridInventorySyst 5.7/AdvancedGridInventorySyst 5.7/Content/INVENTORY/Items/Resources/_Others/Keycard/M_Keycard.uasset" 1618
"C:/Users/35695/Downloads/AdvancedGridInventorySyst 5.7/AdvancedGridInventorySyst 5.7/Content/INVENTORY/Items/Resources/_Others/Keycard/M_Keycard.uexp" 1619
"C:/Users/35695/Downloads/AdvancedGridInventorySyst 5.7/AdvancedGridInventorySyst 5.7/Content/INVENTORY/Items/Resources/_Others/Keycard/SM_Keycard.ubulk" 1620
"C:/Users/35695/Downloads/AdvancedGridInventorySyst 5.7/AdvancedGridInventorySyst 5.7/Content/INVENTORY/Items/Resources/_Others/Keycard/SM_Keycard.uasset" 1621
"C:/Users/35695/Downloads/AdvancedGridInventorySyst 5.7/AdvancedGridInventorySyst 5.7/Content/INVENTORY/Items/Resources/_Others/Keycard/SM_Keycard.uexp" 1622
"C:/Users/35695/Downloads/AdvancedGridInventorySyst 5.7/AdvancedGridInventorySyst 5.7/Content/INVENTORY/Other/Demo/ThirdPerson/Characters/Mannequins/Meshes/SKM_Quinn_Simple_FromAGIS.uasset" 1623
"C:/Users/35695/Downloads/AdvancedGridInventorySyst 5.7/AdvancedGridInventorySyst 5.7/Content/INVENTORY/Other/Demo/ThirdPerson/Characters/Mannequins/Meshes/SKM_Quinn_Simple_FromAGIS.uexp" 1624
"C:/Users/35695/Downloads/AdvancedGridInventorySyst 5.7/AdvancedGridInventorySyst 5.7/Content/INVENTORY/Other/Demo/Vehicle/VehicleMeshes/SportsCar/Materials/M_SportsCar.uasset" 1625
"C:/Users/35695/Downloads/AdvancedGridInventorySyst 5.7/AdvancedGridInventorySyst 5.7/Content/INVENTORY/Other/Demo/Vehicle/VehicleMeshes/SportsCar/Materials/M_SportsCar.uexp" 1626
"C:/Users/35695/Downloads/AdvancedGridInventorySyst 5.7/AdvancedGridInventorySyst 5.7/Content/INVENTORY/Other/Demo/Vehicle/VehicleMeshes/SportsCar/Materials/MI_SportsCar_Body.uasset" 1627
"C:/Users/35695/Downloads/AdvancedGridInventorySyst 5.7/AdvancedGridInventorySyst 5.7/Content/INVENTORY/Other/Demo/Vehicle/VehicleMeshes/SportsCar/Materials/MI_SportsCar_Body.uexp" 1628
"C:/Users/35695/Downloads/AdvancedGridInventorySyst 5.7/AdvancedGridInventorySyst 5.7/Content/INVENTORY/Other/Demo/Vehicle/VehicleMeshes/SportsCar/Materials/MI_SportsCar_Chassis.uasset" 1629
"C:/Users/35695/Downloads/AdvancedGridInventorySyst 5.7/AdvancedGridInventorySyst 5.7/Content/INVENTORY/Other/Demo/Vehicle/VehicleMeshes/SportsCar/Materials/MI_SportsCar_Chassis.uexp" 1630
"C:/Users/35695/Downloads/AdvancedGridInventorySyst 5.7/AdvancedGridInventorySyst 5.7/Content/INVENTORY/Other/Demo/ThirdPerson/Characters/Mannequins/Animations/Quinn/MF_Idle.uasset" 1631
"C:/Users/35695/Downloads/AdvancedGridInventorySyst 5.7/AdvancedGridInventorySyst 5.7/Content/INVENTORY/Other/Demo/ThirdPerson/Characters/Mannequins/Animations/Quinn/MF_Idle.uexp" 1632
"C:/Users/35695/Downloads/AdvancedGridInventorySyst 5.7/AdvancedGridInventorySyst 5.7/Content/INVENTORY/Interactables/BP_Vendor.uasset" 1633
"C:/Users/35695/Downloads/AdvancedGridInventorySyst 5.7/AdvancedGridInventorySyst 5.7/Content/INVENTORY/Interactables/BP_Vendor.uexp" 1634
"C:/Users/35695/Downloads/AdvancedGridInventorySyst 5.7/AdvancedGridInventorySyst 5.7/Content/INVENTORY/Other/Demo/ThirdPerson/Characters/Mannequins/Rigs/Poses/Manny/Manny_calf_l_anim.uasset" 1635
"C:/Users/35695/Downloads/AdvancedGridInventorySyst 5.7/AdvancedGridInventorySyst 5.7/Content/INVENTORY/Other/Demo/ThirdPerson/Characters/Mannequins/Rigs/Poses/Manny/Manny_calf_l_anim.uexp" 1636
"C:/Users/35695/Downloads/AdvancedGridInventorySyst 5.7/AdvancedGridInventorySyst 5.7/Content/INVENTORY/Other/Demo/ThirdPerson/Characters/Mannequins/Rigs/Poses/Manny/Manny_calf_l_pose.uasset" 1637
"C:/Users/35695/Downloads/AdvancedGridInventorySyst 5.7/AdvancedGridInventorySyst 5.7/Content/INVENTORY/Other/Demo/ThirdPerson/Characters/Mannequins/Rigs/Poses/Manny/Manny_calf_l_pose.uexp" 1638
"C:/Users/35695/Downloads/AdvancedGridInventorySyst 5.7/AdvancedGridInventorySyst 5.7/Content/INVENTORY/Other/Demo/ThirdPerson/Characters/Mannequins/Rigs/Poses/Manny/Manny_calf_r_anim.uasset" 1639
"C:/Users/35695/Downloads/AdvancedGridInventorySyst 5.7/AdvancedGridInventorySyst 5.7/Content/INVENTORY/Other/Demo/ThirdPerson/Characters/Mannequins/Rigs/Poses/Manny/Manny_calf_r_anim.uexp" 1640
"C:/Users/35695/Downloads/AdvancedGridInventorySyst 5.7/AdvancedGridInventorySyst 5.7/Content/INVENTORY/Other/Demo/ThirdPerson/Characters/Mannequins/Rigs/Poses/Manny/Manny_calf_r_pose.uasset" 1641
"C:/Users/35695/Downloads/AdvancedGridInventorySyst 5.7/AdvancedGridInventorySyst 5.7/Content/INVENTORY/Other/Demo/ThirdPerson/Characters/Mannequins/Rigs/Poses/Manny/Manny_calf_r_pose.uexp" 1642
"C:/Users/35695/Downloads/AdvancedGridInventorySyst 5.7/AdvancedGridInventorySyst 5.7/Content/INVENTORY/Other/Demo/ThirdPerson/Characters/Mannequins/Rigs/Poses/Manny/Manny_clavicle_l_anim.uasset" 1643
"C:/Users/35695/Downloads/AdvancedGridInventorySyst 5.7/AdvancedGridInventorySyst 5.7/Content/INVENTORY/Other/Demo/ThirdPerson/Characters/Mannequins/Rigs/Poses/Manny/Manny_clavicle_l_anim.uexp" 1644
"C:/Users/35695/Downloads/AdvancedGridInventorySyst 5.7/AdvancedGridInventorySyst 5.7/Content/INVENTORY/Other/Demo/ThirdPerson/Characters/Mannequins/Rigs/Poses/Manny/Manny_clavicle_l_pose.uasset" 1645
"C:/Users/35695/Downloads/AdvancedGridInventorySyst 5.7/AdvancedGridInventorySyst 5.7/Content/INVENTORY/Other/Demo/ThirdPerson/Characters/Mannequins/Rigs/Poses/Manny/Manny_clavicle_l_pose.uexp" 1646
"C:/Users/35695/Downloads/AdvancedGridInventorySyst 5.7/AdvancedGridInventorySyst 5.7/Content/INVENTORY/Other/Demo/ThirdPerson/Characters/Mannequins/Rigs/Poses/Manny/Manny_clavicle_r_anim.uasset" 1647
"C:/Users/35695/Downloads/AdvancedGridInventorySyst 5.7/AdvancedGridInventorySyst 5.7/Content/INVENTORY/Other/Demo/ThirdPerson/Characters/Mannequins/Rigs/Poses/Manny/Manny_clavicle_r_anim.uexp" 1648
"C:/Users/35695/Downloads/AdvancedGridInventorySyst 5.7/AdvancedGridInventorySyst 5.7/Content/INVENTORY/Other/Demo/ThirdPerson/Characters/Mannequins/Rigs/Poses/Manny/Manny_clavicle_r_pose.uasset" 1649
"C:/Users/35695/Downloads/AdvancedGridInventorySyst 5.7/AdvancedGridInventorySyst 5.7/Content/INVENTORY/Other/Demo/ThirdPerson/Characters/Mannequins/Rigs/Poses/Manny/Manny_clavicle_r_pose.uexp" 1650
"C:/Users/35695/Downloads/AdvancedGridInventorySyst 5.7/AdvancedGridInventorySyst 5.7/Content/INVENTORY/Other/Demo/ThirdPerson/Characters/Mannequins/Rigs/Poses/Manny/Manny_foot_l_anim.uasset" 1651
"C:/Users/35695/Downloads/AdvancedGridInventorySyst 5.7/AdvancedGridInventorySyst 5.7/Content/INVENTORY/Other/Demo/ThirdPerson/Characters/Mannequins/Rigs/Poses/Manny/Manny_foot_l_anim.uexp" 1652
"C:/Users/35695/Downloads/AdvancedGridInventorySyst 5.7/AdvancedGridInventorySyst 5.7/Content/INVENTORY/Other/Demo/ThirdPerson/Characters/Mannequins/Rigs/Poses/Manny/Manny_foot_l_pose.uasset" 1653
"C:/Users/35695/Downloads/AdvancedGridInventorySyst 5.7/AdvancedGridInventorySyst 5.7/Content/INVENTORY/Other/Demo/ThirdPerson/Characters/Mannequins/Rigs/Poses/Manny/Manny_foot_l_pose.uexp" 1654
"C:/Users/35695/Downloads/AdvancedGridInventorySyst 5.7/AdvancedGridInventorySyst 5.7/Content/INVENTORY/Other/Demo/ThirdPerson/Characters/Mannequins/Rigs/Poses/Manny/Manny_foot_r_anim.uasset" 1655
"C:/Users/35695/Downloads/AdvancedGridInventorySyst 5.7/AdvancedGridInventorySyst 5.7/Content/INVENTORY/Other/Demo/ThirdPerson/Characters/Mannequins/Rigs/Poses/Manny/Manny_foot_r_anim.uexp" 1656
"C:/Users/35695/Downloads/AdvancedGridInventorySyst 5.7/AdvancedGridInventorySyst 5.7/Content/INVENTORY/Other/Demo/ThirdPerson/Characters/Mannequins/Rigs/Poses/Manny/Manny_foot_r_pose.uasset" 1657
"C:/Users/35695/Downloads/AdvancedGridInventorySyst 5.7/AdvancedGridInventorySyst 5.7/Content/INVENTORY/Other/Demo/ThirdPerson/Characters/Mannequins/Rigs/Poses/Manny/Manny_foot_r_pose.uexp" 1658
"C:/Users/35695/Downloads/AdvancedGridInventorySyst 5.7/AdvancedGridInventorySyst 5.7/Content/INVENTORY/Other/Demo/ThirdPerson/Characters/Mannequins/Rigs/Poses/Manny/Manny_hand_l_anim.uasset" 1659
"C:/Users/35695/Downloads/AdvancedGridInventorySyst 5.7/AdvancedGridInventorySyst 5.7/Content/INVENTORY/Other/Demo/ThirdPerson/Characters/Mannequins/Rigs/Poses/Manny/Manny_hand_l_anim.uexp" 1660
"C:/Users/35695/Downloads/AdvancedGridInventorySyst 5.7/AdvancedGridInventorySyst 5.7/Content/INVENTORY/Other/Demo/ThirdPerson/Characters/Mannequins/Rigs/Poses/Manny/Manny_hand_l_pose.uasset" 1661
"C:/Users/35695/Downloads/AdvancedGridInventorySyst 5.7/AdvancedGridInventorySyst 5.7/Content/INVENTORY/Other/Demo/ThirdPerson/Characters/Mannequins/Rigs/Poses/Manny/Manny_hand_l_pose.uexp" 1662
"C:/Users/35695/Downloads/AdvancedGridInventorySyst 5.7/AdvancedGridInventorySyst 5.7/Content/INVENTORY/Other/Demo/ThirdPerson/Characters/Mannequins/Rigs/Poses/Manny/Manny_hand_r_anim.uasset" 1663
"C:/Users/35695/Downloads/AdvancedGridInventorySyst 5.7/AdvancedGridInventorySyst 5.7/Content/INVENTORY/Other/Demo/ThirdPerson/Characters/Mannequins/Rigs/Poses/Manny/Manny_hand_r_anim.uexp" 1664
"C:/Users/35695/Downloads/AdvancedGridInventorySyst 5.7/AdvancedGridInventorySyst 5.7/Content/INVENTORY/Other/Demo/ThirdPerson/Characters/Mannequins/Rigs/Poses/Manny/Manny_hand_r_pose.uasset" 1665
"C:/Users/35695/Downloads/AdvancedGridInventorySyst 5.7/AdvancedGridInventorySyst 5.7/Content/INVENTORY/Other/Demo/ThirdPerson/Characters/Mannequins/Rigs/Poses/Manny/Manny_hand_r_pose.uexp" 1666
"C:/Users/35695/Downloads/AdvancedGridInventorySyst 5.7/AdvancedGridInventorySyst 5.7/Content/INVENTORY/Other/Demo/ThirdPerson/Characters/Mannequins/Rigs/Poses/Manny/Manny_lowerarm_l_anim.uasset" 1667
"C:/Users/35695/Downloads/AdvancedGridInventorySyst 5.7/AdvancedGridInventorySyst 5.7/Content/INVENTORY/Other/Demo/ThirdPerson/Characters/Mannequins/Rigs/Poses/Manny/Manny_lowerarm_l_anim.uexp" 1668
"C:/Users/35695/Downloads/AdvancedGridInventorySyst 5.7/AdvancedGridInventorySyst 5.7/Content/INVENTORY/Other/Demo/ThirdPerson/Characters/Mannequins/Rigs/Poses/Manny/Manny_lowerarm_l_pose.uasset" 1669
"C:/Users/35695/Downloads/AdvancedGridInventorySyst 5.7/AdvancedGridInventorySyst 5.7/Content/INVENTORY/Other/Demo/ThirdPerson/Characters/Mannequins/Rigs/Poses/Manny/Manny_lowerarm_l_pose.uexp" 1670
"C:/Users/35695/Downloads/AdvancedGridInventorySyst 5.7/AdvancedGridInventorySyst 5.7/Content/INVENTORY/Other/Demo/ThirdPerson/Characters/Mannequins/Rigs/Poses/Manny/Manny_lowerarm_r_anim.uasset" 1671
"C:/Users/35695/Downloads/AdvancedGridInventorySyst 5.7/AdvancedGridInventorySyst 5.7/Content/INVENTORY/Other/Demo/ThirdPerson/Characters/Mannequins/Rigs/Poses/Manny/Manny_lowerarm_r_anim.uexp" 1672
"C:/Users/35695/Downloads/AdvancedGridInventorySyst 5.7/AdvancedGridInventorySyst 5.7/Content/INVENTORY/Other/Demo/ThirdPerson/Characters/Mannequins/Rigs/Poses/Manny/Manny_lowerarm_r_pose.uasset" 1673
"C:/Users/35695/Downloads/AdvancedGridInventorySyst 5.7/AdvancedGridInventorySyst 5.7/Content/INVENTORY/Other/Demo/ThirdPerson/Characters/Mannequins/Rigs/Poses/Manny/Manny_lowerarm_r_pose.uexp" 1674
"C:/Users/35695/Downloads/AdvancedGridInventorySyst 5.7/AdvancedGridInventorySyst 5.7/Content/INVENTORY/Other/Demo/ThirdPerson/Characters/Mannequins/Rigs/Poses/Manny/Manny_thigh_l_anim.uasset" 1675
"C:/Users/35695/Downloads/AdvancedGridInventorySyst 5.7/AdvancedGridInventorySyst 5.7/Content/INVENTORY/Other/Demo/ThirdPerson/Characters/Mannequins/Rigs/Poses/Manny/Manny_thigh_l_anim.uexp" 1676
"C:/Users/35695/Downloads/AdvancedGridInventorySyst 5.7/AdvancedGridInventorySyst 5.7/Content/INVENTORY/Other/Demo/ThirdPerson/Characters/Mannequins/Rigs/Poses/Manny/Manny_thigh_l_pose.uasset" 1677
"C:/Users/35695/Downloads/AdvancedGridInventorySyst 5.7/AdvancedGridInventorySyst 5.7/Content/INVENTORY/Other/Demo/ThirdPerson/Characters/Mannequins/Rigs/Poses/Manny/Manny_thigh_l_pose.uexp" 1678
"C:/Users/35695/Downloads/AdvancedGridInventorySyst 5.7/AdvancedGridInventorySyst 5.7/Content/INVENTORY/Other/Demo/ThirdPerson/Characters/Mannequins/Rigs/Poses/Manny/Manny_thigh_r_anim.uasset" 1679
"C:/Users/35695/Downloads/AdvancedGridInventorySyst 5.7/AdvancedGridInventorySyst 5.7/Content/INVENTORY/Other/Demo/ThirdPerson/Characters/Mannequins/Rigs/Poses/Manny/Manny_thigh_r_anim.uexp" 1680
"C:/Users/35695/Downloads/AdvancedGridInventorySyst 5.7/AdvancedGridInventorySyst 5.7/Content/INVENTORY/Other/Demo/ThirdPerson/Characters/Mannequins/Rigs/Poses/Manny/Manny_thigh_r_pose.uasset" 1681
"C:/Users/35695/Downloads/AdvancedGridInventorySyst 5.7/AdvancedGridInventorySyst 5.7/Content/INVENTORY/Other/Demo/ThirdPerson/Characters/Mannequins/Rigs/Poses/Manny/Manny_thigh_r_pose.uexp" 1682
"C:/Users/35695/Downloads/AdvancedGridInventorySyst 5.7/AdvancedGridInventorySyst 5.7/Content/INVENTORY/Other/Demo/ThirdPerson/Characters/Mannequins/Rigs/Poses/Manny/Manny_upperarm_l_anim.uasset" 1683
"C:/Users/35695/Downloads/AdvancedGridInventorySyst 5.7/AdvancedGridInventorySyst 5.7/Content/INVENTORY/Other/Demo/ThirdPerson/Characters/Mannequins/Rigs/Poses/Manny/Manny_upperarm_l_anim.uexp" 1684
"C:/Users/35695/Downloads/AdvancedGridInventorySyst 5.7/AdvancedGridInventorySyst 5.7/Content/INVENTORY/Other/Demo/ThirdPerson/Characters/Mannequins/Rigs/Poses/Manny/Manny_upperarm_l_pose.uasset" 1685
"C:/Users/35695/Downloads/AdvancedGridInventorySyst 5.7/AdvancedGridInventorySyst 5.7/Content/INVENTORY/Other/Demo/ThirdPerson/Characters/Mannequins/Rigs/Poses/Manny/Manny_upperarm_l_pose.uexp" 1686
"C:/Users/35695/Downloads/AdvancedGridInventorySyst 5.7/AdvancedGridInventorySyst 5.7/Content/INVENTORY/Other/Demo/ThirdPerson/Characters/Mannequins/Rigs/Poses/Manny/Manny_upperarm_r_anim.uasset" 1687
"C:/Users/35695/Downloads/AdvancedGridInventorySyst 5.7/AdvancedGridInventorySyst 5.7/Content/INVENTORY/Other/Demo/ThirdPerson/Characters/Mannequins/Rigs/Poses/Manny/Manny_upperarm_r_anim.uexp" 1688
"C:/Users/35695/Downloads/AdvancedGridInventorySyst 5.7/AdvancedGridInventorySyst 5.7/Content/INVENTORY/Other/Demo/ThirdPerson/Characters/Mannequins/Rigs/Poses/Manny/Manny_upperarm_r_pose.uasset" 1689
"C:/Users/35695/Downloads/AdvancedGridInventorySyst 5.7/AdvancedGridInventorySyst 5.7/Content/INVENTORY/Other/Demo/ThirdPerson/Characters/Mannequins/Rigs/Poses/Manny/Manny_upperarm_r_pose.uexp" 1690
"C:/Users/35695/Downloads/AdvancedGridInventorySyst 5.7/AdvancedGridInventorySyst 5.7/Content/INVENTORY/Other/Demo/ThirdPerson/Characters/Mannequins/Rigs/ABP_Manny_PostProcess.uasset" 1691
"C:/Users/35695/Downloads/AdvancedGridInventorySyst 5.7/AdvancedGridInventorySyst 5.7/Content/INVENTORY/Other/Demo/ThirdPerson/Characters/Mannequins/Rigs/ABP_Manny_PostProcess.uexp" 1692
"C:/Users/35695/Downloads/AdvancedGridInventorySyst 5.7/AdvancedGridInventorySyst 5.7/Content/INVENTORY/Other/Demo/ThirdPerson/Characters/Mannequins/Materials/Instances/Manny/MI_Manny_01.uasset" 1693
"C:/Users/35695/Downloads/AdvancedGridInventorySyst 5.7/AdvancedGridInventorySyst 5.7/Content/INVENTORY/Other/Demo/ThirdPerson/Characters/Mannequins/Materials/Instances/Manny/MI_Manny_01.uexp" 1694
"C:/Users/35695/Downloads/AdvancedGridInventorySyst 5.7/AdvancedGridInventorySyst 5.7/Content/INVENTORY/Other/Demo/ThirdPerson/Characters/Mannequins/Materials/Instances/Manny/MI_Manny_02.uasset" 1695
"C:/Users/35695/Downloads/AdvancedGridInventorySyst 5.7/AdvancedGridInventorySyst 5.7/Content/INVENTORY/Other/Demo/ThirdPerson/Characters/Mannequins/Materials/Instances/Manny/MI_Manny_02.uexp" 1696
"C:/Users/35695/Downloads/AdvancedGridInventorySyst 5.7/AdvancedGridInventorySyst 5.7/Content/INVENTORY/Other/Demo/ThirdPerson/Characters/Mannequins/Meshes/SKM_Manny_FromAGIS.uasset" 1697
"C:/Users/35695/Downloads/AdvancedGridInventorySyst 5.7/AdvancedGridInventorySyst 5.7/Content/INVENTORY/Other/Demo/ThirdPerson/Characters/Mannequins/Meshes/SKM_Manny_FromAGIS.uexp" 1698
"C:/Users/35695/Downloads/AdvancedGridInventorySyst 5.7/AdvancedGridInventorySyst 5.7/Content/INVENTORY/BP_ExampleCharacterAGIS.uasset" 1699
"C:/Users/35695/Downloads/AdvancedGridInventorySyst 5.7/AdvancedGridInventorySyst 5.7/Content/INVENTORY/BP_ExampleCharacterAGIS.uexp" 1700
"C:/Users/35695/Downloads/AdvancedGridInventorySyst 5.7/AdvancedGridInventorySyst 5.7/Content/SearchEscape/Core/PC_SearchEscape.uasset" 1701
"C:/Users/35695/Downloads/AdvancedGridInventorySyst 5.7/AdvancedGridInventorySyst 5.7/Content/SearchEscape/Core/PC_SearchEscape.uexp" 1702
"C:/Users/35695/Downloads/AdvancedGridInventorySyst 5.7/AdvancedGridInventorySyst 5.7/Content/SearchEscape/Core/BP_SearchEscapeGameMode.uasset" 1703
"C:/Users/35695/Downloads/AdvancedGridInventorySyst 5.7/AdvancedGridInventorySyst 5.7/Content/SearchEscape/Core/BP_SearchEscapeGameMode.uexp" 1704
"C:/Users/35695/Downloads/AdvancedGridInventorySyst 5.7/AdvancedGridInventorySyst 5.7/Content/SearchEscape/UI/WBP_StorageOpenProcess.uasset" 1705
"C:/Users/35695/Downloads/AdvancedGridInventorySyst 5.7/AdvancedGridInventorySyst 5.7/Content/SearchEscape/UI/WBP_StorageOpenProcess.uexp" 1706
"C:/Users/35695/Downloads/AdvancedGridInventorySyst 5.7/AdvancedGridInventorySyst 5.7/Content/INVENTORY/Interactables/Storages/_BP_StorageBase.uasset" 1707
"C:/Users/35695/Downloads/AdvancedGridInventorySyst 5.7/AdvancedGridInventorySyst 5.7/Content/INVENTORY/Interactables/Storages/_BP_StorageBase.uexp" 1708
"C:/Users/35695/Downloads/AdvancedGridInventorySyst 5.7/AdvancedGridInventorySyst 5.7/Content/INVENTORY/Other/Materials/MI_BrownL.uasset" 1709
"C:/Users/35695/Downloads/AdvancedGridInventorySyst 5.7/AdvancedGridInventorySyst 5.7/Content/INVENTORY/Other/Materials/MI_BrownL.uexp" 1710
"C:/Users/35695/Downloads/AdvancedGridInventorySyst 5.7/AdvancedGridInventorySyst 5.7/Content/INVENTORY/Interactables/Storages/StorageBox.ubulk" 1711
"C:/Users/35695/Downloads/AdvancedGridInventorySyst 5.7/AdvancedGridInventorySyst 5.7/Content/INVENTORY/Interactables/Storages/StorageBox.uasset" 1712
"C:/Users/35695/Downloads/AdvancedGridInventorySyst 5.7/AdvancedGridInventorySyst 5.7/Content/INVENTORY/Interactables/Storages/StorageBox.uexp" 1713
"C:/Users/35695/Downloads/AdvancedGridInventorySyst 5.7/AdvancedGridInventorySyst 5.7/Content/INVENTORY/Interactables/Storages/BP_StorageBox.uasset" 1714
"C:/Users/35695/Downloads/AdvancedGridInventorySyst 5.7/AdvancedGridInventorySyst 5.7/Content/INVENTORY/Interactables/Storages/BP_StorageBox.uexp" 1715
"C:/Users/35695/Downloads/AdvancedGridInventorySyst 5.7/AdvancedGridInventorySyst 5.7/Content/INVENTORY/Data/DataAssets/ContainerGroupData/BoxStorage_ContainersData.uasset" 1716
"C:/Users/35695/Downloads/AdvancedGridInventorySyst 5.7/AdvancedGridInventorySyst 5.7/Content/INVENTORY/Data/DataAssets/ContainerGroupData/BoxStorage_ContainersData.uexp" 1717
"C:/Users/35695/Downloads/AdvancedGridInventorySyst 5.7/AdvancedGridInventorySyst 5.7/Content/INVENTORY/Interactables/BP_EnemyPuppet.uasset" 1718
"C:/Users/35695/Downloads/AdvancedGridInventorySyst 5.7/AdvancedGridInventorySyst 5.7/Content/INVENTORY/Interactables/BP_EnemyPuppet.uexp" 1719
"C:/Users/35695/Downloads/AdvancedGridInventorySyst 5.7/AdvancedGridInventorySyst 5.7/Content/INVENTORY/Other/TestRoom_BuiltData.uasset" 1720
"C:/Users/35695/Downloads/AdvancedGridInventorySyst 5.7/AdvancedGridInventorySyst 5.7/Content/INVENTORY/Other/TestRoom_BuiltData.uexp" 1721
"C:/Users/35695/Downloads/AdvancedGridInventorySyst 5.7/AdvancedGridInventorySyst 5.7/Content/INVENTORY/Other/WB_TestRoom.uasset" 1722
"C:/Users/35695/Downloads/AdvancedGridInventorySyst 5.7/AdvancedGridInventorySyst 5.7/Content/INVENTORY/Other/WB_TestRoom.uexp" 1723
"C:/Users/35695/Downloads/AdvancedGridInventorySyst 5.7/AdvancedGridInventorySyst 5.7/Content/INVENTORY/Interactables/FuelGenerator/SM_Generator.ubulk" 1724
"C:/Users/35695/Downloads/AdvancedGridInventorySyst 5.7/AdvancedGridInventorySyst 5.7/Content/INVENTORY/Interactables/FuelGenerator/SM_Generator.uasset" 1725
"C:/Users/35695/Downloads/AdvancedGridInventorySyst 5.7/AdvancedGridInventorySyst 5.7/Content/INVENTORY/Interactables/FuelGenerator/SM_Generator.uexp" 1726
"C:/Users/35695/Downloads/AdvancedGridInventorySyst 5.7/AdvancedGridInventorySyst 5.7/Content/INVENTORY/UI/Widgets/LootWidgets/WB_LootingGenerator.uasset" 1727
"C:/Users/35695/Downloads/AdvancedGridInventorySyst 5.7/AdvancedGridInventorySyst 5.7/Content/INVENTORY/UI/Widgets/LootWidgets/WB_LootingGenerator.uexp" 1728
"C:/Users/35695/Downloads/AdvancedGridInventorySyst 5.7/AdvancedGridInventorySyst 5.7/Content/INVENTORY/Data/DataAssets/InventoryData/Generator_Inventory.uasset" 1729
"C:/Users/35695/Downloads/AdvancedGridInventorySyst 5.7/AdvancedGridInventorySyst 5.7/Content/INVENTORY/Data/DataAssets/InventoryData/Generator_Inventory.uexp" 1730
"C:/Users/35695/Downloads/AdvancedGridInventorySyst 5.7/AdvancedGridInventorySyst 5.7/Content/INVENTORY/Interactables/FuelGenerator/BP_Generator.uasset" 1731
"C:/Users/35695/Downloads/AdvancedGridInventorySyst 5.7/AdvancedGridInventorySyst 5.7/Content/INVENTORY/Interactables/FuelGenerator/BP_Generator.uexp" 1732
"C:/Users/35695/Downloads/AdvancedGridInventorySyst 5.7/AdvancedGridInventorySyst 5.7/Content/INVENTORY/Other/Materials/MI_RedEmissive.uasset" 1733
"C:/Users/35695/Downloads/AdvancedGridInventorySyst 5.7/AdvancedGridInventorySyst 5.7/Content/INVENTORY/Other/Materials/MI_RedEmissive.uexp" 1734
"C:/Users/35695/Downloads/AdvancedGridInventorySyst 5.7/AdvancedGridInventorySyst 5.7/Content/INVENTORY/Interactables/KeycardReader/Reader.ubulk" 1735
"C:/Users/35695/Downloads/AdvancedGridInventorySyst 5.7/AdvancedGridInventorySyst 5.7/Content/INVENTORY/Interactables/KeycardReader/Reader.uasset" 1736
"C:/Users/35695/Downloads/AdvancedGridInventorySyst 5.7/AdvancedGridInventorySyst 5.7/Content/INVENTORY/Interactables/KeycardReader/Reader.uexp" 1737
"C:/Users/35695/Downloads/AdvancedGridInventorySyst 5.7/AdvancedGridInventorySyst 5.7/Content/INVENTORY/Other/Materials/MI_GreenEmissive.uasset" 1738
"C:/Users/35695/Downloads/AdvancedGridInventorySyst 5.7/AdvancedGridInventorySyst 5.7/Content/INVENTORY/Other/Materials/MI_GreenEmissive.uexp" 1739
"C:/Users/35695/Downloads/AdvancedGridInventorySyst 5.7/AdvancedGridInventorySyst 5.7/Content/INVENTORY/UI/Widgets/LootWidgets/WB_LootingKeycardReader.uasset" 1740
"C:/Users/35695/Downloads/AdvancedGridInventorySyst 5.7/AdvancedGridInventorySyst 5.7/Content/INVENTORY/UI/Widgets/LootWidgets/WB_LootingKeycardReader.uexp" 1741
"C:/Users/35695/Downloads/AdvancedGridInventorySyst 5.7/AdvancedGridInventorySyst 5.7/Content/INVENTORY/Data/DataAssets/InventoryData/CardReader_Inventory.uasset" 1742
"C:/Users/35695/Downloads/AdvancedGridInventorySyst 5.7/AdvancedGridInventorySyst 5.7/Content/INVENTORY/Data/DataAssets/InventoryData/CardReader_Inventory.uexp" 1743
"C:/Users/35695/Downloads/AdvancedGridInventorySyst 5.7/AdvancedGridInventorySyst 5.7/Content/INVENTORY/Interactables/KeycardReader/BP_KeycardReader.uasset" 1744
"C:/Users/35695/Downloads/AdvancedGridInventorySyst 5.7/AdvancedGridInventorySyst 5.7/Content/INVENTORY/Interactables/KeycardReader/BP_KeycardReader.uexp" 1745
"C:/Users/35695/Downloads/AdvancedGridInventorySyst 5.7/AdvancedGridInventorySyst 5.7/Content/INVENTORY/Interactables/Other/BP_SimpleDoor.uasset" 1746
"C:/Users/35695/Downloads/AdvancedGridInventorySyst 5.7/AdvancedGridInventorySyst 5.7/Content/INVENTORY/Interactables/Other/BP_SimpleDoor.uexp" 1747
"C:/Users/35695/Downloads/AdvancedGridInventorySyst 5.7/AdvancedGridInventorySyst 5.7/Content/INVENTORY/Items/Resources/Vehicle/SM_trunk.ubulk" 1748
"C:/Users/35695/Downloads/AdvancedGridInventorySyst 5.7/AdvancedGridInventorySyst 5.7/Content/INVENTORY/Items/Resources/Vehicle/SM_trunk.uasset" 1749
"C:/Users/35695/Downloads/AdvancedGridInventorySyst 5.7/AdvancedGridInventorySyst 5.7/Content/INVENTORY/Items/Resources/Vehicle/SM_trunk.uexp" 1750
"C:/Users/35695/Downloads/AdvancedGridInventorySyst 5.7/AdvancedGridInventorySyst 5.7/Content/INVENTORY/Interactables/Storages/BP_Trunk.uasset" 1751
"C:/Users/35695/Downloads/AdvancedGridInventorySyst 5.7/AdvancedGridInventorySyst 5.7/Content/INVENTORY/Interactables/Storages/BP_Trunk.uexp" 1752
"C:/Users/35695/Downloads/AdvancedGridInventorySyst 5.7/AdvancedGridInventorySyst 5.7/Content/INVENTORY/Other/Materials/M_Outline.uasset" 1753
"C:/Users/35695/Downloads/AdvancedGridInventorySyst 5.7/AdvancedGridInventorySyst 5.7/Content/INVENTORY/Other/Materials/M_Outline.uexp" 1754
"C:/Users/35695/Downloads/AdvancedGridInventorySyst 5.7/AdvancedGridInventorySyst 5.7/Content/INVENTORY/Data/DataAssets/ContainerGroupData/ChestStorage_ContainersData.uasset" 1755
"C:/Users/35695/Downloads/AdvancedGridInventorySyst 5.7/AdvancedGridInventorySyst 5.7/Content/INVENTORY/Data/DataAssets/ContainerGroupData/ChestStorage_ContainersData.uexp" 1756
"C:/Users/35695/Downloads/AdvancedGridInventorySyst 5.7/AdvancedGridInventorySyst 5.7/Content/INVENTORY/Data/DataAssets/ContainerGroupData/ExampleStorage2_ContainersData.uasset" 1757
"C:/Users/35695/Downloads/AdvancedGridInventorySyst 5.7/AdvancedGridInventorySyst 5.7/Content/INVENTORY/Data/DataAssets/ContainerGroupData/ExampleStorage2_ContainersData.uexp" 1758
"C:/Users/35695/Downloads/AdvancedGridInventorySyst 5.7/AdvancedGridInventorySyst 5.7/Content/INVENTORY/Data/DataAssets/ContainerGroupData/ExampleStorage3_ContainersData.uasset" 1759
"C:/Users/35695/Downloads/AdvancedGridInventorySyst 5.7/AdvancedGridInventorySyst 5.7/Content/INVENTORY/Data/DataAssets/ContainerGroupData/ExampleStorage3_ContainersData.uexp" 1760
"C:/Users/35695/Downloads/AdvancedGridInventorySyst 5.7/AdvancedGridInventorySyst 5.7/Content/INVENTORY/Data/DataAssets/ContainerGroupData/ExampleStorage4_ContainersData.uasset" 1761
"C:/Users/35695/Downloads/AdvancedGridInventorySyst 5.7/AdvancedGridInventorySyst 5.7/Content/INVENTORY/Data/DataAssets/ContainerGroupData/ExampleStorage4_ContainersData.uexp" 1762
"C:/Users/35695/Downloads/AdvancedGridInventorySyst 5.7/AdvancedGridInventorySyst 5.7/Content/INVENTORY/Data/DataAssets/ContainerGroupData/ExampleStorage_ContainersData.uasset" 1763
"C:/Users/35695/Downloads/AdvancedGridInventorySyst 5.7/AdvancedGridInventorySyst 5.7/Content/INVENTORY/Data/DataAssets/ContainerGroupData/ExampleStorage_ContainersData.uexp" 1764
"C:/Users/35695/Downloads/AdvancedGridInventorySyst 5.7/AdvancedGridInventorySyst 5.7/Content/INVENTORY/Interactables/CraftingInteractables/Campfire/BaseColor_Campfire.uasset" 1765
"C:/Users/35695/Downloads/AdvancedGridInventorySyst 5.7/AdvancedGridInventorySyst 5.7/Content/INVENTORY/Interactables/CraftingInteractables/Campfire/BaseColor_Campfire.uexp" 1766
"C:/Users/35695/Downloads/AdvancedGridInventorySyst 5.7/AdvancedGridInventorySyst 5.7/Content/INVENTORY/Interactables/CraftingInteractables/Campfire/M_Campfire.uasset" 1767
"C:/Users/35695/Downloads/AdvancedGridInventorySyst 5.7/AdvancedGridInventorySyst 5.7/Content/INVENTORY/Interactables/CraftingInteractables/Campfire/M_Campfire.uexp" 1768
"C:/Users/35695/Downloads/AdvancedGridInventorySyst 5.7/AdvancedGridInventorySyst 5.7/Content/INVENTORY/Other/Demo/Global/DemoRoom/Materials/M_Display.uasset" 1769
"C:/Users/35695/Downloads/AdvancedGridInventorySyst 5.7/AdvancedGridInventorySyst 5.7/Content/INVENTORY/Other/Demo/Global/DemoRoom/Materials/M_Display.uexp" 1770
"C:/Users/35695/Downloads/AdvancedGridInventorySyst 5.7/AdvancedGridInventorySyst 5.7/Content/INVENTORY/Other/Demo/Global/DemoRoom/Materials/MI_Display_Gray.uasset" 1771
"C:/Users/35695/Downloads/AdvancedGridInventorySyst 5.7/AdvancedGridInventorySyst 5.7/Content/INVENTORY/Other/Demo/Global/DemoRoom/Materials/MI_Display_Gray.uexp" 1772
"C:/Users/35695/Downloads/AdvancedGridInventorySyst 5.7/AdvancedGridInventorySyst 5.7/Content/INVENTORY/Interactables/CraftingInteractables/Campfire/SM_Campfire.ubulk" 1773
"C:/Users/35695/Downloads/AdvancedGridInventorySyst 5.7/AdvancedGridInventorySyst 5.7/Content/INVENTORY/Interactables/CraftingInteractables/Campfire/SM_Campfire.uasset" 1774
"C:/Users/35695/Downloads/AdvancedGridInventorySyst 5.7/AdvancedGridInventorySyst 5.7/Content/INVENTORY/Interactables/CraftingInteractables/Campfire/SM_Campfire.uexp" 1775
"C:/Users/35695/Downloads/AdvancedGridInventorySyst 5.7/AdvancedGridInventorySyst 5.7/Content/INVENTORY/Interactables/CraftingInteractables/Campfire/BP_Campfire.uasset" 1776
"C:/Users/35695/Downloads/AdvancedGridInventorySyst 5.7/AdvancedGridInventorySyst 5.7/Content/INVENTORY/Interactables/CraftingInteractables/Campfire/BP_Campfire.uexp" 1777
"C:/Users/35695/Downloads/AdvancedGridInventorySyst 5.7/AdvancedGridInventorySyst 5.7/Content/INVENTORY/Interactables/CraftingInteractables/Smelter/BaseColor_Smelter.ubulk" 1778
"C:/Users/35695/Downloads/AdvancedGridInventorySyst 5.7/AdvancedGridInventorySyst 5.7/Content/INVENTORY/Interactables/CraftingInteractables/Smelter/BaseColor_Smelter.uasset" 1779
"C:/Users/35695/Downloads/AdvancedGridInventorySyst 5.7/AdvancedGridInventorySyst 5.7/Content/INVENTORY/Interactables/CraftingInteractables/Smelter/BaseColor_Smelter.uexp" 1780
"C:/Users/35695/Downloads/AdvancedGridInventorySyst 5.7/AdvancedGridInventorySyst 5.7/Content/INVENTORY/Interactables/CraftingInteractables/Smelter/Normal_Smelter.ubulk" 1781
"C:/Users/35695/Downloads/AdvancedGridInventorySyst 5.7/AdvancedGridInventorySyst 5.7/Content/INVENTORY/Interactables/CraftingInteractables/Smelter/Normal_Smelter.uasset" 1782
"C:/Users/35695/Downloads/AdvancedGridInventorySyst 5.7/AdvancedGridInventorySyst 5.7/Content/INVENTORY/Interactables/CraftingInteractables/Smelter/Normal_Smelter.uexp" 1783
"C:/Users/35695/Downloads/AdvancedGridInventorySyst 5.7/AdvancedGridInventorySyst 5.7/Content/INVENTORY/Interactables/CraftingInteractables/Smelter/M_Smelter.uasset" 1784
"C:/Users/35695/Downloads/AdvancedGridInventorySyst 5.7/AdvancedGridInventorySyst 5.7/Content/INVENTORY/Interactables/CraftingInteractables/Smelter/M_Smelter.uexp" 1785
"C:/Users/35695/Downloads/AdvancedGridInventorySyst 5.7/AdvancedGridInventorySyst 5.7/Content/INVENTORY/Interactables/CraftingInteractables/Smelter/BaseColor_SmelterCoal.ubulk" 1786
"C:/Users/35695/Downloads/AdvancedGridInventorySyst 5.7/AdvancedGridInventorySyst 5.7/Content/INVENTORY/Interactables/CraftingInteractables/Smelter/BaseColor_SmelterCoal.uasset" 1787
"C:/Users/35695/Downloads/AdvancedGridInventorySyst 5.7/AdvancedGridInventorySyst 5.7/Content/INVENTORY/Interactables/CraftingInteractables/Smelter/BaseColor_SmelterCoal.uexp" 1788
"C:/Users/35695/Downloads/AdvancedGridInventorySyst 5.7/AdvancedGridInventorySyst 5.7/Content/INVENTORY/Interactables/CraftingInteractables/Smelter/Emissive_Smeltercoal.ubulk" 1789
"C:/Users/35695/Downloads/AdvancedGridInventorySyst 5.7/AdvancedGridInventorySyst 5.7/Content/INVENTORY/Interactables/CraftingInteractables/Smelter/Emissive_Smeltercoal.uasset" 1790
"C:/Users/35695/Downloads/AdvancedGridInventorySyst 5.7/AdvancedGridInventorySyst 5.7/Content/INVENTORY/Interactables/CraftingInteractables/Smelter/Emissive_Smeltercoal.uexp" 1791
"C:/Users/35695/Downloads/AdvancedGridInventorySyst 5.7/AdvancedGridInventorySyst 5.7/Content/INVENTORY/Interactables/CraftingInteractables/Smelter/Normal_SmelterCoal.ubulk" 1792
"C:/Users/35695/Downloads/AdvancedGridInventorySyst 5.7/AdvancedGridInventorySyst 5.7/Content/INVENTORY/Interactables/CraftingInteractables/Smelter/Normal_SmelterCoal.uasset" 1793
"C:/Users/35695/Downloads/AdvancedGridInventorySyst 5.7/AdvancedGridInventorySyst 5.7/Content/INVENTORY/Interactables/CraftingInteractables/Smelter/Normal_SmelterCoal.uexp" 1794
"C:/Users/35695/Downloads/AdvancedGridInventorySyst 5.7/AdvancedGridInventorySyst 5.7/Content/INVENTORY/Interactables/CraftingInteractables/Smelter/M_SmelterCoal.uasset" 1795
"C:/Users/35695/Downloads/AdvancedGridInventorySyst 5.7/AdvancedGridInventorySyst 5.7/Content/INVENTORY/Interactables/CraftingInteractables/Smelter/M_SmelterCoal.uexp" 1796
"C:/Users/35695/Downloads/AdvancedGridInventorySyst 5.7/AdvancedGridInventorySyst 5.7/Content/INVENTORY/Interactables/CraftingInteractables/Smelter/SM_Smelter.ubulk" 1797
"C:/Users/35695/Downloads/AdvancedGridInventorySyst 5.7/AdvancedGridInventorySyst 5.7/Content/INVENTORY/Interactables/CraftingInteractables/Smelter/SM_Smelter.uasset" 1798
"C:/Users/35695/Downloads/AdvancedGridInventorySyst 5.7/AdvancedGridInventorySyst 5.7/Content/INVENTORY/Interactables/CraftingInteractables/Smelter/SM_Smelter.uexp" 1799
"C:/Users/35695/Downloads/AdvancedGridInventorySyst 5.7/AdvancedGridInventorySyst 5.7/Content/INVENTORY/Interactables/CraftingInteractables/Smelter/BP_Smelter.uasset" 1800
"C:/Users/35695/Downloads/AdvancedGridInventorySyst 5.7/AdvancedGridInventorySyst 5.7/Content/INVENTORY/Interactables/CraftingInteractables/Smelter/BP_Smelter.uexp" 1801
"C:/Users/35695/Downloads/AdvancedGridInventorySyst 5.7/AdvancedGridInventorySyst 5.7/Content/INVENTORY/Interactables/Storages/Deadbody/SM_Deadman.ubulk" 1802
"C:/Users/35695/Downloads/AdvancedGridInventorySyst 5.7/AdvancedGridInventorySyst 5.7/Content/INVENTORY/Interactables/Storages/Deadbody/SM_Deadman.uasset" 1803
"C:/Users/35695/Downloads/AdvancedGridInventorySyst 5.7/AdvancedGridInventorySyst 5.7/Content/INVENTORY/Interactables/Storages/Deadbody/SM_Deadman.uexp" 1804
"C:/Users/35695/Downloads/AdvancedGridInventorySyst 5.7/AdvancedGridInventorySyst 5.7/Content/INVENTORY/Interactables/Storages/Deadbody/BP_Deadman.uasset" 1805
"C:/Users/35695/Downloads/AdvancedGridInventorySyst 5.7/AdvancedGridInventorySyst 5.7/Content/INVENTORY/Interactables/Storages/Deadbody/BP_Deadman.uexp" 1806
"C:/Users/35695/Downloads/AdvancedGridInventorySyst 5.7/AdvancedGridInventorySyst 5.7/Content/INVENTORY/Other/Demo/LevelPrototyping/Materials/M_Button2.uasset" 1807
"C:/Users/35695/Downloads/AdvancedGridInventorySyst 5.7/AdvancedGridInventorySyst 5.7/Content/INVENTORY/Other/Demo/LevelPrototyping/Materials/M_Button2.uexp" 1808
"C:/Users/35695/Downloads/AdvancedGridInventorySyst 5.7/AdvancedGridInventorySyst 5.7/Content/INVENTORY/Other/Demo/Global/DemoRoom/Materials/M_Metal.uasset" 1809
"C:/Users/35695/Downloads/AdvancedGridInventorySyst 5.7/AdvancedGridInventorySyst 5.7/Content/INVENTORY/Other/Demo/Global/DemoRoom/Materials/M_Metal.uexp" 1810
"C:/Users/35695/Downloads/AdvancedGridInventorySyst 5.7/AdvancedGridInventorySyst 5.7/Content/INVENTORY/Other/Demo/Global/DemoRoom/Meshes/Display_Button.ubulk" 1811
"C:/Users/35695/Downloads/AdvancedGridInventorySyst 5.7/AdvancedGridInventorySyst 5.7/Content/INVENTORY/Other/Demo/Global/DemoRoom/Meshes/Display_Button.uasset" 1812
"C:/Users/35695/Downloads/AdvancedGridInventorySyst 5.7/AdvancedGridInventorySyst 5.7/Content/INVENTORY/Other/Demo/Global/DemoRoom/Meshes/Display_Button.uexp" 1813
"C:/Users/35695/Downloads/AdvancedGridInventorySyst 5.7/AdvancedGridInventorySyst 5.7/Content/INVENTORY/Other/Demo/Global/BP_TestButton.uasset" 1814
"C:/Users/35695/Downloads/AdvancedGridInventorySyst 5.7/AdvancedGridInventorySyst 5.7/Content/INVENTORY/Other/Demo/Global/BP_TestButton.uexp" 1815
"../../../Engine/Content/EngineLightProfiles/180Degree_IES.uasset" 1816
"../../../Engine/Content/EngineLightProfiles/180Degree_IES.uexp" 1817
"C:/Users/35695/Downloads/AdvancedGridInventorySyst 5.7/AdvancedGridInventorySyst 5.7/Content/INVENTORY/Other/Demo/Global/DemoRoom/Materials/MI_Display_Blue.uasset" 1818
"C:/Users/35695/Downloads/AdvancedGridInventorySyst 5.7/AdvancedGridInventorySyst 5.7/Content/INVENTORY/Other/Demo/Global/DemoRoom/Materials/MI_Display_Blue.uexp" 1819
"C:/Users/35695/Downloads/AdvancedGridInventorySyst 5.7/AdvancedGridInventorySyst 5.7/Content/INVENTORY/Other/Demo/Global/DemoRoom/Meshes/Display_Corner_B.ubulk" 1820
"C:/Users/35695/Downloads/AdvancedGridInventorySyst 5.7/AdvancedGridInventorySyst 5.7/Content/INVENTORY/Other/Demo/Global/DemoRoom/Meshes/Display_Corner_B.uasset" 1821
"C:/Users/35695/Downloads/AdvancedGridInventorySyst 5.7/AdvancedGridInventorySyst 5.7/Content/INVENTORY/Other/Demo/Global/DemoRoom/Meshes/Display_Corner_B.uexp" 1822
"C:/Users/35695/Downloads/AdvancedGridInventorySyst 5.7/AdvancedGridInventorySyst 5.7/Content/INVENTORY/Other/Demo/Global/DemoRoom/Meshes/Display_Curve_B.ubulk" 1823
"C:/Users/35695/Downloads/AdvancedGridInventorySyst 5.7/AdvancedGridInventorySyst 5.7/Content/INVENTORY/Other/Demo/Global/DemoRoom/Meshes/Display_Curve_B.uasset" 1824
"C:/Users/35695/Downloads/AdvancedGridInventorySyst 5.7/AdvancedGridInventorySyst 5.7/Content/INVENTORY/Other/Demo/Global/DemoRoom/Meshes/Display_Curve_B.uexp" 1825
"C:/Users/35695/Downloads/AdvancedGridInventorySyst 5.7/AdvancedGridInventorySyst 5.7/Content/INVENTORY/Other/Demo/Global/DemoRoom/Meshes/Display_EdgeCurve_B.ubulk" 1826
"C:/Users/35695/Downloads/AdvancedGridInventorySyst 5.7/AdvancedGridInventorySyst 5.7/Content/INVENTORY/Other/Demo/Global/DemoRoom/Meshes/Display_EdgeCurve_B.uasset" 1827
"C:/Users/35695/Downloads/AdvancedGridInventorySyst 5.7/AdvancedGridInventorySyst 5.7/Content/INVENTORY/Other/Demo/Global/DemoRoom/Meshes/Display_EdgeCurve_B.uexp" 1828
"C:/Users/35695/Downloads/AdvancedGridInventorySyst 5.7/AdvancedGridInventorySyst 5.7/Content/INVENTORY/Other/Demo/Global/DemoRoom/Meshes/Display_Main_B.ubulk" 1829
"C:/Users/35695/Downloads/AdvancedGridInventorySyst 5.7/AdvancedGridInventorySyst 5.7/Content/INVENTORY/Other/Demo/Global/DemoRoom/Meshes/Display_Main_B.uasset" 1830
"C:/Users/35695/Downloads/AdvancedGridInventorySyst 5.7/AdvancedGridInventorySyst 5.7/Content/INVENTORY/Other/Demo/Global/DemoRoom/Meshes/Display_Main_B.uexp" 1831
"C:/Users/35695/Downloads/AdvancedGridInventorySyst 5.7/AdvancedGridInventorySyst 5.7/Content/INVENTORY/Other/Demo/Global/DemoRoom/Meshes/Display_Side_B.ubulk" 1832
"C:/Users/35695/Downloads/AdvancedGridInventorySyst 5.7/AdvancedGridInventorySyst 5.7/Content/INVENTORY/Other/Demo/Global/DemoRoom/Meshes/Display_Side_B.uasset" 1833
"C:/Users/35695/Downloads/AdvancedGridInventorySyst 5.7/AdvancedGridInventorySyst 5.7/Content/INVENTORY/Other/Demo/Global/DemoRoom/Meshes/Display_Side_B.uexp" 1834
"../../../Engine/Content/Functions/Engine_MaterialFunctions01/ImageAdjustment/CheapContrast.uasset" 1835
"../../../Engine/Content/Functions/Engine_MaterialFunctions01/ImageAdjustment/CheapContrast.uexp" 1836
"../../../Engine/Content/Functions/Engine_MaterialFunctions01/Texturing/WorldAlignedTexture.uasset" 1837
"../../../Engine/Content/Functions/Engine_MaterialFunctions01/Texturing/WorldAlignedTexture.uexp" 1838
"../../../Engine/Content/Functions/Engine_MaterialFunctions01/Gradient/BoxMask-2D.uasset" 1839
"../../../Engine/Content/Functions/Engine_MaterialFunctions01/Gradient/BoxMask-2D.uexp" 1840
"../../../Engine/Content/OpenWorldTemplate/LandscapeMaterial/MF_RSquareGradient.uasset" 1841
"../../../Engine/Content/OpenWorldTemplate/LandscapeMaterial/MF_RSquareGradient.uexp" 1842
"C:/Users/35695/Downloads/AdvancedGridInventorySyst 5.7/AdvancedGridInventorySyst 5.7/Content/INVENTORY/Other/Demo/Global/DemoRoom/Materials/Textures/T_GrungySurface_slnneipc_4K_MR.ubulk" 1843
"C:/Users/35695/Downloads/AdvancedGridInventorySyst 5.7/AdvancedGridInventorySyst 5.7/Content/INVENTORY/Other/Demo/Global/DemoRoom/Materials/Textures/T_GrungySurface_slnneipc_4K_MR.uasset" 1844
"C:/Users/35695/Downloads/AdvancedGridInventorySyst 5.7/AdvancedGridInventorySyst 5.7/Content/INVENTORY/Other/Demo/Global/DemoRoom/Materials/Textures/T_GrungySurface_slnneipc_4K_MR.uexp" 1845
"C:/Users/35695/Downloads/AdvancedGridInventorySyst 5.7/AdvancedGridInventorySyst 5.7/Content/INVENTORY/Other/Demo/Global/DemoRoom/Materials/M_Tile.uasset" 1846
"C:/Users/35695/Downloads/AdvancedGridInventorySyst 5.7/AdvancedGridInventorySyst 5.7/Content/INVENTORY/Other/Demo/Global/DemoRoom/Materials/M_Tile.uexp" 1847
"C:/Users/35695/Downloads/AdvancedGridInventorySyst 5.7/AdvancedGridInventorySyst 5.7/Content/INVENTORY/Other/Demo/Global/DemoRoom/Materials/M_Tile_Glossy.uasset" 1848
"C:/Users/35695/Downloads/AdvancedGridInventorySyst 5.7/AdvancedGridInventorySyst 5.7/Content/INVENTORY/Other/Demo/Global/DemoRoom/Materials/M_Tile_Glossy.uexp" 1849
"C:/Users/35695/Downloads/AdvancedGridInventorySyst 5.7/AdvancedGridInventorySyst 5.7/Content/INVENTORY/Other/Demo/Global/DemoRoom/Meshes/ShadowBox_1MPanel.ubulk" 1850
"C:/Users/35695/Downloads/AdvancedGridInventorySyst 5.7/AdvancedGridInventorySyst 5.7/Content/INVENTORY/Other/Demo/Global/DemoRoom/Meshes/ShadowBox_1MPanel.uasset" 1851
"C:/Users/35695/Downloads/AdvancedGridInventorySyst 5.7/AdvancedGridInventorySyst 5.7/Content/INVENTORY/Other/Demo/Global/DemoRoom/Meshes/ShadowBox_1MPanel.uexp" 1852
"C:/Users/35695/Downloads/AdvancedGridInventorySyst 5.7/AdvancedGridInventorySyst 5.7/Content/INVENTORY/Other/Demo/Global/DemoRoom/Meshes/ShadowBox_1MPanel2.ubulk" 1853
"C:/Users/35695/Downloads/AdvancedGridInventorySyst 5.7/AdvancedGridInventorySyst 5.7/Content/INVENTORY/Other/Demo/Global/DemoRoom/Meshes/ShadowBox_1MPanel2.uasset" 1854
"C:/Users/35695/Downloads/AdvancedGridInventorySyst 5.7/AdvancedGridInventorySyst 5.7/Content/INVENTORY/Other/Demo/Global/DemoRoom/Meshes/ShadowBox_1MPanel2.uexp" 1855
"C:/Users/35695/Downloads/AdvancedGridInventorySyst 5.7/AdvancedGridInventorySyst 5.7/Content/INVENTORY/Other/Demo/Global/DemoRoom/Meshes/ShadowBox_RoundEdge.ubulk" 1856
"C:/Users/35695/Downloads/AdvancedGridInventorySyst 5.7/AdvancedGridInventorySyst 5.7/Content/INVENTORY/Other/Demo/Global/DemoRoom/Meshes/ShadowBox_RoundEdge.uasset" 1857
"C:/Users/35695/Downloads/AdvancedGridInventorySyst 5.7/AdvancedGridInventorySyst 5.7/Content/INVENTORY/Other/Demo/Global/DemoRoom/Meshes/ShadowBox_RoundEdge.uexp" 1858
"C:/Users/35695/Downloads/AdvancedGridInventorySyst 5.7/AdvancedGridInventorySyst 5.7/Content/INVENTORY/Other/Demo/Global/DemoRoom/Meshes/TagBar_Middle.ubulk" 1859
"C:/Users/35695/Downloads/AdvancedGridInventorySyst 5.7/AdvancedGridInventorySyst 5.7/Content/INVENTORY/Other/Demo/Global/DemoRoom/Meshes/TagBar_Middle.uasset" 1860
"C:/Users/35695/Downloads/AdvancedGridInventorySyst 5.7/AdvancedGridInventorySyst 5.7/Content/INVENTORY/Other/Demo/Global/DemoRoom/Meshes/TagBar_Middle.uexp" 1861
"C:/Users/35695/Downloads/AdvancedGridInventorySyst 5.7/AdvancedGridInventorySyst 5.7/Content/INVENTORY/Other/Demo/Global/DemoRoom/Meshes/TagBar_TitleCap.ubulk" 1862
"C:/Users/35695/Downloads/AdvancedGridInventorySyst 5.7/AdvancedGridInventorySyst 5.7/Content/INVENTORY/Other/Demo/Global/DemoRoom/Meshes/TagBar_TitleCap.uasset" 1863
"C:/Users/35695/Downloads/AdvancedGridInventorySyst 5.7/AdvancedGridInventorySyst 5.7/Content/INVENTORY/Other/Demo/Global/DemoRoom/Meshes/TagBar_TitleCap.uexp" 1864
"C:/Users/35695/Downloads/AdvancedGridInventorySyst 5.7/AdvancedGridInventorySyst 5.7/Content/INVENTORY/Other/Demo/Global/DemoRoom/Misc/S_Colour.uasset" 1865
"C:/Users/35695/Downloads/AdvancedGridInventorySyst 5.7/AdvancedGridInventorySyst 5.7/Content/INVENTORY/Other/Demo/Global/DemoRoom/Misc/S_Colour.uexp" 1866
"C:/Users/35695/Downloads/AdvancedGridInventorySyst 5.7/AdvancedGridInventorySyst 5.7/Content/INVENTORY/Other/Demo/Global/DemoRoom/Misc/DT_Colourways.uasset" 1867
"C:/Users/35695/Downloads/AdvancedGridInventorySyst 5.7/AdvancedGridInventorySyst 5.7/Content/INVENTORY/Other/Demo/Global/DemoRoom/Misc/DT_Colourways.uexp" 1868
"C:/Users/35695/Downloads/AdvancedGridInventorySyst 5.7/AdvancedGridInventorySyst 5.7/Content/INVENTORY/Other/Demo/Global/DemoRoom/Blueprints/BP_DemoDisplay.uasset" 1869
"C:/Users/35695/Downloads/AdvancedGridInventorySyst 5.7/AdvancedGridInventorySyst 5.7/Content/INVENTORY/Other/Demo/Global/DemoRoom/Blueprints/BP_DemoDisplay.uexp" 1870
"C:/Users/35695/Downloads/AdvancedGridInventorySyst 5.7/AdvancedGridInventorySyst 5.7/Content/INVENTORY/Other/Demo/Global/DemoRoom/Materials/MI_TileBlack.uasset" 1871
"C:/Users/35695/Downloads/AdvancedGridInventorySyst 5.7/AdvancedGridInventorySyst 5.7/Content/INVENTORY/Other/Demo/Global/DemoRoom/Materials/MI_TileBlack.uexp" 1872
"C:/Users/35695/Downloads/AdvancedGridInventorySyst 5.7/AdvancedGridInventorySyst 5.7/Content/INVENTORY/Other/Demo/Global/DemoRoom/Materials/M_Glow.uasset" 1873
"C:/Users/35695/Downloads/AdvancedGridInventorySyst 5.7/AdvancedGridInventorySyst 5.7/Content/INVENTORY/Other/Demo/Global/DemoRoom/Materials/M_Glow.uexp" 1874
"../../../Engine/Content/OpenWorldTemplate/LandscapeMaterial/T_GridChecker_A.ubulk" 1875
"../../../Engine/Content/OpenWorldTemplate/LandscapeMaterial/T_GridChecker_A.uasset" 1876
"../../../Engine/Content/OpenWorldTemplate/LandscapeMaterial/T_GridChecker_A.uexp" 1877
"C:/Users/35695/Downloads/AdvancedGridInventorySyst 5.7/AdvancedGridInventorySyst 5.7/Content/INVENTORY/Other/Demo/Global/DemoRoom/Materials/M_Tile_2.uasset" 1878
"C:/Users/35695/Downloads/AdvancedGridInventorySyst 5.7/AdvancedGridInventorySyst 5.7/Content/INVENTORY/Other/Demo/Global/DemoRoom/Materials/M_Tile_2.uexp" 1879
"C:/Users/35695/Downloads/AdvancedGridInventorySyst 5.7/AdvancedGridInventorySyst 5.7/Content/INVENTORY/Other/Demo/Global/DemoRoom/Materials/MI_Tile_Ceiling.uasset" 1880
"C:/Users/35695/Downloads/AdvancedGridInventorySyst 5.7/AdvancedGridInventorySyst 5.7/Content/INVENTORY/Other/Demo/Global/DemoRoom/Materials/MI_Tile_Ceiling.uexp" 1881
"C:/Users/35695/Downloads/AdvancedGridInventorySyst 5.7/AdvancedGridInventorySyst 5.7/Content/INVENTORY/Other/Demo/Global/DemoRoom/Materials/M_Tile_Grey.uasset" 1882
"C:/Users/35695/Downloads/AdvancedGridInventorySyst 5.7/AdvancedGridInventorySyst 5.7/Content/INVENTORY/Other/Demo/Global/DemoRoom/Materials/M_Tile_Grey.uexp" 1883
"C:/Users/35695/Downloads/AdvancedGridInventorySyst 5.7/AdvancedGridInventorySyst 5.7/Content/INVENTORY/Other/Demo/Global/DemoRoom/Meshes/Floor_Corner.ubulk" 1884
"C:/Users/35695/Downloads/AdvancedGridInventorySyst 5.7/AdvancedGridInventorySyst 5.7/Content/INVENTORY/Other/Demo/Global/DemoRoom/Meshes/Floor_Corner.uasset" 1885
"C:/Users/35695/Downloads/AdvancedGridInventorySyst 5.7/AdvancedGridInventorySyst 5.7/Content/INVENTORY/Other/Demo/Global/DemoRoom/Meshes/Floor_Corner.uexp" 1886
"C:/Users/35695/Downloads/AdvancedGridInventorySyst 5.7/AdvancedGridInventorySyst 5.7/Content/INVENTORY/Other/Demo/Global/DemoRoom/Meshes/Floor_Edge.ubulk" 1887
"C:/Users/35695/Downloads/AdvancedGridInventorySyst 5.7/AdvancedGridInventorySyst 5.7/Content/INVENTORY/Other/Demo/Global/DemoRoom/Meshes/Floor_Edge.uasset" 1888
"C:/Users/35695/Downloads/AdvancedGridInventorySyst 5.7/AdvancedGridInventorySyst 5.7/Content/INVENTORY/Other/Demo/Global/DemoRoom/Meshes/Floor_Edge.uexp" 1889
"C:/Users/35695/Downloads/AdvancedGridInventorySyst 5.7/AdvancedGridInventorySyst 5.7/Content/INVENTORY/Other/Demo/Global/DemoRoom/Meshes/Pipe.ubulk" 1890
"C:/Users/35695/Downloads/AdvancedGridInventorySyst 5.7/AdvancedGridInventorySyst 5.7/Content/INVENTORY/Other/Demo/Global/DemoRoom/Meshes/Pipe.uasset" 1891
"C:/Users/35695/Downloads/AdvancedGridInventorySyst 5.7/AdvancedGridInventorySyst 5.7/Content/INVENTORY/Other/Demo/Global/DemoRoom/Meshes/Pipe.uexp" 1892
"C:/Users/35695/Downloads/AdvancedGridInventorySyst 5.7/AdvancedGridInventorySyst 5.7/Content/INVENTORY/Other/Demo/Global/DemoRoom/Meshes/Splitter_Curve.ubulk" 1893
"C:/Users/35695/Downloads/AdvancedGridInventorySyst 5.7/AdvancedGridInventorySyst 5.7/Content/INVENTORY/Other/Demo/Global/DemoRoom/Meshes/Splitter_Curve.uasset" 1894
"C:/Users/35695/Downloads/AdvancedGridInventorySyst 5.7/AdvancedGridInventorySyst 5.7/Content/INVENTORY/Other/Demo/Global/DemoRoom/Meshes/Splitter_Curve.uexp" 1895
"C:/Users/35695/Downloads/AdvancedGridInventorySyst 5.7/AdvancedGridInventorySyst 5.7/Content/INVENTORY/Other/Demo/Global/DemoRoom/Meshes/Splitter_Wall.ubulk" 1896
"C:/Users/35695/Downloads/AdvancedGridInventorySyst 5.7/AdvancedGridInventorySyst 5.7/Content/INVENTORY/Other/Demo/Global/DemoRoom/Meshes/Splitter_Wall.uasset" 1897
"C:/Users/35695/Downloads/AdvancedGridInventorySyst 5.7/AdvancedGridInventorySyst 5.7/Content/INVENTORY/Other/Demo/Global/DemoRoom/Meshes/Splitter_Wall.uexp" 1898
"C:/Users/35695/Downloads/AdvancedGridInventorySyst 5.7/AdvancedGridInventorySyst 5.7/Content/INVENTORY/Other/Demo/Global/DemoRoom/Meshes/Splitter_Wall2.ubulk" 1899
"C:/Users/35695/Downloads/AdvancedGridInventorySyst 5.7/AdvancedGridInventorySyst 5.7/Content/INVENTORY/Other/Demo/Global/DemoRoom/Meshes/Splitter_Wall2.uasset" 1900
"C:/Users/35695/Downloads/AdvancedGridInventorySyst 5.7/AdvancedGridInventorySyst 5.7/Content/INVENTORY/Other/Demo/Global/DemoRoom/Meshes/Splitter_Wall2.uexp" 1901
"C:/Users/35695/Downloads/AdvancedGridInventorySyst 5.7/AdvancedGridInventorySyst 5.7/Content/INVENTORY/Other/Demo/Global/DemoRoom/Meshes/Tile_10MPillar.ubulk" 1902
"C:/Users/35695/Downloads/AdvancedGridInventorySyst 5.7/AdvancedGridInventorySyst 5.7/Content/INVENTORY/Other/Demo/Global/DemoRoom/Meshes/Tile_10MPillar.uasset" 1903
"C:/Users/35695/Downloads/AdvancedGridInventorySyst 5.7/AdvancedGridInventorySyst 5.7/Content/INVENTORY/Other/Demo/Global/DemoRoom/Meshes/Tile_10MPillar.uexp" 1904
"C:/Users/35695/Downloads/AdvancedGridInventorySyst 5.7/AdvancedGridInventorySyst 5.7/Content/INVENTORY/Other/Demo/Global/DemoRoom/Meshes/Tile_10MPillar_B.ubulk" 1905
"C:/Users/35695/Downloads/AdvancedGridInventorySyst 5.7/AdvancedGridInventorySyst 5.7/Content/INVENTORY/Other/Demo/Global/DemoRoom/Meshes/Tile_10MPillar_B.uasset" 1906
"C:/Users/35695/Downloads/AdvancedGridInventorySyst 5.7/AdvancedGridInventorySyst 5.7/Content/INVENTORY/Other/Demo/Global/DemoRoom/Meshes/Tile_10MPillar_B.uexp" 1907
"C:/Users/35695/Downloads/AdvancedGridInventorySyst 5.7/AdvancedGridInventorySyst 5.7/Content/INVENTORY/Other/Demo/Global/DemoRoom/Meshes/Tile_10MWall.ubulk" 1908
"C:/Users/35695/Downloads/AdvancedGridInventorySyst 5.7/AdvancedGridInventorySyst 5.7/Content/INVENTORY/Other/Demo/Global/DemoRoom/Meshes/Tile_10MWall.uasset" 1909
"C:/Users/35695/Downloads/AdvancedGridInventorySyst 5.7/AdvancedGridInventorySyst 5.7/Content/INVENTORY/Other/Demo/Global/DemoRoom/Meshes/Tile_10MWall.uexp" 1910
"C:/Users/35695/Downloads/AdvancedGridInventorySyst 5.7/AdvancedGridInventorySyst 5.7/Content/INVENTORY/Other/Demo/Global/DemoRoom/Meshes/Tile_Edge.ubulk" 1911
"C:/Users/35695/Downloads/AdvancedGridInventorySyst 5.7/AdvancedGridInventorySyst 5.7/Content/INVENTORY/Other/Demo/Global/DemoRoom/Meshes/Tile_Edge.uasset" 1912
"C:/Users/35695/Downloads/AdvancedGridInventorySyst 5.7/AdvancedGridInventorySyst 5.7/Content/INVENTORY/Other/Demo/Global/DemoRoom/Meshes/Tile_Edge.uexp" 1913
"C:/Users/35695/Downloads/AdvancedGridInventorySyst 5.7/AdvancedGridInventorySyst 5.7/Content/INVENTORY/Other/Demo/Global/DemoRoom/Meshes/Tile_InnerCurveEdge.ubulk" 1914
"C:/Users/35695/Downloads/AdvancedGridInventorySyst 5.7/AdvancedGridInventorySyst 5.7/Content/INVENTORY/Other/Demo/Global/DemoRoom/Meshes/Tile_InnerCurveEdge.uasset" 1915
"C:/Users/35695/Downloads/AdvancedGridInventorySyst 5.7/AdvancedGridInventorySyst 5.7/Content/INVENTORY/Other/Demo/Global/DemoRoom/Meshes/Tile_InnerCurveEdge.uexp" 1916
"C:/Users/35695/Downloads/AdvancedGridInventorySyst 5.7/AdvancedGridInventorySyst 5.7/Content/INVENTORY/Other/Demo/Global/DemoRoom/Meshes/Tile_InnerCurveEdge2.ubulk" 1917
"C:/Users/35695/Downloads/AdvancedGridInventorySyst 5.7/AdvancedGridInventorySyst 5.7/Content/INVENTORY/Other/Demo/Global/DemoRoom/Meshes/Tile_InnerCurveEdge2.uasset" 1918
"C:/Users/35695/Downloads/AdvancedGridInventorySyst 5.7/AdvancedGridInventorySyst 5.7/Content/INVENTORY/Other/Demo/Global/DemoRoom/Meshes/Tile_InnerCurveEdge2.uexp" 1919
"C:/Users/35695/Downloads/AdvancedGridInventorySyst 5.7/AdvancedGridInventorySyst 5.7/Content/INVENTORY/Other/Demo/Global/DemoRoom/Meshes/Tile_InnerCurve_B.ubulk" 1920
"C:/Users/35695/Downloads/AdvancedGridInventorySyst 5.7/AdvancedGridInventorySyst 5.7/Content/INVENTORY/Other/Demo/Global/DemoRoom/Meshes/Tile_InnerCurve_B.uasset" 1921
"C:/Users/35695/Downloads/AdvancedGridInventorySyst 5.7/AdvancedGridInventorySyst 5.7/Content/INVENTORY/Other/Demo/Global/DemoRoom/Meshes/Tile_InnerCurve_B.uexp" 1922
"C:/Users/35695/Downloads/AdvancedGridInventorySyst 5.7/AdvancedGridInventorySyst 5.7/Content/INVENTORY/Other/Demo/Global/DemoRoom/Meshes/TrimFeature_MetalTrim_Bend.ubulk" 1923
"C:/Users/35695/Downloads/AdvancedGridInventorySyst 5.7/AdvancedGridInventorySyst 5.7/Content/INVENTORY/Other/Demo/Global/DemoRoom/Meshes/TrimFeature_MetalTrim_Bend.uasset" 1924
"C:/Users/35695/Downloads/AdvancedGridInventorySyst 5.7/AdvancedGridInventorySyst 5.7/Content/INVENTORY/Other/Demo/Global/DemoRoom/Meshes/TrimFeature_MetalTrim_Bend.uexp" 1925
"C:/Users/35695/Downloads/AdvancedGridInventorySyst 5.7/AdvancedGridInventorySyst 5.7/Content/INVENTORY/Other/Demo/Global/DemoRoom/Meshes/TrimFeature_MetalTrim_Straight.ubulk" 1926
"C:/Users/35695/Downloads/AdvancedGridInventorySyst 5.7/AdvancedGridInventorySyst 5.7/Content/INVENTORY/Other/Demo/Global/DemoRoom/Meshes/TrimFeature_MetalTrim_Straight.uasset" 1927
"C:/Users/35695/Downloads/AdvancedGridInventorySyst 5.7/AdvancedGridInventorySyst 5.7/Content/INVENTORY/Other/Demo/Global/DemoRoom/Meshes/TrimFeature_MetalTrim_Straight.uexp" 1928
"../../../Engine/Content/Functions/Engine_MaterialFunctions02/HueShift.uasset" 1929
"../../../Engine/Content/Functions/Engine_MaterialFunctions02/HueShift.uexp" 1930
"C:/Users/35695/Downloads/AdvancedGridInventorySyst 5.7/AdvancedGridInventorySyst 5.7/Content/INVENTORY/Other/Demo/Global/DemoRoom/Materials/M_UELogo.uasset" 1931
"C:/Users/35695/Downloads/AdvancedGridInventorySyst 5.7/AdvancedGridInventorySyst 5.7/Content/INVENTORY/Other/Demo/Global/DemoRoom/Materials/M_UELogo.uexp" 1932
"C:/Users/35695/Downloads/AdvancedGridInventorySyst 5.7/AdvancedGridInventorySyst 5.7/Content/INVENTORY/Other/Demo/Global/DemoRoom/Meshes/UELogo.ubulk" 1933
"C:/Users/35695/Downloads/AdvancedGridInventorySyst 5.7/AdvancedGridInventorySyst 5.7/Content/INVENTORY/Other/Demo/Global/DemoRoom/Meshes/UELogo.uasset" 1934
"C:/Users/35695/Downloads/AdvancedGridInventorySyst 5.7/AdvancedGridInventorySyst 5.7/Content/INVENTORY/Other/Demo/Global/DemoRoom/Meshes/UELogo.uexp" 1935
"C:/Users/35695/Downloads/AdvancedGridInventorySyst 5.7/AdvancedGridInventorySyst 5.7/Content/INVENTORY/Other/Demo/Global/DemoRoom/Misc/E_EnclosureLevel.uasset" 1936
"C:/Users/35695/Downloads/AdvancedGridInventorySyst 5.7/AdvancedGridInventorySyst 5.7/Content/INVENTORY/Other/Demo/Global/DemoRoom/Misc/E_EnclosureLevel.uexp" 1937
"C:/Users/35695/Downloads/AdvancedGridInventorySyst 5.7/AdvancedGridInventorySyst 5.7/Content/INVENTORY/Other/Demo/Global/DemoRoom/Misc/E_RoomLighting.uasset" 1938
"C:/Users/35695/Downloads/AdvancedGridInventorySyst 5.7/AdvancedGridInventorySyst 5.7/Content/INVENTORY/Other/Demo/Global/DemoRoom/Misc/E_RoomLighting.uexp" 1939
"C:/Users/35695/Downloads/AdvancedGridInventorySyst 5.7/AdvancedGridInventorySyst 5.7/Content/INVENTORY/Other/Demo/Global/DemoRoom/Misc/S_RoomSettings.uasset" 1940
"C:/Users/35695/Downloads/AdvancedGridInventorySyst 5.7/AdvancedGridInventorySyst 5.7/Content/INVENTORY/Other/Demo/Global/DemoRoom/Misc/S_RoomSettings.uexp" 1941
"C:/Users/35695/Downloads/AdvancedGridInventorySyst 5.7/AdvancedGridInventorySyst 5.7/Content/INVENTORY/Other/Demo/Global/DemoRoom/Blueprints/BP_DemoRoom.uasset" 1942
"C:/Users/35695/Downloads/AdvancedGridInventorySyst 5.7/AdvancedGridInventorySyst 5.7/Content/INVENTORY/Other/Demo/Global/DemoRoom/Blueprints/BP_DemoRoom.uexp" 1943
"C:/Users/35695/Downloads/AdvancedGridInventorySyst 5.7/AdvancedGridInventorySyst 5.7/Content/INVENTORY/UI/Widgets/Other/WidgetTextures/T_Carview.uasset" 1944
"C:/Users/35695/Downloads/AdvancedGridInventorySyst 5.7/AdvancedGridInventorySyst 5.7/Content/INVENTORY/UI/Widgets/Other/WidgetTextures/T_Carview.uexp" 1945
"C:/Users/35695/Downloads/AdvancedGridInventorySyst 5.7/AdvancedGridInventorySyst 5.7/Content/INVENTORY/UI/Widgets/LootWidgets/WB_LootingVehicle.uasset" 1946
"C:/Users/35695/Downloads/AdvancedGridInventorySyst 5.7/AdvancedGridInventorySyst 5.7/Content/INVENTORY/UI/Widgets/LootWidgets/WB_LootingVehicle.uexp" 1947
"C:/Users/35695/Downloads/AdvancedGridInventorySyst 5.7/AdvancedGridInventorySyst 5.7/Content/INVENTORY/Data/DataAssets/InventoryData/Vehicle_Inventory.uasset" 1948
"C:/Users/35695/Downloads/AdvancedGridInventorySyst 5.7/AdvancedGridInventorySyst 5.7/Content/INVENTORY/Data/DataAssets/InventoryData/Vehicle_Inventory.uexp" 1949
"C:/Users/35695/Downloads/AdvancedGridInventorySyst 5.7/AdvancedGridInventorySyst 5.7/Content/INVENTORY/Other/Demo/Vehicle/VehicleMeshes/SportsCar/SportsCar_PhysicsAsset.uasset" 1950
"C:/Users/35695/Downloads/AdvancedGridInventorySyst 5.7/AdvancedGridInventorySyst 5.7/Content/INVENTORY/Other/Demo/Vehicle/VehicleMeshes/SportsCar/SportsCar_PhysicsAsset.uexp" 1951
"C:/Users/35695/Downloads/AdvancedGridInventorySyst 5.7/AdvancedGridInventorySyst 5.7/Content/INVENTORY/Other/Demo/Vehicle/VehicleMeshes/SportsCar/SportsCar_Skeleton.uasset" 1952
"C:/Users/35695/Downloads/AdvancedGridInventorySyst 5.7/AdvancedGridInventorySyst 5.7/Content/INVENTORY/Other/Demo/Vehicle/VehicleMeshes/SportsCar/SportsCar_Skeleton.uexp" 1953
"C:/Users/35695/Downloads/AdvancedGridInventorySyst 5.7/AdvancedGridInventorySyst 5.7/Content/INVENTORY/Other/Demo/Vehicle/VehicleMeshes/SportsCar/Materials/MI_SportsCar_Tire.uasset" 1954
"C:/Users/35695/Downloads/AdvancedGridInventorySyst 5.7/AdvancedGridInventorySyst 5.7/Content/INVENTORY/Other/Demo/Vehicle/VehicleMeshes/SportsCar/Materials/MI_SportsCar_Tire.uexp" 1955
"C:/Users/35695/Downloads/AdvancedGridInventorySyst 5.7/AdvancedGridInventorySyst 5.7/Content/INVENTORY/Other/Demo/Vehicle/VehicleMeshes/SportsCar/Materials/M_SportsCar_Lights.uasset" 1956
"C:/Users/35695/Downloads/AdvancedGridInventorySyst 5.7/AdvancedGridInventorySyst 5.7/Content/INVENTORY/Other/Demo/Vehicle/VehicleMeshes/SportsCar/Materials/M_SportsCar_Lights.uexp" 1957
"C:/Users/35695/Downloads/AdvancedGridInventorySyst 5.7/AdvancedGridInventorySyst 5.7/Content/INVENTORY/Other/Demo/Vehicle/VehicleMeshes/SportsCar/SKM_SportsCar.uasset" 1958
"C:/Users/35695/Downloads/AdvancedGridInventorySyst 5.7/AdvancedGridInventorySyst 5.7/Content/INVENTORY/Other/Demo/Vehicle/VehicleMeshes/SportsCar/SKM_SportsCar.uexp" 1959
"../../../Engine/Plugins/Animation/ControlRig/Content/Controls/DefaultGizmoLibraryNormalized.uasset" 1960
"../../../Engine/Plugins/Animation/ControlRig/Content/Controls/DefaultGizmoLibraryNormalized.uexp" 1961
"C:/Users/35695/Downloads/AdvancedGridInventorySyst 5.7/AdvancedGridInventorySyst 5.7/Content/INVENTORY/Other/Demo/Vehicle/VehicleMeshes/SportsCar/SportsCar_CtrlRig.uasset" 1962
"C:/Users/35695/Downloads/AdvancedGridInventorySyst 5.7/AdvancedGridInventorySyst 5.7/Content/INVENTORY/Other/Demo/Vehicle/VehicleMeshes/SportsCar/SportsCar_CtrlRig.uexp" 1963
"C:/Users/35695/Downloads/AdvancedGridInventorySyst 5.7/AdvancedGridInventorySyst 5.7/Content/INVENTORY/Other/Demo/Vehicle/VehicleMeshes/SportsCar/SportsCar_AnimBP.uasset" 1964
"C:/Users/35695/Downloads/AdvancedGridInventorySyst 5.7/AdvancedGridInventorySyst 5.7/Content/INVENTORY/Other/Demo/Vehicle/VehicleMeshes/SportsCar/SportsCar_AnimBP.uexp" 1965
"C:/Users/35695/Downloads/AdvancedGridInventorySyst 5.7/AdvancedGridInventorySyst 5.7/Content/INVENTORY/Other/Demo/Vehicle/VehicleTemplate/Input/Actions/IA_BreakAGIS.uasset" 1966
"C:/Users/35695/Downloads/AdvancedGridInventorySyst 5.7/AdvancedGridInventorySyst 5.7/Content/INVENTORY/Other/Demo/Vehicle/VehicleTemplate/Input/Actions/IA_BreakAGIS.uexp" 1967
"C:/Users/35695/Downloads/AdvancedGridInventorySyst 5.7/AdvancedGridInventorySyst 5.7/Content/INVENTORY/Other/Demo/Vehicle/VehicleTemplate/Input/Actions/IA_HandbrakeAGIS.uasset" 1968
"C:/Users/35695/Downloads/AdvancedGridInventorySyst 5.7/AdvancedGridInventorySyst 5.7/Content/INVENTORY/Other/Demo/Vehicle/VehicleTemplate/Input/Actions/IA_HandbrakeAGIS.uexp" 1969
"C:/Users/35695/Downloads/AdvancedGridInventorySyst 5.7/AdvancedGridInventorySyst 5.7/Content/INVENTORY/Other/Demo/Vehicle/VehicleTemplate/Input/Actions/IA_LookAroundAGIS.uasset" 1970
"C:/Users/35695/Downloads/AdvancedGridInventorySyst 5.7/AdvancedGridInventorySyst 5.7/Content/INVENTORY/Other/Demo/Vehicle/VehicleTemplate/Input/Actions/IA_LookAroundAGIS.uexp" 1971
"C:/Users/35695/Downloads/AdvancedGridInventorySyst 5.7/AdvancedGridInventorySyst 5.7/Content/INVENTORY/Other/Demo/Vehicle/VehicleTemplate/Input/Actions/IA_SteeringAGIS.uasset" 1972
"C:/Users/35695/Downloads/AdvancedGridInventorySyst 5.7/AdvancedGridInventorySyst 5.7/Content/INVENTORY/Other/Demo/Vehicle/VehicleTemplate/Input/Actions/IA_SteeringAGIS.uexp" 1973
"C:/Users/35695/Downloads/AdvancedGridInventorySyst 5.7/AdvancedGridInventorySyst 5.7/Content/INVENTORY/Other/Demo/Vehicle/VehicleTemplate/Input/Actions/IA_ThrottleAGIS.uasset" 1974
"C:/Users/35695/Downloads/AdvancedGridInventorySyst 5.7/AdvancedGridInventorySyst 5.7/Content/INVENTORY/Other/Demo/Vehicle/VehicleTemplate/Input/Actions/IA_ThrottleAGIS.uexp" 1975
"C:/Users/35695/Downloads/AdvancedGridInventorySyst 5.7/AdvancedGridInventorySyst 5.7/Content/INVENTORY/Other/Demo/Vehicle/VehicleTemplate/Input/IMC_Vehicle.uasset" 1976
"C:/Users/35695/Downloads/AdvancedGridInventorySyst 5.7/AdvancedGridInventorySyst 5.7/Content/INVENTORY/Other/Demo/Vehicle/VehicleTemplate/Input/IMC_Vehicle.uexp" 1977
"C:/Users/35695/Downloads/AdvancedGridInventorySyst 5.7/AdvancedGridInventorySyst 5.7/Content/INVENTORY/Other/Demo/Vehicle/VehicleTemplate/Blueprints/SportsCar/SportsCar_TorqueCurve.uasset" 1978
"C:/Users/35695/Downloads/AdvancedGridInventorySyst 5.7/AdvancedGridInventorySyst 5.7/Content/INVENTORY/Other/Demo/Vehicle/VehicleTemplate/Blueprints/SportsCar/SportsCar_TorqueCurve.uexp" 1979
"C:/Users/35695/Downloads/AdvancedGridInventorySyst 5.7/AdvancedGridInventorySyst 5.7/Content/INVENTORY/Other/Demo/Vehicle/VehicleTemplate/Blueprints/SportsCar/SportsCar_WheelsFront.uasset" 1980
"C:/Users/35695/Downloads/AdvancedGridInventorySyst 5.7/AdvancedGridInventorySyst 5.7/Content/INVENTORY/Other/Demo/Vehicle/VehicleTemplate/Blueprints/SportsCar/SportsCar_WheelsFront.uexp" 1981
"C:/Users/35695/Downloads/AdvancedGridInventorySyst 5.7/AdvancedGridInventorySyst 5.7/Content/INVENTORY/Other/Demo/Vehicle/VehicleTemplate/Blueprints/SportsCar/SportsCar_WheelsRear.uasset" 1982
"C:/Users/35695/Downloads/AdvancedGridInventorySyst 5.7/AdvancedGridInventorySyst 5.7/Content/INVENTORY/Other/Demo/Vehicle/VehicleTemplate/Blueprints/SportsCar/SportsCar_WheelsRear.uexp" 1983
"C:/Users/35695/Downloads/AdvancedGridInventorySyst 5.7/AdvancedGridInventorySyst 5.7/Content/INVENTORY/Other/Demo/Vehicle/VehicleTemplate/Blueprints/SportsCar/SportsCar_Pawn.uasset" 1984
"C:/Users/35695/Downloads/AdvancedGridInventorySyst 5.7/AdvancedGridInventorySyst 5.7/Content/INVENTORY/Other/Demo/Vehicle/VehicleTemplate/Blueprints/SportsCar/SportsCar_Pawn.uexp" 1985
"C:/Users/35695/Downloads/AdvancedGridInventorySyst 5.7/AdvancedGridInventorySyst 5.7/Content/INVENTORY/Other/TestRoom.uexp" 1986
"C:/Users/35695/Downloads/AdvancedGridInventorySyst 5.7/AdvancedGridInventorySyst 5.7/Content/INVENTORY/Other/TestRoom.umap" 1987
"../../../Engine/Content/EngineResources/DefaultVolumeTexture2D.uasset" 1988
"../../../Engine/Content/EngineResources/DefaultVolumeTexture2D.uexp" 1989
"../../../Engine/Content/EngineResources/DefaultVolumeTexture.uasset" 1990
"../../../Engine/Content/EngineResources/DefaultVolumeTexture.uexp" 1991
"../../../Engine/Content/EngineSky/VolumetricClouds/VT_Lightning.uasset" 1992
"../../../Engine/Content/EngineSky/VolumetricClouds/VT_Lightning.uexp" 1993
"../../../Engine/Content/Functions/Engine_MaterialFunctions01/Units/Km-to-Cm.uasset" 1994
"../../../Engine/Content/Functions/Engine_MaterialFunctions01/Units/Km-to-Cm.uexp" 1995
"../../../Engine/Content/EngineSky/VolumetricClouds/m_SimpleVolumetricCloud.uasset" 1996
"../../../Engine/Content/EngineSky/VolumetricClouds/m_SimpleVolumetricCloud.uexp" 1997
"../../../Engine/Content/EngineSky/VolumetricClouds/T_CloudMask.ubulk" 1998
"../../../Engine/Content/EngineSky/VolumetricClouds/T_CloudMask.uasset" 1999
"../../../Engine/Content/EngineSky/VolumetricClouds/T_CloudMask.uexp" 2000
"../../../Engine/Content/EngineSky/VolumetricClouds/T_CloudPattern.ubulk" 2001
"../../../Engine/Content/EngineSky/VolumetricClouds/T_CloudPattern.uasset" 2002
"../../../Engine/Content/EngineSky/VolumetricClouds/T_CloudPattern.uexp" 2003
"../../../Engine/Content/EngineSky/VolumetricClouds/T_Profile_08.ubulk" 2004
"../../../Engine/Content/EngineSky/VolumetricClouds/T_Profile_08.uasset" 2005
"../../../Engine/Content/EngineSky/VolumetricClouds/T_Profile_08.uexp" 2006
"../../../Engine/Content/EngineSky/VolumetricClouds/VT_PerlinWorley_Balanced.uasset" 2007
"../../../Engine/Content/EngineSky/VolumetricClouds/VT_PerlinWorley_Balanced.uexp" 2008
"../../../Engine/Content/EngineSky/VolumetricClouds/m_SimpleVolumetricCloud_Inst.uasset" 2009
"../../../Engine/Content/EngineSky/VolumetricClouds/m_SimpleVolumetricCloud_Inst.uexp" 2010
"C:/Users/35695/Downloads/AdvancedGridInventorySyst 5.7/AdvancedGridInventorySyst 5.7/Content/SearchEscape/Interactables/BP_SE_Chest.uasset" 2011
"C:/Users/35695/Downloads/AdvancedGridInventorySyst 5.7/AdvancedGridInventorySyst 5.7/Content/SearchEscape/Interactables/BP_SE_Chest.uexp" 2012
"C:/Users/35695/Downloads/AdvancedGridInventorySyst 5.7/AdvancedGridInventorySyst 5.7/Content/SearchEscape/Interactables/BP_SE_Point_Escape.uasset" 2013
"C:/Users/35695/Downloads/AdvancedGridInventorySyst 5.7/AdvancedGridInventorySyst 5.7/Content/SearchEscape/Interactables/BP_SE_Point_Escape.uexp" 2014
"C:/Users/35695/Downloads/AdvancedGridInventorySyst 5.7/AdvancedGridInventorySyst 5.7/Content/SearchEscape/Interactables/BP_SE_SpawnPoint_Monster.uasset" 2015
"C:/Users/35695/Downloads/AdvancedGridInventorySyst 5.7/AdvancedGridInventorySyst 5.7/Content/SearchEscape/Interactables/BP_SE_SpawnPoint_Monster.uexp" 2016
"C:/Users/35695/Downloads/AdvancedGridInventorySyst 5.7/AdvancedGridInventorySyst 5.7/Content/SearchEscape/Maps/M_SE_Test_BuiltData.ubulk" 2017
"C:/Users/35695/Downloads/AdvancedGridInventorySyst 5.7/AdvancedGridInventorySyst 5.7/Content/SearchEscape/Maps/M_SE_Test_BuiltData.uasset" 2018
"C:/Users/35695/Downloads/AdvancedGridInventorySyst 5.7/AdvancedGridInventorySyst 5.7/Content/SearchEscape/Maps/M_SE_Test_BuiltData.uexp" 2019
"C:/Users/35695/Downloads/AdvancedGridInventorySyst 5.7/AdvancedGridInventorySyst 5.7/Content/SearchEscape/Maps/M_SE_Test.uexp" 2020
"C:/Users/35695/Downloads/AdvancedGridInventorySyst 5.7/AdvancedGridInventorySyst 5.7/Content/SearchEscape/Maps/M_SE_Test.umap" 2021
"../../../Engine/Content/BasicShapes/Sphere.ubulk" 2022
"../../../Engine/Content/BasicShapes/Sphere.uasset" 2023
"../../../Engine/Content/BasicShapes/Sphere.uexp" 2024
"../../../Engine/Content/BasicShapes/Plane.ubulk" 2025
"../../../Engine/Content/BasicShapes/Plane.uasset" 2026
"../../../Engine/Content/BasicShapes/Plane.uexp" 2027
"../../../Engine/Content/EngineMaterials/DefaultPhysicalMaterial.uasset" 2028
"../../../Engine/Content/EngineMaterials/DefaultPhysicalMaterial.uexp" 2029
"C:/Users/35695/Downloads/AdvancedGridInventorySyst 5.7/AdvancedGridInventorySyst 5.7/Content/Fantastic_Village_Pack/blueprints/FX/BP_FX_RectLight.uasset" 2030
"C:/Users/35695/Downloads/AdvancedGridInventorySyst 5.7/AdvancedGridInventorySyst 5.7/Content/Fantastic_Village_Pack/blueprints/FX/BP_FX_RectLight.uexp" 2031
"C:/Users/35695/Downloads/AdvancedGridInventorySyst 5.7/AdvancedGridInventorySyst 5.7/Content/Fantastic_Village_Pack/textures/T_ENV_TERRAIN_gravel_BC.ubulk" 2032
"C:/Users/35695/Downloads/AdvancedGridInventorySyst 5.7/AdvancedGridInventorySyst 5.7/Content/Fantastic_Village_Pack/textures/T_ENV_TERRAIN_gravel_BC.uasset" 2033
"C:/Users/35695/Downloads/AdvancedGridInventorySyst 5.7/AdvancedGridInventorySyst 5.7/Content/Fantastic_Village_Pack/textures/T_ENV_TERRAIN_gravel_BC.uexp" 2034
"C:/Users/35695/Downloads/AdvancedGridInventorySyst 5.7/AdvancedGridInventorySyst 5.7/Content/Fantastic_Village_Pack/textures/T_ENV_TERRAIN_gravel_N.ubulk" 2035
"C:/Users/35695/Downloads/AdvancedGridInventorySyst 5.7/AdvancedGridInventorySyst 5.7/Content/Fantastic_Village_Pack/textures/T_ENV_TERRAIN_gravel_N.uasset" 2036
"C:/Users/35695/Downloads/AdvancedGridInventorySyst 5.7/AdvancedGridInventorySyst 5.7/Content/Fantastic_Village_Pack/textures/T_ENV_TERRAIN_gravel_N.uexp" 2037
"C:/Users/35695/Downloads/AdvancedGridInventorySyst 5.7/AdvancedGridInventorySyst 5.7/Content/Fantastic_Village_Pack/materials/master_materials/M_Master_opaque_normal.uasset" 2038
"C:/Users/35695/Downloads/AdvancedGridInventorySyst 5.7/AdvancedGridInventorySyst 5.7/Content/Fantastic_Village_Pack/materials/master_materials/M_Master_opaque_normal.uexp" 2039
"C:/Users/35695/Downloads/AdvancedGridInventorySyst 5.7/AdvancedGridInventorySyst 5.7/Content/Fantastic_Village_Pack/textures/T_metal_01_N.ubulk" 2040
"C:/Users/35695/Downloads/AdvancedGridInventorySyst 5.7/AdvancedGridInventorySyst 5.7/Content/Fantastic_Village_Pack/textures/T_metal_01_N.uasset" 2041
"C:/Users/35695/Downloads/AdvancedGridInventorySyst 5.7/AdvancedGridInventorySyst 5.7/Content/Fantastic_Village_Pack/textures/T_metal_01_N.uexp" 2042
"C:/Users/35695/Downloads/AdvancedGridInventorySyst 5.7/AdvancedGridInventorySyst 5.7/Content/Fantastic_Village_Pack/textures/T_metal_02_BC.ubulk" 2043
"C:/Users/35695/Downloads/AdvancedGridInventorySyst 5.7/AdvancedGridInventorySyst 5.7/Content/Fantastic_Village_Pack/textures/T_metal_02_BC.uasset" 2044
"C:/Users/35695/Downloads/AdvancedGridInventorySyst 5.7/AdvancedGridInventorySyst 5.7/Content/Fantastic_Village_Pack/textures/T_metal_02_BC.uexp" 2045
"C:/Users/35695/Downloads/AdvancedGridInventorySyst 5.7/AdvancedGridInventorySyst 5.7/Content/Fantastic_Village_Pack/materials/MI_metal_02.uasset" 2046
"C:/Users/35695/Downloads/AdvancedGridInventorySyst 5.7/AdvancedGridInventorySyst 5.7/Content/Fantastic_Village_Pack/materials/MI_metal_02.uexp" 2047
"C:/Users/35695/Downloads/AdvancedGridInventorySyst 5.7/AdvancedGridInventorySyst 5.7/Content/Fantastic_Village_Pack/textures/T_wood_05_BC.ubulk" 2048
"C:/Users/35695/Downloads/AdvancedGridInventorySyst 5.7/AdvancedGridInventorySyst 5.7/Content/Fantastic_Village_Pack/textures/T_wood_05_BC.uasset" 2049
"C:/Users/35695/Downloads/AdvancedGridInventorySyst 5.7/AdvancedGridInventorySyst 5.7/Content/Fantastic_Village_Pack/textures/T_wood_05_BC.uexp" 2050
"C:/Users/35695/Downloads/AdvancedGridInventorySyst 5.7/AdvancedGridInventorySyst 5.7/Content/Fantastic_Village_Pack/textures/T_wood_05_N.ubulk" 2051
"C:/Users/35695/Downloads/AdvancedGridInventorySyst 5.7/AdvancedGridInventorySyst 5.7/Content/Fantastic_Village_Pack/textures/T_wood_05_N.uasset" 2052
"C:/Users/35695/Downloads/AdvancedGridInventorySyst 5.7/AdvancedGridInventorySyst 5.7/Content/Fantastic_Village_Pack/textures/T_wood_05_N.uexp" 2053
"C:/Users/35695/Downloads/AdvancedGridInventorySyst 5.7/AdvancedGridInventorySyst 5.7/Content/Fantastic_Village_Pack/materials/MI_wood_05.uasset" 2054
"C:/Users/35695/Downloads/AdvancedGridInventorySyst 5.7/AdvancedGridInventorySyst 5.7/Content/Fantastic_Village_Pack/materials/MI_wood_05.uexp" 2055
"C:/Users/35695/Downloads/AdvancedGridInventorySyst 5.7/AdvancedGridInventorySyst 5.7/Content/Fantastic_Village_Pack/meshes/buildings/SM_BLD_beam_big_v01_01.ubulk" 2056
"C:/Users/35695/Downloads/AdvancedGridInventorySyst 5.7/AdvancedGridInventorySyst 5.7/Content/Fantastic_Village_Pack/meshes/buildings/SM_BLD_beam_big_v01_01.uasset" 2057
"C:/Users/35695/Downloads/AdvancedGridInventorySyst 5.7/AdvancedGridInventorySyst 5.7/Content/Fantastic_Village_Pack/meshes/buildings/SM_BLD_beam_big_v01_01.uexp" 2058
"C:/Users/35695/Downloads/AdvancedGridInventorySyst 5.7/AdvancedGridInventorySyst 5.7/Content/Fantastic_Village_Pack/textures/T_stonebrick_01_N.ubulk" 2059
"C:/Users/35695/Downloads/AdvancedGridInventorySyst 5.7/AdvancedGridInventorySyst 5.7/Content/Fantastic_Village_Pack/textures/T_stonebrick_01_N.uasset" 2060
"C:/Users/35695/Downloads/AdvancedGridInventorySyst 5.7/AdvancedGridInventorySyst 5.7/Content/Fantastic_Village_Pack/textures/T_stonebrick_01_N.uexp" 2061
"C:/Users/35695/Downloads/AdvancedGridInventorySyst 5.7/AdvancedGridInventorySyst 5.7/Content/Fantastic_Village_Pack/textures/T_stonebrick_02_BC.ubulk" 2062
"C:/Users/35695/Downloads/AdvancedGridInventorySyst 5.7/AdvancedGridInventorySyst 5.7/Content/Fantastic_Village_Pack/textures/T_stonebrick_02_BC.uasset" 2063
"C:/Users/35695/Downloads/AdvancedGridInventorySyst 5.7/AdvancedGridInventorySyst 5.7/Content/Fantastic_Village_Pack/textures/T_stonebrick_02_BC.uexp" 2064
"C:/Users/35695/Downloads/AdvancedGridInventorySyst 5.7/AdvancedGridInventorySyst 5.7/Content/Fantastic_Village_Pack/materials/MI_stonebrick_02.uasset" 2065
"C:/Users/35695/Downloads/AdvancedGridInventorySyst 5.7/AdvancedGridInventorySyst 5.7/Content/Fantastic_Village_Pack/materials/MI_stonebrick_02.uexp" 2066
"C:/Users/35695/Downloads/AdvancedGridInventorySyst 5.7/AdvancedGridInventorySyst 5.7/Content/Fantastic_Village_Pack/textures/T_rooftiles_01_BC.ubulk" 2067
"C:/Users/35695/Downloads/AdvancedGridInventorySyst 5.7/AdvancedGridInventorySyst 5.7/Content/Fantastic_Village_Pack/textures/T_rooftiles_01_BC.uasset" 2068
"C:/Users/35695/Downloads/AdvancedGridInventorySyst 5.7/AdvancedGridInventorySyst 5.7/Content/Fantastic_Village_Pack/textures/T_rooftiles_01_BC.uexp" 2069
"C:/Users/35695/Downloads/AdvancedGridInventorySyst 5.7/AdvancedGridInventorySyst 5.7/Content/Fantastic_Village_Pack/textures/T_rooftiles_01_N.ubulk" 2070
"C:/Users/35695/Downloads/AdvancedGridInventorySyst 5.7/AdvancedGridInventorySyst 5.7/Content/Fantastic_Village_Pack/textures/T_rooftiles_01_N.uasset" 2071
"C:/Users/35695/Downloads/AdvancedGridInventorySyst 5.7/AdvancedGridInventorySyst 5.7/Content/Fantastic_Village_Pack/textures/T_rooftiles_01_N.uexp" 2072
"C:/Users/35695/Downloads/AdvancedGridInventorySyst 5.7/AdvancedGridInventorySyst 5.7/Content/Fantastic_Village_Pack/materials/MI_rooftiles_01.uasset" 2073
"C:/Users/35695/Downloads/AdvancedGridInventorySyst 5.7/AdvancedGridInventorySyst 5.7/Content/Fantastic_Village_Pack/materials/MI_rooftiles_01.uexp" 2074
"C:/Users/35695/Downloads/AdvancedGridInventorySyst 5.7/AdvancedGridInventorySyst 5.7/Content/Fantastic_Village_Pack/textures/T_wall_02_BC.ubulk" 2075
"C:/Users/35695/Downloads/AdvancedGridInventorySyst 5.7/AdvancedGridInventorySyst 5.7/Content/Fantastic_Village_Pack/textures/T_wall_02_BC.uasset" 2076
"C:/Users/35695/Downloads/AdvancedGridInventorySyst 5.7/AdvancedGridInventorySyst 5.7/Content/Fantastic_Village_Pack/textures/T_wall_02_BC.uexp" 2077
"C:/Users/35695/Downloads/AdvancedGridInventorySyst 5.7/AdvancedGridInventorySyst 5.7/Content/Fantastic_Village_Pack/textures/T_wall_02_N.ubulk" 2078
"C:/Users/35695/Downloads/AdvancedGridInventorySyst 5.7/AdvancedGridInventorySyst 5.7/Content/Fantastic_Village_Pack/textures/T_wall_02_N.uasset" 2079
"C:/Users/35695/Downloads/AdvancedGridInventorySyst 5.7/AdvancedGridInventorySyst 5.7/Content/Fantastic_Village_Pack/textures/T_wall_02_N.uexp" 2080
"C:/Users/35695/Downloads/AdvancedGridInventorySyst 5.7/AdvancedGridInventorySyst 5.7/Content/Fantastic_Village_Pack/materials/MI_wall_02.uasset" 2081
"C:/Users/35695/Downloads/AdvancedGridInventorySyst 5.7/AdvancedGridInventorySyst 5.7/Content/Fantastic_Village_Pack/materials/MI_wall_02.uexp" 2082
"C:/Users/35695/Downloads/AdvancedGridInventorySyst 5.7/AdvancedGridInventorySyst 5.7/Content/Fantastic_Village_Pack/meshes/buildings/SM_BLD_body_v01_01.ubulk" 2083
"C:/Users/35695/Downloads/AdvancedGridInventorySyst 5.7/AdvancedGridInventorySyst 5.7/Content/Fantastic_Village_Pack/meshes/buildings/SM_BLD_body_v01_01.uasset" 2084
"C:/Users/35695/Downloads/AdvancedGridInventorySyst 5.7/AdvancedGridInventorySyst 5.7/Content/Fantastic_Village_Pack/meshes/buildings/SM_BLD_body_v01_01.uexp" 2085
"C:/Users/35695/Downloads/AdvancedGridInventorySyst 5.7/AdvancedGridInventorySyst 5.7/Content/Fantastic_Village_Pack/textures/T_metal_01_BC.ubulk" 2086
"C:/Users/35695/Downloads/AdvancedGridInventorySyst 5.7/AdvancedGridInventorySyst 5.7/Content/Fantastic_Village_Pack/textures/T_metal_01_BC.uasset" 2087
"C:/Users/35695/Downloads/AdvancedGridInventorySyst 5.7/AdvancedGridInventorySyst 5.7/Content/Fantastic_Village_Pack/textures/T_metal_01_BC.uexp" 2088
"C:/Users/35695/Downloads/AdvancedGridInventorySyst 5.7/AdvancedGridInventorySyst 5.7/Content/Fantastic_Village_Pack/materials/MI_metal_01.uasset" 2089
"C:/Users/35695/Downloads/AdvancedGridInventorySyst 5.7/AdvancedGridInventorySyst 5.7/Content/Fantastic_Village_Pack/materials/MI_metal_01.uexp" 2090
"C:/Users/35695/Downloads/AdvancedGridInventorySyst 5.7/AdvancedGridInventorySyst 5.7/Content/Fantastic_Village_Pack/meshes/buildings/SM_BLD_chimney_v01_03.ubulk" 2091
"C:/Users/35695/Downloads/AdvancedGridInventorySyst 5.7/AdvancedGridInventorySyst 5.7/Content/Fantastic_Village_Pack/meshes/buildings/SM_BLD_chimney_v01_03.uasset" 2092
"C:/Users/35695/Downloads/AdvancedGridInventorySyst 5.7/AdvancedGridInventorySyst 5.7/Content/Fantastic_Village_Pack/meshes/buildings/SM_BLD_chimney_v01_03.uexp" 2093
"C:/Users/35695/Downloads/AdvancedGridInventorySyst 5.7/AdvancedGridInventorySyst 5.7/Content/Fantastic_Village_Pack/textures/T_wood_06_BC.ubulk" 2094
"C:/Users/35695/Downloads/AdvancedGridInventorySyst 5.7/AdvancedGridInventorySyst 5.7/Content/Fantastic_Village_Pack/textures/T_wood_06_BC.uasset" 2095
"C:/Users/35695/Downloads/AdvancedGridInventorySyst 5.7/AdvancedGridInventorySyst 5.7/Content/Fantastic_Village_Pack/textures/T_wood_06_BC.uexp" 2096
"C:/Users/35695/Downloads/AdvancedGridInventorySyst 5.7/AdvancedGridInventorySyst 5.7/Content/Fantastic_Village_Pack/textures/T_wood_06_N.ubulk" 2097
"C:/Users/35695/Downloads/AdvancedGridInventorySyst 5.7/AdvancedGridInventorySyst 5.7/Content/Fantastic_Village_Pack/textures/T_wood_06_N.uasset" 2098
"C:/Users/35695/Downloads/AdvancedGridInventorySyst 5.7/AdvancedGridInventorySyst 5.7/Content/Fantastic_Village_Pack/textures/T_wood_06_N.uexp" 2099
"C:/Users/35695/Downloads/AdvancedGridInventorySyst 5.7/AdvancedGridInventorySyst 5.7/Content/Fantastic_Village_Pack/materials/MI_wood_06.uasset" 2100
"C:/Users/35695/Downloads/AdvancedGridInventorySyst 5.7/AdvancedGridInventorySyst 5.7/Content/Fantastic_Village_Pack/materials/MI_wood_06.uexp" 2101
"C:/Users/35695/Downloads/AdvancedGridInventorySyst 5.7/AdvancedGridInventorySyst 5.7/Content/Fantastic_Village_Pack/meshes/buildings/SM_BLD_door_v01_01.ubulk" 2102
"C:/Users/35695/Downloads/AdvancedGridInventorySyst 5.7/AdvancedGridInventorySyst 5.7/Content/Fantastic_Village_Pack/meshes/buildings/SM_BLD_door_v01_01.uasset" 2103
"C:/Users/35695/Downloads/AdvancedGridInventorySyst 5.7/AdvancedGridInventorySyst 5.7/Content/Fantastic_Village_Pack/meshes/buildings/SM_BLD_door_v01_01.uexp" 2104
"C:/Users/35695/Downloads/AdvancedGridInventorySyst 5.7/AdvancedGridInventorySyst 5.7/Content/Fantastic_Village_Pack/materials/master_materials/M_Master_CLR.uasset" 2105
"C:/Users/35695/Downloads/AdvancedGridInventorySyst 5.7/AdvancedGridInventorySyst 5.7/Content/Fantastic_Village_Pack/materials/master_materials/M_Master_CLR.uexp" 2106
"C:/Users/35695/Downloads/AdvancedGridInventorySyst 5.7/AdvancedGridInventorySyst 5.7/Content/Fantastic_Village_Pack/materials/MI_CLR_emission_yellow.uasset" 2107
"C:/Users/35695/Downloads/AdvancedGridInventorySyst 5.7/AdvancedGridInventorySyst 5.7/Content/Fantastic_Village_Pack/materials/MI_CLR_emission_yellow.uexp" 2108
"C:/Users/35695/Downloads/AdvancedGridInventorySyst 5.7/AdvancedGridInventorySyst 5.7/Content/Fantastic_Village_Pack/meshes/buildings/SM_BLD_window_v02_01.ubulk" 2109
"C:/Users/35695/Downloads/AdvancedGridInventorySyst 5.7/AdvancedGridInventorySyst 5.7/Content/Fantastic_Village_Pack/meshes/buildings/SM_BLD_window_v02_01.uasset" 2110
"C:/Users/35695/Downloads/AdvancedGridInventorySyst 5.7/AdvancedGridInventorySyst 5.7/Content/Fantastic_Village_Pack/meshes/buildings/SM_BLD_window_v02_01.uexp" 2111
"C:/Users/35695/Downloads/AdvancedGridInventorySyst 5.7/AdvancedGridInventorySyst 5.7/Content/Fantastic_Village_Pack/meshes/buildings/SM_BLD_window_v05_01.ubulk" 2112
"C:/Users/35695/Downloads/AdvancedGridInventorySyst 5.7/AdvancedGridInventorySyst 5.7/Content/Fantastic_Village_Pack/meshes/buildings/SM_BLD_window_v05_01.uasset" 2113
"C:/Users/35695/Downloads/AdvancedGridInventorySyst 5.7/AdvancedGridInventorySyst 5.7/Content/Fantastic_Village_Pack/meshes/buildings/SM_BLD_window_v05_01.uexp" 2114
"C:/Users/35695/Downloads/AdvancedGridInventorySyst 5.7/AdvancedGridInventorySyst 5.7/Content/Fantastic_Village_Pack/meshes/buildings/SM_BLD_window_v08_04.ubulk" 2115
"C:/Users/35695/Downloads/AdvancedGridInventorySyst 5.7/AdvancedGridInventorySyst 5.7/Content/Fantastic_Village_Pack/meshes/buildings/SM_BLD_window_v08_04.uasset" 2116
"C:/Users/35695/Downloads/AdvancedGridInventorySyst 5.7/AdvancedGridInventorySyst 5.7/Content/Fantastic_Village_Pack/meshes/buildings/SM_BLD_window_v08_04.uexp" 2117
"C:/Users/35695/Downloads/AdvancedGridInventorySyst 5.7/AdvancedGridInventorySyst 5.7/Content/Fantastic_Village_Pack/meshes/props/deco/SM_PROP_weathervane.ubulk" 2118
"C:/Users/35695/Downloads/AdvancedGridInventorySyst 5.7/AdvancedGridInventorySyst 5.7/Content/Fantastic_Village_Pack/meshes/props/deco/SM_PROP_weathervane.uasset" 2119
"C:/Users/35695/Downloads/AdvancedGridInventorySyst 5.7/AdvancedGridInventorySyst 5.7/Content/Fantastic_Village_Pack/meshes/props/deco/SM_PROP_weathervane.uexp" 2120
"C:/Users/35695/Downloads/AdvancedGridInventorySyst 5.7/AdvancedGridInventorySyst 5.7/Content/Fantastic_Village_Pack/textures/T_PROP_potplants.ubulk" 2121
"C:/Users/35695/Downloads/AdvancedGridInventorySyst 5.7/AdvancedGridInventorySyst 5.7/Content/Fantastic_Village_Pack/textures/T_PROP_potplants.uasset" 2122
"C:/Users/35695/Downloads/AdvancedGridInventorySyst 5.7/AdvancedGridInventorySyst 5.7/Content/Fantastic_Village_Pack/textures/T_PROP_potplants.uexp" 2123
"C:/Users/35695/Downloads/AdvancedGridInventorySyst 5.7/AdvancedGridInventorySyst 5.7/Content/Fantastic_Village_Pack/materials/master_materials/M_Master_transparent.uasset" 2124
"C:/Users/35695/Downloads/AdvancedGridInventorySyst 5.7/AdvancedGridInventorySyst 5.7/Content/Fantastic_Village_Pack/materials/master_materials/M_Master_transparent.uexp" 2125
"C:/Users/35695/Downloads/AdvancedGridInventorySyst 5.7/AdvancedGridInventorySyst 5.7/Content/Fantastic_Village_Pack/materials/MI_PROP_potplants.uasset" 2126
"C:/Users/35695/Downloads/AdvancedGridInventorySyst 5.7/AdvancedGridInventorySyst 5.7/Content/Fantastic_Village_Pack/materials/MI_PROP_potplants.uexp" 2127
"C:/Users/35695/Downloads/AdvancedGridInventorySyst 5.7/AdvancedGridInventorySyst 5.7/Content/Fantastic_Village_Pack/textures/T_wood_07_BC.ubulk" 2128
"C:/Users/35695/Downloads/AdvancedGridInventorySyst 5.7/AdvancedGridInventorySyst 5.7/Content/Fantastic_Village_Pack/textures/T_wood_07_BC.uasset" 2129
"C:/Users/35695/Downloads/AdvancedGridInventorySyst 5.7/AdvancedGridInventorySyst 5.7/Content/Fantastic_Village_Pack/textures/T_wood_07_BC.uexp" 2130
"C:/Users/35695/Downloads/AdvancedGridInventorySyst 5.7/AdvancedGridInventorySyst 5.7/Content/Fantastic_Village_Pack/textures/T_wood_07_N.ubulk" 2131
"C:/Users/35695/Downloads/AdvancedGridInventorySyst 5.7/AdvancedGridInventorySyst 5.7/Content/Fantastic_Village_Pack/textures/T_wood_07_N.uasset" 2132
"C:/Users/35695/Downloads/AdvancedGridInventorySyst 5.7/AdvancedGridInventorySyst 5.7/Content/Fantastic_Village_Pack/textures/T_wood_07_N.uexp" 2133
"C:/Users/35695/Downloads/AdvancedGridInventorySyst 5.7/AdvancedGridInventorySyst 5.7/Content/Fantastic_Village_Pack/materials/MI_wood_07.uasset" 2134
"C:/Users/35695/Downloads/AdvancedGridInventorySyst 5.7/AdvancedGridInventorySyst 5.7/Content/Fantastic_Village_Pack/materials/MI_wood_07.uexp" 2135
"C:/Users/35695/Downloads/AdvancedGridInventorySyst 5.7/AdvancedGridInventorySyst 5.7/Content/Fantastic_Village_Pack/meshes/props/natural/SM_PROP_PLANT_pot_v1_01.ubulk" 2136
"C:/Users/35695/Downloads/AdvancedGridInventorySyst 5.7/AdvancedGridInventorySyst 5.7/Content/Fantastic_Village_Pack/meshes/props/natural/SM_PROP_PLANT_pot_v1_01.uasset" 2137
"C:/Users/35695/Downloads/AdvancedGridInventorySyst 5.7/AdvancedGridInventorySyst 5.7/Content/Fantastic_Village_Pack/meshes/props/natural/SM_PROP_PLANT_pot_v1_01.uexp" 2138
"C:/Users/35695/Downloads/AdvancedGridInventorySyst 5.7/AdvancedGridInventorySyst 5.7/Content/Fantastic_Village_Pack/blueprints/buildings/BP_BLD_house_1.uasset" 2139
"C:/Users/35695/Downloads/AdvancedGridInventorySyst 5.7/AdvancedGridInventorySyst 5.7/Content/Fantastic_Village_Pack/blueprints/buildings/BP_BLD_house_1.uexp" 2140
"C:/Users/35695/Downloads/AdvancedGridInventorySyst 5.7/AdvancedGridInventorySyst 5.7/Content/Fantastic_Village_Pack/textures/T_FX_sprite_fire.ubulk" 2141
"C:/Users/35695/Downloads/AdvancedGridInventorySyst 5.7/AdvancedGridInventorySyst 5.7/Content/Fantastic_Village_Pack/textures/T_FX_sprite_fire.uasset" 2142
"C:/Users/35695/Downloads/AdvancedGridInventorySyst 5.7/AdvancedGridInventorySyst 5.7/Content/Fantastic_Village_Pack/textures/T_FX_sprite_fire.uexp" 2143
"C:/Users/35695/Downloads/AdvancedGridInventorySyst 5.7/AdvancedGridInventorySyst 5.7/Content/Fantastic_Village_Pack/materials/master_materials/M_Master_fire_smoke.uasset" 2144
"C:/Users/35695/Downloads/AdvancedGridInventorySyst 5.7/AdvancedGridInventorySyst 5.7/Content/Fantastic_Village_Pack/materials/master_materials/M_Master_fire_smoke.uexp" 2145
"C:/Users/35695/Downloads/AdvancedGridInventorySyst 5.7/AdvancedGridInventorySyst 5.7/Content/Fantastic_Village_Pack/textures/T_FX_sprite_steam_village_BC.ubulk" 2146
"C:/Users/35695/Downloads/AdvancedGridInventorySyst 5.7/AdvancedGridInventorySyst 5.7/Content/Fantastic_Village_Pack/textures/T_FX_sprite_steam_village_BC.uasset" 2147
"C:/Users/35695/Downloads/AdvancedGridInventorySyst 5.7/AdvancedGridInventorySyst 5.7/Content/Fantastic_Village_Pack/textures/T_FX_sprite_steam_village_BC.uexp" 2148
"C:/Users/35695/Downloads/AdvancedGridInventorySyst 5.7/AdvancedGridInventorySyst 5.7/Content/Fantastic_Village_Pack/materials/MI_FX_smoke.uasset" 2149
"C:/Users/35695/Downloads/AdvancedGridInventorySyst 5.7/AdvancedGridInventorySyst 5.7/Content/Fantastic_Village_Pack/materials/MI_FX_smoke.uexp" 2150
"C:/Users/35695/Downloads/AdvancedGridInventorySyst 5.7/AdvancedGridInventorySyst 5.7/Content/Fantastic_Village_Pack/effects/PS_FX_smoke.uasset" 2151
"C:/Users/35695/Downloads/AdvancedGridInventorySyst 5.7/AdvancedGridInventorySyst 5.7/Content/Fantastic_Village_Pack/effects/PS_FX_smoke.uexp" 2152
"C:/Users/35695/Downloads/AdvancedGridInventorySyst 5.7/AdvancedGridInventorySyst 5.7/Content/Fantastic_Village_Pack/meshes/props/natural/SM_PROP_PLANT_pot_v1_04.ubulk" 2153
"C:/Users/35695/Downloads/AdvancedGridInventorySyst 5.7/AdvancedGridInventorySyst 5.7/Content/Fantastic_Village_Pack/meshes/props/natural/SM_PROP_PLANT_pot_v1_04.uasset" 2154
"C:/Users/35695/Downloads/AdvancedGridInventorySyst 5.7/AdvancedGridInventorySyst 5.7/Content/Fantastic_Village_Pack/meshes/props/natural/SM_PROP_PLANT_pot_v1_04.uexp" 2155
"C:/Users/35695/Downloads/AdvancedGridInventorySyst 5.7/AdvancedGridInventorySyst 5.7/Content/Fantastic_Village_Pack/meshes/buildings/SM_BLD_window_v08_02.ubulk" 2156
"C:/Users/35695/Downloads/AdvancedGridInventorySyst 5.7/AdvancedGridInventorySyst 5.7/Content/Fantastic_Village_Pack/meshes/buildings/SM_BLD_window_v08_02.uasset" 2157
"C:/Users/35695/Downloads/AdvancedGridInventorySyst 5.7/AdvancedGridInventorySyst 5.7/Content/Fantastic_Village_Pack/meshes/buildings/SM_BLD_window_v08_02.uexp" 2158
"C:/Users/35695/Downloads/AdvancedGridInventorySyst 5.7/AdvancedGridInventorySyst 5.7/Content/Fantastic_Village_Pack/meshes/buildings/SM_BLD_chimney_v01_01.ubulk" 2159
"C:/Users/35695/Downloads/AdvancedGridInventorySyst 5.7/AdvancedGridInventorySyst 5.7/Content/Fantastic_Village_Pack/meshes/buildings/SM_BLD_chimney_v01_01.uasset" 2160
"C:/Users/35695/Downloads/AdvancedGridInventorySyst 5.7/AdvancedGridInventorySyst 5.7/Content/Fantastic_Village_Pack/meshes/buildings/SM_BLD_chimney_v01_01.uexp" 2161
"C:/Users/35695/Downloads/AdvancedGridInventorySyst 5.7/AdvancedGridInventorySyst 5.7/Content/Fantastic_Village_Pack/meshes/buildings/SM_BLD_window_v07_01.ubulk" 2162
"C:/Users/35695/Downloads/AdvancedGridInventorySyst 5.7/AdvancedGridInventorySyst 5.7/Content/Fantastic_Village_Pack/meshes/buildings/SM_BLD_window_v07_01.uasset" 2163
"C:/Users/35695/Downloads/AdvancedGridInventorySyst 5.7/AdvancedGridInventorySyst 5.7/Content/Fantastic_Village_Pack/meshes/buildings/SM_BLD_window_v07_01.uexp" 2164
"C:/Users/35695/Downloads/AdvancedGridInventorySyst 5.7/AdvancedGridInventorySyst 5.7/Content/Fantastic_Village_Pack/textures/T_leather.ubulk" 2165
"C:/Users/35695/Downloads/AdvancedGridInventorySyst 5.7/AdvancedGridInventorySyst 5.7/Content/Fantastic_Village_Pack/textures/T_leather.uasset" 2166
"C:/Users/35695/Downloads/AdvancedGridInventorySyst 5.7/AdvancedGridInventorySyst 5.7/Content/Fantastic_Village_Pack/textures/T_leather.uexp" 2167
"C:/Users/35695/Downloads/AdvancedGridInventorySyst 5.7/AdvancedGridInventorySyst 5.7/Content/Fantastic_Village_Pack/materials/master_materials/M_Master_opaque.uasset" 2168
"C:/Users/35695/Downloads/AdvancedGridInventorySyst 5.7/AdvancedGridInventorySyst 5.7/Content/Fantastic_Village_Pack/materials/master_materials/M_Master_opaque.uexp" 2169
"C:/Users/35695/Downloads/AdvancedGridInventorySyst 5.7/AdvancedGridInventorySyst 5.7/Content/Fantastic_Village_Pack/textures/T_wood_detail_01_BC.ubulk" 2170
"C:/Users/35695/Downloads/AdvancedGridInventorySyst 5.7/AdvancedGridInventorySyst 5.7/Content/Fantastic_Village_Pack/textures/T_wood_detail_01_BC.uasset" 2171
"C:/Users/35695/Downloads/AdvancedGridInventorySyst 5.7/AdvancedGridInventorySyst 5.7/Content/Fantastic_Village_Pack/textures/T_wood_detail_01_BC.uexp" 2172
"C:/Users/35695/Downloads/AdvancedGridInventorySyst 5.7/AdvancedGridInventorySyst 5.7/Content/Fantastic_Village_Pack/materials/MI_wood_detail_01.uasset" 2173
"C:/Users/35695/Downloads/AdvancedGridInventorySyst 5.7/AdvancedGridInventorySyst 5.7/Content/Fantastic_Village_Pack/materials/MI_wood_detail_01.uexp" 2174
"C:/Users/35695/Downloads/AdvancedGridInventorySyst 5.7/AdvancedGridInventorySyst 5.7/Content/Fantastic_Village_Pack/meshes/buildings/SM_BLD_beam_big_v02_02.ubulk" 2175
"C:/Users/35695/Downloads/AdvancedGridInventorySyst 5.7/AdvancedGridInventorySyst 5.7/Content/Fantastic_Village_Pack/meshes/buildings/SM_BLD_beam_big_v02_02.uasset" 2176
"C:/Users/35695/Downloads/AdvancedGridInventorySyst 5.7/AdvancedGridInventorySyst 5.7/Content/Fantastic_Village_Pack/meshes/buildings/SM_BLD_beam_big_v02_02.uexp" 2177
"C:/Users/35695/Downloads/AdvancedGridInventorySyst 5.7/AdvancedGridInventorySyst 5.7/Content/Fantastic_Village_Pack/meshes/buildings/SM_BLD_body_v02_01.ubulk" 2178
"C:/Users/35695/Downloads/AdvancedGridInventorySyst 5.7/AdvancedGridInventorySyst 5.7/Content/Fantastic_Village_Pack/meshes/buildings/SM_BLD_body_v02_01.uasset" 2179
"C:/Users/35695/Downloads/AdvancedGridInventorySyst 5.7/AdvancedGridInventorySyst 5.7/Content/Fantastic_Village_Pack/meshes/buildings/SM_BLD_body_v02_01.uexp" 2180
"C:/Users/35695/Downloads/AdvancedGridInventorySyst 5.7/AdvancedGridInventorySyst 5.7/Content/Fantastic_Village_Pack/meshes/buildings/SM_BLD_door_v02_01.ubulk" 2181
"C:/Users/35695/Downloads/AdvancedGridInventorySyst 5.7/AdvancedGridInventorySyst 5.7/Content/Fantastic_Village_Pack/meshes/buildings/SM_BLD_door_v02_01.uasset" 2182
"C:/Users/35695/Downloads/AdvancedGridInventorySyst 5.7/AdvancedGridInventorySyst 5.7/Content/Fantastic_Village_Pack/meshes/buildings/SM_BLD_door_v02_01.uexp" 2183
"C:/Users/35695/Downloads/AdvancedGridInventorySyst 5.7/AdvancedGridInventorySyst 5.7/Content/Fantastic_Village_Pack/meshes/buildings/SM_BLD_window_v04_01.ubulk" 2184
"C:/Users/35695/Downloads/AdvancedGridInventorySyst 5.7/AdvancedGridInventorySyst 5.7/Content/Fantastic_Village_Pack/meshes/buildings/SM_BLD_window_v04_01.uasset" 2185
"C:/Users/35695/Downloads/AdvancedGridInventorySyst 5.7/AdvancedGridInventorySyst 5.7/Content/Fantastic_Village_Pack/meshes/buildings/SM_BLD_window_v04_01.uexp" 2186
"C:/Users/35695/Downloads/AdvancedGridInventorySyst 5.7/AdvancedGridInventorySyst 5.7/Content/Fantastic_Village_Pack/meshes/buildings/SM_BLD_window_v09_03.ubulk" 2187
"C:/Users/35695/Downloads/AdvancedGridInventorySyst 5.7/AdvancedGridInventorySyst 5.7/Content/Fantastic_Village_Pack/meshes/buildings/SM_BLD_window_v09_03.uasset" 2188
"C:/Users/35695/Downloads/AdvancedGridInventorySyst 5.7/AdvancedGridInventorySyst 5.7/Content/Fantastic_Village_Pack/meshes/buildings/SM_BLD_window_v09_03.uexp" 2189
"C:/Users/35695/Downloads/AdvancedGridInventorySyst 5.7/AdvancedGridInventorySyst 5.7/Content/Fantastic_Village_Pack/blueprints/buildings/BP_BLD_house_2.uasset" 2190
"C:/Users/35695/Downloads/AdvancedGridInventorySyst 5.7/AdvancedGridInventorySyst 5.7/Content/Fantastic_Village_Pack/blueprints/buildings/BP_BLD_house_2.uexp" 2191
"C:/Users/35695/Downloads/AdvancedGridInventorySyst 5.7/AdvancedGridInventorySyst 5.7/Content/Fantastic_Village_Pack/textures/T_ENV_stone_BC.ubulk" 2192
"C:/Users/35695/Downloads/AdvancedGridInventorySyst 5.7/AdvancedGridInventorySyst 5.7/Content/Fantastic_Village_Pack/textures/T_ENV_stone_BC.uasset" 2193
"C:/Users/35695/Downloads/AdvancedGridInventorySyst 5.7/AdvancedGridInventorySyst 5.7/Content/Fantastic_Village_Pack/textures/T_ENV_stone_BC.uexp" 2194
"C:/Users/35695/Downloads/AdvancedGridInventorySyst 5.7/AdvancedGridInventorySyst 5.7/Content/Fantastic_Village_Pack/textures/T_ENV_stone_N.ubulk" 2195
"C:/Users/35695/Downloads/AdvancedGridInventorySyst 5.7/AdvancedGridInventorySyst 5.7/Content/Fantastic_Village_Pack/textures/T_ENV_stone_N.uasset" 2196
"C:/Users/35695/Downloads/AdvancedGridInventorySyst 5.7/AdvancedGridInventorySyst 5.7/Content/Fantastic_Village_Pack/textures/T_ENV_stone_N.uexp" 2197
"C:/Users/35695/Downloads/AdvancedGridInventorySyst 5.7/AdvancedGridInventorySyst 5.7/Content/Fantastic_Village_Pack/materials/MI_ENV_stone.uasset" 2198
"C:/Users/35695/Downloads/AdvancedGridInventorySyst 5.7/AdvancedGridInventorySyst 5.7/Content/Fantastic_Village_Pack/materials/MI_ENV_stone.uexp" 2199
"C:/Users/35695/Downloads/AdvancedGridInventorySyst 5.7/AdvancedGridInventorySyst 5.7/Content/Fantastic_Village_Pack/meshes/props/natural/SM_PROP_stone_01.ubulk" 2200
"C:/Users/35695/Downloads/AdvancedGridInventorySyst 5.7/AdvancedGridInventorySyst 5.7/Content/Fantastic_Village_Pack/meshes/props/natural/SM_PROP_stone_01.uasset" 2201
"C:/Users/35695/Downloads/AdvancedGridInventorySyst 5.7/AdvancedGridInventorySyst 5.7/Content/Fantastic_Village_Pack/meshes/props/natural/SM_PROP_stone_01.uexp" 2202
"C:/Users/35695/Downloads/AdvancedGridInventorySyst 5.7/AdvancedGridInventorySyst 5.7/Content/Fantastic_Village_Pack/meshes/props/natural/SM_PROP_stone_02.ubulk" 2203
"C:/Users/35695/Downloads/AdvancedGridInventorySyst 5.7/AdvancedGridInventorySyst 5.7/Content/Fantastic_Village_Pack/meshes/props/natural/SM_PROP_stone_02.uasset" 2204
"C:/Users/35695/Downloads/AdvancedGridInventorySyst 5.7/AdvancedGridInventorySyst 5.7/Content/Fantastic_Village_Pack/meshes/props/natural/SM_PROP_stone_02.uexp" 2205
"C:/Users/35695/Downloads/AdvancedGridInventorySyst 5.7/AdvancedGridInventorySyst 5.7/Content/Fantastic_Village_Pack/meshes/props/natural/SM_PROP_stone_04.ubulk" 2206
"C:/Users/35695/Downloads/AdvancedGridInventorySyst 5.7/AdvancedGridInventorySyst 5.7/Content/Fantastic_Village_Pack/meshes/props/natural/SM_PROP_stone_04.uasset" 2207
"C:/Users/35695/Downloads/AdvancedGridInventorySyst 5.7/AdvancedGridInventorySyst 5.7/Content/Fantastic_Village_Pack/meshes/props/natural/SM_PROP_stone_04.uexp" 2208
"C:/Users/35695/Downloads/AdvancedGridInventorySyst 5.7/AdvancedGridInventorySyst 5.7/Content/Fantastic_Village_Pack/meshes/props/natural/SM_PROP_PLANT_pot_v2_04.ubulk" 2209
"C:/Users/35695/Downloads/AdvancedGridInventorySyst 5.7/AdvancedGridInventorySyst 5.7/Content/Fantastic_Village_Pack/meshes/props/natural/SM_PROP_PLANT_pot_v2_04.uasset" 2210
"C:/Users/35695/Downloads/AdvancedGridInventorySyst 5.7/AdvancedGridInventorySyst 5.7/Content/Fantastic_Village_Pack/meshes/props/natural/SM_PROP_PLANT_pot_v2_04.uexp" 2211
"C:/Users/35695/Downloads/AdvancedGridInventorySyst 5.7/AdvancedGridInventorySyst 5.7/Content/Fantastic_Village_Pack/meshes/buildings/SM_BLD_beam_big_v02_01.ubulk" 2212
"C:/Users/35695/Downloads/AdvancedGridInventorySyst 5.7/AdvancedGridInventorySyst 5.7/Content/Fantastic_Village_Pack/meshes/buildings/SM_BLD_beam_big_v02_01.uasset" 2213
"C:/Users/35695/Downloads/AdvancedGridInventorySyst 5.7/AdvancedGridInventorySyst 5.7/Content/Fantastic_Village_Pack/meshes/buildings/SM_BLD_beam_big_v02_01.uexp" 2214
"C:/Users/35695/Downloads/AdvancedGridInventorySyst 5.7/AdvancedGridInventorySyst 5.7/Content/Fantastic_Village_Pack/meshes/buildings/SM_BLD_chimney_v02_03.ubulk" 2215
"C:/Users/35695/Downloads/AdvancedGridInventorySyst 5.7/AdvancedGridInventorySyst 5.7/Content/Fantastic_Village_Pack/meshes/buildings/SM_BLD_chimney_v02_03.uasset" 2216
"C:/Users/35695/Downloads/AdvancedGridInventorySyst 5.7/AdvancedGridInventorySyst 5.7/Content/Fantastic_Village_Pack/meshes/buildings/SM_BLD_chimney_v02_03.uexp" 2217
"C:/Users/35695/Downloads/AdvancedGridInventorySyst 5.7/AdvancedGridInventorySyst 5.7/Content/Fantastic_Village_Pack/meshes/buildings/SM_BLD_door_v04_01.ubulk" 2218
"C:/Users/35695/Downloads/AdvancedGridInventorySyst 5.7/AdvancedGridInventorySyst 5.7/Content/Fantastic_Village_Pack/meshes/buildings/SM_BLD_door_v04_01.uasset" 2219
"C:/Users/35695/Downloads/AdvancedGridInventorySyst 5.7/AdvancedGridInventorySyst 5.7/Content/Fantastic_Village_Pack/meshes/buildings/SM_BLD_door_v04_01.uexp" 2220
"C:/Users/35695/Downloads/AdvancedGridInventorySyst 5.7/AdvancedGridInventorySyst 5.7/Content/Fantastic_Village_Pack/meshes/buildings/SM_BLD_window_v08_01.ubulk" 2221
"C:/Users/35695/Downloads/AdvancedGridInventorySyst 5.7/AdvancedGridInventorySyst 5.7/Content/Fantastic_Village_Pack/meshes/buildings/SM_BLD_window_v08_01.uasset" 2222
"C:/Users/35695/Downloads/AdvancedGridInventorySyst 5.7/AdvancedGridInventorySyst 5.7/Content/Fantastic_Village_Pack/meshes/buildings/SM_BLD_window_v08_01.uexp" 2223
"C:/Users/35695/Downloads/AdvancedGridInventorySyst 5.7/AdvancedGridInventorySyst 5.7/Content/Fantastic_Village_Pack/meshes/props/natural/SM_PROP_PLANT_pot_v1_03.ubulk" 2224
"C:/Users/35695/Downloads/AdvancedGridInventorySyst 5.7/AdvancedGridInventorySyst 5.7/Content/Fantastic_Village_Pack/meshes/props/natural/SM_PROP_PLANT_pot_v1_03.uasset" 2225
"C:/Users/35695/Downloads/AdvancedGridInventorySyst 5.7/AdvancedGridInventorySyst 5.7/Content/Fantastic_Village_Pack/meshes/props/natural/SM_PROP_PLANT_pot_v1_03.uexp" 2226
"C:/Users/35695/Downloads/AdvancedGridInventorySyst 5.7/AdvancedGridInventorySyst 5.7/Content/Fantastic_Village_Pack/meshes/buildings/SM_BLD_balcony_v01_01.ubulk" 2227
"C:/Users/35695/Downloads/AdvancedGridInventorySyst 5.7/AdvancedGridInventorySyst 5.7/Content/Fantastic_Village_Pack/meshes/buildings/SM_BLD_balcony_v01_01.uasset" 2228
"C:/Users/35695/Downloads/AdvancedGridInventorySyst 5.7/AdvancedGridInventorySyst 5.7/Content/Fantastic_Village_Pack/meshes/buildings/SM_BLD_balcony_v01_01.uexp" 2229
"C:/Users/35695/Downloads/AdvancedGridInventorySyst 5.7/AdvancedGridInventorySyst 5.7/Content/Fantastic_Village_Pack/meshes/buildings/SM_BLD_body_v04_01.ubulk" 2230
"C:/Users/35695/Downloads/AdvancedGridInventorySyst 5.7/AdvancedGridInventorySyst 5.7/Content/Fantastic_Village_Pack/meshes/buildings/SM_BLD_body_v04_01.uasset" 2231
"C:/Users/35695/Downloads/AdvancedGridInventorySyst 5.7/AdvancedGridInventorySyst 5.7/Content/Fantastic_Village_Pack/meshes/buildings/SM_BLD_body_v04_01.uexp" 2232
"C:/Users/35695/Downloads/AdvancedGridInventorySyst 5.7/AdvancedGridInventorySyst 5.7/Content/Fantastic_Village_Pack/blueprints/buildings/BP_BLD_house_3.uasset" 2233
"C:/Users/35695/Downloads/AdvancedGridInventorySyst 5.7/AdvancedGridInventorySyst 5.7/Content/Fantastic_Village_Pack/blueprints/buildings/BP_BLD_house_3.uexp" 2234
"C:/Users/35695/Downloads/AdvancedGridInventorySyst 5.7/AdvancedGridInventorySyst 5.7/Content/Fantastic_Village_Pack/textures/T_wood_planks_02_N.ubulk" 2235
"C:/Users/35695/Downloads/AdvancedGridInventorySyst 5.7/AdvancedGridInventorySyst 5.7/Content/Fantastic_Village_Pack/textures/T_wood_planks_02_N.uasset" 2236
"C:/Users/35695/Downloads/AdvancedGridInventorySyst 5.7/AdvancedGridInventorySyst 5.7/Content/Fantastic_Village_Pack/textures/T_wood_planks_02_N.uexp" 2237
"C:/Users/35695/Downloads/AdvancedGridInventorySyst 5.7/AdvancedGridInventorySyst 5.7/Content/Fantastic_Village_Pack/textures/T_wood_planks_03_BC.ubulk" 2238
"C:/Users/35695/Downloads/AdvancedGridInventorySyst 5.7/AdvancedGridInventorySyst 5.7/Content/Fantastic_Village_Pack/textures/T_wood_planks_03_BC.uasset" 2239
"C:/Users/35695/Downloads/AdvancedGridInventorySyst 5.7/AdvancedGridInventorySyst 5.7/Content/Fantastic_Village_Pack/textures/T_wood_planks_03_BC.uexp" 2240
"C:/Users/35695/Downloads/AdvancedGridInventorySyst 5.7/AdvancedGridInventorySyst 5.7/Content/Fantastic_Village_Pack/materials/MI_wood_planks_03.uasset" 2241
"C:/Users/35695/Downloads/AdvancedGridInventorySyst 5.7/AdvancedGridInventorySyst 5.7/Content/Fantastic_Village_Pack/materials/MI_wood_planks_03.uexp" 2242
"C:/Users/35695/Downloads/AdvancedGridInventorySyst 5.7/AdvancedGridInventorySyst 5.7/Content/Fantastic_Village_Pack/meshes/props/container/SM_PROP_barrel_01.ubulk" 2243
"C:/Users/35695/Downloads/AdvancedGridInventorySyst 5.7/AdvancedGridInventorySyst 5.7/Content/Fantastic_Village_Pack/meshes/props/container/SM_PROP_barrel_01.uasset" 2244
"C:/Users/35695/Downloads/AdvancedGridInventorySyst 5.7/AdvancedGridInventorySyst 5.7/Content/Fantastic_Village_Pack/meshes/props/container/SM_PROP_barrel_01.uexp" 2245
"C:/Users/35695/Downloads/AdvancedGridInventorySyst 5.7/AdvancedGridInventorySyst 5.7/Content/Fantastic_Village_Pack/meshes/props/light/SM_PROP_lantern_04.ubulk" 2246
"C:/Users/35695/Downloads/AdvancedGridInventorySyst 5.7/AdvancedGridInventorySyst 5.7/Content/Fantastic_Village_Pack/meshes/props/light/SM_PROP_lantern_04.uasset" 2247
"C:/Users/35695/Downloads/AdvancedGridInventorySyst 5.7/AdvancedGridInventorySyst 5.7/Content/Fantastic_Village_Pack/meshes/props/light/SM_PROP_lantern_04.uexp" 2248
"C:/Users/35695/Downloads/AdvancedGridInventorySyst 5.7/AdvancedGridInventorySyst 5.7/Content/Fantastic_Village_Pack/meshes/buildings/SM_BLD_stairs_v04_v2.ubulk" 2249
"C:/Users/35695/Downloads/AdvancedGridInventorySyst 5.7/AdvancedGridInventorySyst 5.7/Content/Fantastic_Village_Pack/meshes/buildings/SM_BLD_stairs_v04_v2.uasset" 2250
"C:/Users/35695/Downloads/AdvancedGridInventorySyst 5.7/AdvancedGridInventorySyst 5.7/Content/Fantastic_Village_Pack/meshes/buildings/SM_BLD_stairs_v04_v2.uexp" 2251
"C:/Users/35695/Downloads/AdvancedGridInventorySyst 5.7/AdvancedGridInventorySyst 5.7/Content/Fantastic_Village_Pack/textures/T_wood_planks_01_BC.ubulk" 2252
"C:/Users/35695/Downloads/AdvancedGridInventorySyst 5.7/AdvancedGridInventorySyst 5.7/Content/Fantastic_Village_Pack/textures/T_wood_planks_01_BC.uasset" 2253
"C:/Users/35695/Downloads/AdvancedGridInventorySyst 5.7/AdvancedGridInventorySyst 5.7/Content/Fantastic_Village_Pack/textures/T_wood_planks_01_BC.uexp" 2254
"C:/Users/35695/Downloads/AdvancedGridInventorySyst 5.7/AdvancedGridInventorySyst 5.7/Content/Fantastic_Village_Pack/textures/T_wood_planks_01_N.ubulk" 2255
"C:/Users/35695/Downloads/AdvancedGridInventorySyst 5.7/AdvancedGridInventorySyst 5.7/Content/Fantastic_Village_Pack/textures/T_wood_planks_01_N.uasset" 2256
"C:/Users/35695/Downloads/AdvancedGridInventorySyst 5.7/AdvancedGridInventorySyst 5.7/Content/Fantastic_Village_Pack/textures/T_wood_planks_01_N.uexp" 2257
"C:/Users/35695/Downloads/AdvancedGridInventorySyst 5.7/AdvancedGridInventorySyst 5.7/Content/Fantastic_Village_Pack/materials/MI_wood_planks_01.uasset" 2258
"C:/Users/35695/Downloads/AdvancedGridInventorySyst 5.7/AdvancedGridInventorySyst 5.7/Content/Fantastic_Village_Pack/materials/MI_wood_planks_01.uexp" 2259
"C:/Users/35695/Downloads/AdvancedGridInventorySyst 5.7/AdvancedGridInventorySyst 5.7/Content/Fantastic_Village_Pack/meshes/props/container/SM_PROP_box_01.ubulk" 2260
"C:/Users/35695/Downloads/AdvancedGridInventorySyst 5.7/AdvancedGridInventorySyst 5.7/Content/Fantastic_Village_Pack/meshes/props/container/SM_PROP_box_01.uasset" 2261
"C:/Users/35695/Downloads/AdvancedGridInventorySyst 5.7/AdvancedGridInventorySyst 5.7/Content/Fantastic_Village_Pack/meshes/props/container/SM_PROP_box_01.uexp" 2262
"C:/Users/35695/Downloads/AdvancedGridInventorySyst 5.7/AdvancedGridInventorySyst 5.7/Content/Fantastic_Village_Pack/meshes/props/container/SM_PROP_box_05.ubulk" 2263
"C:/Users/35695/Downloads/AdvancedGridInventorySyst 5.7/AdvancedGridInventorySyst 5.7/Content/Fantastic_Village_Pack/meshes/props/container/SM_PROP_box_05.uasset" 2264
"C:/Users/35695/Downloads/AdvancedGridInventorySyst 5.7/AdvancedGridInventorySyst 5.7/Content/Fantastic_Village_Pack/meshes/props/container/SM_PROP_box_05.uexp" 2265
"C:/Users/35695/Downloads/AdvancedGridInventorySyst 5.7/AdvancedGridInventorySyst 5.7/Content/Fantastic_Village_Pack/meshes/props/natural/SM_PROP_PLANT_pot_v1_02.ubulk" 2266
"C:/Users/35695/Downloads/AdvancedGridInventorySyst 5.7/AdvancedGridInventorySyst 5.7/Content/Fantastic_Village_Pack/meshes/props/natural/SM_PROP_PLANT_pot_v1_02.uasset" 2267
"C:/Users/35695/Downloads/AdvancedGridInventorySyst 5.7/AdvancedGridInventorySyst 5.7/Content/Fantastic_Village_Pack/meshes/props/natural/SM_PROP_PLANT_pot_v1_02.uexp" 2268
"C:/Users/35695/Downloads/AdvancedGridInventorySyst 5.7/AdvancedGridInventorySyst 5.7/Content/Fantastic_Village_Pack/meshes/props/natural/SM_PROP_PLANT_pot_v3_02.ubulk" 2269
"C:/Users/35695/Downloads/AdvancedGridInventorySyst 5.7/AdvancedGridInventorySyst 5.7/Content/Fantastic_Village_Pack/meshes/props/natural/SM_PROP_PLANT_pot_v3_02.uasset" 2270
"C:/Users/35695/Downloads/AdvancedGridInventorySyst 5.7/AdvancedGridInventorySyst 5.7/Content/Fantastic_Village_Pack/meshes/props/natural/SM_PROP_PLANT_pot_v3_02.uexp" 2271
"C:/Users/35695/Downloads/AdvancedGridInventorySyst 5.7/AdvancedGridInventorySyst 5.7/Content/Fantastic_Village_Pack/meshes/buildings/SM_BLD_door_v03_01.ubulk" 2272
"C:/Users/35695/Downloads/AdvancedGridInventorySyst 5.7/AdvancedGridInventorySyst 5.7/Content/Fantastic_Village_Pack/meshes/buildings/SM_BLD_door_v03_01.uasset" 2273
"C:/Users/35695/Downloads/AdvancedGridInventorySyst 5.7/AdvancedGridInventorySyst 5.7/Content/Fantastic_Village_Pack/meshes/buildings/SM_BLD_door_v03_01.uexp" 2274
"C:/Users/35695/Downloads/AdvancedGridInventorySyst 5.7/AdvancedGridInventorySyst 5.7/Content/Fantastic_Village_Pack/meshes/buildings/SM_BLD_beam_small_v01_02.ubulk" 2275
"C:/Users/35695/Downloads/AdvancedGridInventorySyst 5.7/AdvancedGridInventorySyst 5.7/Content/Fantastic_Village_Pack/meshes/buildings/SM_BLD_beam_small_v01_02.uasset" 2276
"C:/Users/35695/Downloads/AdvancedGridInventorySyst 5.7/AdvancedGridInventorySyst 5.7/Content/Fantastic_Village_Pack/meshes/buildings/SM_BLD_beam_small_v01_02.uexp" 2277
"C:/Users/35695/Downloads/AdvancedGridInventorySyst 5.7/AdvancedGridInventorySyst 5.7/Content/Fantastic_Village_Pack/meshes/buildings/SM_BLD_body_add_v04_01.ubulk" 2278
"C:/Users/35695/Downloads/AdvancedGridInventorySyst 5.7/AdvancedGridInventorySyst 5.7/Content/Fantastic_Village_Pack/meshes/buildings/SM_BLD_body_add_v04_01.uasset" 2279
"C:/Users/35695/Downloads/AdvancedGridInventorySyst 5.7/AdvancedGridInventorySyst 5.7/Content/Fantastic_Village_Pack/meshes/buildings/SM_BLD_body_add_v04_01.uexp" 2280
"C:/Users/35695/Downloads/AdvancedGridInventorySyst 5.7/AdvancedGridInventorySyst 5.7/Content/Fantastic_Village_Pack/meshes/buildings/SM_BLD_chimney_v01_02.ubulk" 2281
"C:/Users/35695/Downloads/AdvancedGridInventorySyst 5.7/AdvancedGridInventorySyst 5.7/Content/Fantastic_Village_Pack/meshes/buildings/SM_BLD_chimney_v01_02.uasset" 2282
"C:/Users/35695/Downloads/AdvancedGridInventorySyst 5.7/AdvancedGridInventorySyst 5.7/Content/Fantastic_Village_Pack/meshes/buildings/SM_BLD_chimney_v01_02.uexp" 2283
"C:/Users/35695/Downloads/AdvancedGridInventorySyst 5.7/AdvancedGridInventorySyst 5.7/Content/Fantastic_Village_Pack/meshes/buildings/SM_BLD_beam_small_v02_02.ubulk" 2284
"C:/Users/35695/Downloads/AdvancedGridInventorySyst 5.7/AdvancedGridInventorySyst 5.7/Content/Fantastic_Village_Pack/meshes/buildings/SM_BLD_beam_small_v02_02.uasset" 2285
"C:/Users/35695/Downloads/AdvancedGridInventorySyst 5.7/AdvancedGridInventorySyst 5.7/Content/Fantastic_Village_Pack/meshes/buildings/SM_BLD_beam_small_v02_02.uexp" 2286
"C:/Users/35695/Downloads/AdvancedGridInventorySyst 5.7/AdvancedGridInventorySyst 5.7/Content/Fantastic_Village_Pack/meshes/buildings/SM_BLD_body_v05_01.ubulk" 2287
"C:/Users/35695/Downloads/AdvancedGridInventorySyst 5.7/AdvancedGridInventorySyst 5.7/Content/Fantastic_Village_Pack/meshes/buildings/SM_BLD_body_v05_01.uasset" 2288
"C:/Users/35695/Downloads/AdvancedGridInventorySyst 5.7/AdvancedGridInventorySyst 5.7/Content/Fantastic_Village_Pack/meshes/buildings/SM_BLD_body_v05_01.uexp" 2289
"C:/Users/35695/Downloads/AdvancedGridInventorySyst 5.7/AdvancedGridInventorySyst 5.7/Content/Fantastic_Village_Pack/blueprints/buildings/BP_BLD_house_4.uasset" 2290
"C:/Users/35695/Downloads/AdvancedGridInventorySyst 5.7/AdvancedGridInventorySyst 5.7/Content/Fantastic_Village_Pack/blueprints/buildings/BP_BLD_house_4.uexp" 2291
"C:/Users/35695/Downloads/AdvancedGridInventorySyst 5.7/AdvancedGridInventorySyst 5.7/Content/Fantastic_Village_Pack/textures/T_wood_planks_05_N.ubulk" 2292
"C:/Users/35695/Downloads/AdvancedGridInventorySyst 5.7/AdvancedGridInventorySyst 5.7/Content/Fantastic_Village_Pack/textures/T_wood_planks_05_N.uasset" 2293
"C:/Users/35695/Downloads/AdvancedGridInventorySyst 5.7/AdvancedGridInventorySyst 5.7/Content/Fantastic_Village_Pack/textures/T_wood_planks_05_N.uexp" 2294
"C:/Users/35695/Downloads/AdvancedGridInventorySyst 5.7/AdvancedGridInventorySyst 5.7/Content/Fantastic_Village_Pack/textures/T_wood_planks_07_BC.ubulk" 2295
"C:/Users/35695/Downloads/AdvancedGridInventorySyst 5.7/AdvancedGridInventorySyst 5.7/Content/Fantastic_Village_Pack/textures/T_wood_planks_07_BC.uasset" 2296
"C:/Users/35695/Downloads/AdvancedGridInventorySyst 5.7/AdvancedGridInventorySyst 5.7/Content/Fantastic_Village_Pack/textures/T_wood_planks_07_BC.uexp" 2297
"C:/Users/35695/Downloads/AdvancedGridInventorySyst 5.7/AdvancedGridInventorySyst 5.7/Content/Fantastic_Village_Pack/materials/MI_wood_planks_07.uasset" 2298
"C:/Users/35695/Downloads/AdvancedGridInventorySyst 5.7/AdvancedGridInventorySyst 5.7/Content/Fantastic_Village_Pack/materials/MI_wood_planks_07.uexp" 2299
"C:/Users/35695/Downloads/AdvancedGridInventorySyst 5.7/AdvancedGridInventorySyst 5.7/Content/Fantastic_Village_Pack/meshes/props/container/SM_PROP_barrel_07.ubulk" 2300
"C:/Users/35695/Downloads/AdvancedGridInventorySyst 5.7/AdvancedGridInventorySyst 5.7/Content/Fantastic_Village_Pack/meshes/props/container/SM_PROP_barrel_07.uasset" 2301
"C:/Users/35695/Downloads/AdvancedGridInventorySyst 5.7/AdvancedGridInventorySyst 5.7/Content/Fantastic_Village_Pack/meshes/props/container/SM_PROP_barrel_07.uexp" 2302
"C:/Users/35695/Downloads/AdvancedGridInventorySyst 5.7/AdvancedGridInventorySyst 5.7/Content/Fantastic_Village_Pack/meshes/buildings/SM_BLD_window_v06_01.ubulk" 2303
"C:/Users/35695/Downloads/AdvancedGridInventorySyst 5.7/AdvancedGridInventorySyst 5.7/Content/Fantastic_Village_Pack/meshes/buildings/SM_BLD_window_v06_01.uasset" 2304
"C:/Users/35695/Downloads/AdvancedGridInventorySyst 5.7/AdvancedGridInventorySyst 5.7/Content/Fantastic_Village_Pack/meshes/buildings/SM_BLD_window_v06_01.uexp" 2305
"C:/Users/35695/Downloads/AdvancedGridInventorySyst 5.7/AdvancedGridInventorySyst 5.7/Content/Fantastic_Village_Pack/meshes/buildings/SM_BLD_body_v06_01.ubulk" 2306
"C:/Users/35695/Downloads/AdvancedGridInventorySyst 5.7/AdvancedGridInventorySyst 5.7/Content/Fantastic_Village_Pack/meshes/buildings/SM_BLD_body_v06_01.uasset" 2307
"C:/Users/35695/Downloads/AdvancedGridInventorySyst 5.7/AdvancedGridInventorySyst 5.7/Content/Fantastic_Village_Pack/meshes/buildings/SM_BLD_body_v06_01.uexp" 2308
"C:/Users/35695/Downloads/AdvancedGridInventorySyst 5.7/AdvancedGridInventorySyst 5.7/Content/Fantastic_Village_Pack/meshes/buildings/SM_BLD_chimney_v02_02.ubulk" 2309
"C:/Users/35695/Downloads/AdvancedGridInventorySyst 5.7/AdvancedGridInventorySyst 5.7/Content/Fantastic_Village_Pack/meshes/buildings/SM_BLD_chimney_v02_02.uasset" 2310
"C:/Users/35695/Downloads/AdvancedGridInventorySyst 5.7/AdvancedGridInventorySyst 5.7/Content/Fantastic_Village_Pack/meshes/buildings/SM_BLD_chimney_v02_02.uexp" 2311
"C:/Users/35695/Downloads/AdvancedGridInventorySyst 5.7/AdvancedGridInventorySyst 5.7/Content/Fantastic_Village_Pack/meshes/buildings/SM_BLD_beam_big_v03_03.ubulk" 2312
"C:/Users/35695/Downloads/AdvancedGridInventorySyst 5.7/AdvancedGridInventorySyst 5.7/Content/Fantastic_Village_Pack/meshes/buildings/SM_BLD_beam_big_v03_03.uasset" 2313
"C:/Users/35695/Downloads/AdvancedGridInventorySyst 5.7/AdvancedGridInventorySyst 5.7/Content/Fantastic_Village_Pack/meshes/buildings/SM_BLD_beam_big_v03_03.uexp" 2314
"C:/Users/35695/Downloads/AdvancedGridInventorySyst 5.7/AdvancedGridInventorySyst 5.7/Content/Fantastic_Village_Pack/meshes/buildings/SM_BLD_body_add_v01_01.ubulk" 2315
"C:/Users/35695/Downloads/AdvancedGridInventorySyst 5.7/AdvancedGridInventorySyst 5.7/Content/Fantastic_Village_Pack/meshes/buildings/SM_BLD_body_add_v01_01.uasset" 2316
"C:/Users/35695/Downloads/AdvancedGridInventorySyst 5.7/AdvancedGridInventorySyst 5.7/Content/Fantastic_Village_Pack/meshes/buildings/SM_BLD_body_add_v01_01.uexp" 2317
"C:/Users/35695/Downloads/AdvancedGridInventorySyst 5.7/AdvancedGridInventorySyst 5.7/Content/Fantastic_Village_Pack/meshes/buildings/SM_BLD_body_add_v03_01.ubulk" 2318
"C:/Users/35695/Downloads/AdvancedGridInventorySyst 5.7/AdvancedGridInventorySyst 5.7/Content/Fantastic_Village_Pack/meshes/buildings/SM_BLD_body_add_v03_01.uasset" 2319
"C:/Users/35695/Downloads/AdvancedGridInventorySyst 5.7/AdvancedGridInventorySyst 5.7/Content/Fantastic_Village_Pack/meshes/buildings/SM_BLD_body_add_v03_01.uexp" 2320
"C:/Users/35695/Downloads/AdvancedGridInventorySyst 5.7/AdvancedGridInventorySyst 5.7/Content/Fantastic_Village_Pack/meshes/buildings/SM_BLD_stairs_v01_01.ubulk" 2321
"C:/Users/35695/Downloads/AdvancedGridInventorySyst 5.7/AdvancedGridInventorySyst 5.7/Content/Fantastic_Village_Pack/meshes/buildings/SM_BLD_stairs_v01_01.uasset" 2322
"C:/Users/35695/Downloads/AdvancedGridInventorySyst 5.7/AdvancedGridInventorySyst 5.7/Content/Fantastic_Village_Pack/meshes/buildings/SM_BLD_stairs_v01_01.uexp" 2323
"C:/Users/35695/Downloads/AdvancedGridInventorySyst 5.7/AdvancedGridInventorySyst 5.7/Content/Fantastic_Village_Pack/blueprints/buildings/BP_BLD_house_5.uasset" 2324
"C:/Users/35695/Downloads/AdvancedGridInventorySyst 5.7/AdvancedGridInventorySyst 5.7/Content/Fantastic_Village_Pack/blueprints/buildings/BP_BLD_house_5.uexp" 2325
"C:/Users/35695/Downloads/AdvancedGridInventorySyst 5.7/AdvancedGridInventorySyst 5.7/Content/Fantastic_Village_Pack/meshes/props/light/SM_PROP_lantern_02.ubulk" 2326
"C:/Users/35695/Downloads/AdvancedGridInventorySyst 5.7/AdvancedGridInventorySyst 5.7/Content/Fantastic_Village_Pack/meshes/props/light/SM_PROP_lantern_02.uasset" 2327
"C:/Users/35695/Downloads/AdvancedGridInventorySyst 5.7/AdvancedGridInventorySyst 5.7/Content/Fantastic_Village_Pack/meshes/props/light/SM_PROP_lantern_02.uexp" 2328
"C:/Users/35695/Downloads/AdvancedGridInventorySyst 5.7/AdvancedGridInventorySyst 5.7/Content/Fantastic_Village_Pack/meshes/buildings/SM_BLD_window_v03_01.ubulk" 2329
"C:/Users/35695/Downloads/AdvancedGridInventorySyst 5.7/AdvancedGridInventorySyst 5.7/Content/Fantastic_Village_Pack/meshes/buildings/SM_BLD_window_v03_01.uasset" 2330
"C:/Users/35695/Downloads/AdvancedGridInventorySyst 5.7/AdvancedGridInventorySyst 5.7/Content/Fantastic_Village_Pack/meshes/buildings/SM_BLD_window_v03_01.uexp" 2331
"C:/Users/35695/Downloads/AdvancedGridInventorySyst 5.7/AdvancedGridInventorySyst 5.7/Content/Fantastic_Village_Pack/meshes/buildings/SM_BLD_window_v01_01.ubulk" 2332
"C:/Users/35695/Downloads/AdvancedGridInventorySyst 5.7/AdvancedGridInventorySyst 5.7/Content/Fantastic_Village_Pack/meshes/buildings/SM_BLD_window_v01_01.uasset" 2333
"C:/Users/35695/Downloads/AdvancedGridInventorySyst 5.7/AdvancedGridInventorySyst 5.7/Content/Fantastic_Village_Pack/meshes/buildings/SM_BLD_window_v01_01.uexp" 2334
"C:/Users/35695/Downloads/AdvancedGridInventorySyst 5.7/AdvancedGridInventorySyst 5.7/Content/Fantastic_Village_Pack/meshes/buildings/SM_BLD_window_v09_04.ubulk" 2335
"C:/Users/35695/Downloads/AdvancedGridInventorySyst 5.7/AdvancedGridInventorySyst 5.7/Content/Fantastic_Village_Pack/meshes/buildings/SM_BLD_window_v09_04.uasset" 2336
"C:/Users/35695/Downloads/AdvancedGridInventorySyst 5.7/AdvancedGridInventorySyst 5.7/Content/Fantastic_Village_Pack/meshes/buildings/SM_BLD_window_v09_04.uexp" 2337
"C:/Users/35695/Downloads/AdvancedGridInventorySyst 5.7/AdvancedGridInventorySyst 5.7/Content/Fantastic_Village_Pack/meshes/buildings/SM_BLD_base_v05_01.ubulk" 2338
"C:/Users/35695/Downloads/AdvancedGridInventorySyst 5.7/AdvancedGridInventorySyst 5.7/Content/Fantastic_Village_Pack/meshes/buildings/SM_BLD_base_v05_01.uasset" 2339
"C:/Users/35695/Downloads/AdvancedGridInventorySyst 5.7/AdvancedGridInventorySyst 5.7/Content/Fantastic_Village_Pack/meshes/buildings/SM_BLD_base_v05_01.uexp" 2340
"C:/Users/35695/Downloads/AdvancedGridInventorySyst 5.7/AdvancedGridInventorySyst 5.7/Content/Fantastic_Village_Pack/meshes/buildings/SM_BLD_beam_small_v04_02.ubulk" 2341
"C:/Users/35695/Downloads/AdvancedGridInventorySyst 5.7/AdvancedGridInventorySyst 5.7/Content/Fantastic_Village_Pack/meshes/buildings/SM_BLD_beam_small_v04_02.uasset" 2342
"C:/Users/35695/Downloads/AdvancedGridInventorySyst 5.7/AdvancedGridInventorySyst 5.7/Content/Fantastic_Village_Pack/meshes/buildings/SM_BLD_beam_small_v04_02.uexp" 2343
"C:/Users/35695/Downloads/AdvancedGridInventorySyst 5.7/AdvancedGridInventorySyst 5.7/Content/Fantastic_Village_Pack/meshes/buildings/SM_BLD_body_v03_01.ubulk" 2344
"C:/Users/35695/Downloads/AdvancedGridInventorySyst 5.7/AdvancedGridInventorySyst 5.7/Content/Fantastic_Village_Pack/meshes/buildings/SM_BLD_body_v03_01.uasset" 2345
"C:/Users/35695/Downloads/AdvancedGridInventorySyst 5.7/AdvancedGridInventorySyst 5.7/Content/Fantastic_Village_Pack/meshes/buildings/SM_BLD_body_v03_01.uexp" 2346
"C:/Users/35695/Downloads/AdvancedGridInventorySyst 5.7/AdvancedGridInventorySyst 5.7/Content/Fantastic_Village_Pack/blueprints/buildings/BP_BLD_house_6.uasset" 2347
"C:/Users/35695/Downloads/AdvancedGridInventorySyst 5.7/AdvancedGridInventorySyst 5.7/Content/Fantastic_Village_Pack/blueprints/buildings/BP_BLD_house_6.uexp" 2348
"C:/Users/35695/Downloads/AdvancedGridInventorySyst 5.7/AdvancedGridInventorySyst 5.7/Content/Fantastic_Village_Pack/textures/T_rope.ubulk" 2349
"C:/Users/35695/Downloads/AdvancedGridInventorySyst 5.7/AdvancedGridInventorySyst 5.7/Content/Fantastic_Village_Pack/textures/T_rope.uasset" 2350
"C:/Users/35695/Downloads/AdvancedGridInventorySyst 5.7/AdvancedGridInventorySyst 5.7/Content/Fantastic_Village_Pack/textures/T_rope.uexp" 2351
"C:/Users/35695/Downloads/AdvancedGridInventorySyst 5.7/AdvancedGridInventorySyst 5.7/Content/Fantastic_Village_Pack/materials/MI_rope.uasset" 2352
"C:/Users/35695/Downloads/AdvancedGridInventorySyst 5.7/AdvancedGridInventorySyst 5.7/Content/Fantastic_Village_Pack/materials/MI_rope.uexp" 2353
"C:/Users/35695/Downloads/AdvancedGridInventorySyst 5.7/AdvancedGridInventorySyst 5.7/Content/Fantastic_Village_Pack/meshes/props/deco/SM_PROP_horsestation.ubulk" 2354
"C:/Users/35695/Downloads/AdvancedGridInventorySyst 5.7/AdvancedGridInventorySyst 5.7/Content/Fantastic_Village_Pack/meshes/props/deco/SM_PROP_horsestation.uasset" 2355
"C:/Users/35695/Downloads/AdvancedGridInventorySyst 5.7/AdvancedGridInventorySyst 5.7/Content/Fantastic_Village_Pack/meshes/props/deco/SM_PROP_horsestation.uexp" 2356
"C:/Users/35695/Downloads/AdvancedGridInventorySyst 5.7/AdvancedGridInventorySyst 5.7/Content/Fantastic_Village_Pack/textures/T_wood_planks_05_BC.ubulk" 2357
"C:/Users/35695/Downloads/AdvancedGridInventorySyst 5.7/AdvancedGridInventorySyst 5.7/Content/Fantastic_Village_Pack/textures/T_wood_planks_05_BC.uasset" 2358
"C:/Users/35695/Downloads/AdvancedGridInventorySyst 5.7/AdvancedGridInventorySyst 5.7/Content/Fantastic_Village_Pack/textures/T_wood_planks_05_BC.uexp" 2359
"C:/Users/35695/Downloads/AdvancedGridInventorySyst 5.7/AdvancedGridInventorySyst 5.7/Content/Fantastic_Village_Pack/materials/MI_wood_planks_05.uasset" 2360
"C:/Users/35695/Downloads/AdvancedGridInventorySyst 5.7/AdvancedGridInventorySyst 5.7/Content/Fantastic_Village_Pack/materials/MI_wood_planks_05.uexp" 2361
"C:/Users/35695/Downloads/AdvancedGridInventorySyst 5.7/AdvancedGridInventorySyst 5.7/Content/Fantastic_Village_Pack/meshes/props/furniture/SM_PROP_bench_01.ubulk" 2362
"C:/Users/35695/Downloads/AdvancedGridInventorySyst 5.7/AdvancedGridInventorySyst 5.7/Content/Fantastic_Village_Pack/meshes/props/furniture/SM_PROP_bench_01.uasset" 2363
"C:/Users/35695/Downloads/AdvancedGridInventorySyst 5.7/AdvancedGridInventorySyst 5.7/Content/Fantastic_Village_Pack/meshes/props/furniture/SM_PROP_bench_01.uexp" 2364
"C:/Users/35695/Downloads/AdvancedGridInventorySyst 5.7/AdvancedGridInventorySyst 5.7/Content/Fantastic_Village_Pack/textures/T_PROP_hay.ubulk" 2365
"C:/Users/35695/Downloads/AdvancedGridInventorySyst 5.7/AdvancedGridInventorySyst 5.7/Content/Fantastic_Village_Pack/textures/T_PROP_hay.uasset" 2366
"C:/Users/35695/Downloads/AdvancedGridInventorySyst 5.7/AdvancedGridInventorySyst 5.7/Content/Fantastic_Village_Pack/textures/T_PROP_hay.uexp" 2367
"C:/Users/35695/Downloads/AdvancedGridInventorySyst 5.7/AdvancedGridInventorySyst 5.7/Content/Fantastic_Village_Pack/materials/MI_PROP_hay.uasset" 2368
"C:/Users/35695/Downloads/AdvancedGridInventorySyst 5.7/AdvancedGridInventorySyst 5.7/Content/Fantastic_Village_Pack/materials/MI_PROP_hay.uexp" 2369
"C:/Users/35695/Downloads/AdvancedGridInventorySyst 5.7/AdvancedGridInventorySyst 5.7/Content/Fantastic_Village_Pack/meshes/props/natural/SM_PROP_hay_04.ubulk" 2370
"C:/Users/35695/Downloads/AdvancedGridInventorySyst 5.7/AdvancedGridInventorySyst 5.7/Content/Fantastic_Village_Pack/meshes/props/natural/SM_PROP_hay_04.uasset" 2371
"C:/Users/35695/Downloads/AdvancedGridInventorySyst 5.7/AdvancedGridInventorySyst 5.7/Content/Fantastic_Village_Pack/meshes/props/natural/SM_PROP_hay_04.uexp" 2372
"C:/Users/35695/Downloads/AdvancedGridInventorySyst 5.7/AdvancedGridInventorySyst 5.7/Content/Fantastic_Village_Pack/meshes/props/vehicles/SM_PROP_cart_wheel_big.ubulk" 2373
"C:/Users/35695/Downloads/AdvancedGridInventorySyst 5.7/AdvancedGridInventorySyst 5.7/Content/Fantastic_Village_Pack/meshes/props/vehicles/SM_PROP_cart_wheel_big.uasset" 2374
"C:/Users/35695/Downloads/AdvancedGridInventorySyst 5.7/AdvancedGridInventorySyst 5.7/Content/Fantastic_Village_Pack/meshes/props/vehicles/SM_PROP_cart_wheel_big.uexp" 2375
"C:/Users/35695/Downloads/AdvancedGridInventorySyst 5.7/AdvancedGridInventorySyst 5.7/Content/Fantastic_Village_Pack/meshes/buildings/SM_BLD_body_v07_01.ubulk" 2376
"C:/Users/35695/Downloads/AdvancedGridInventorySyst 5.7/AdvancedGridInventorySyst 5.7/Content/Fantastic_Village_Pack/meshes/buildings/SM_BLD_body_v07_01.uasset" 2377
"C:/Users/35695/Downloads/AdvancedGridInventorySyst 5.7/AdvancedGridInventorySyst 5.7/Content/Fantastic_Village_Pack/meshes/buildings/SM_BLD_body_v07_01.uexp" 2378
"C:/Users/35695/Downloads/AdvancedGridInventorySyst 5.7/AdvancedGridInventorySyst 5.7/Content/Fantastic_Village_Pack/meshes/buildings/SM_BLD_window_v06_02.ubulk" 2379
"C:/Users/35695/Downloads/AdvancedGridInventorySyst 5.7/AdvancedGridInventorySyst 5.7/Content/Fantastic_Village_Pack/meshes/buildings/SM_BLD_window_v06_02.uasset" 2380
"C:/Users/35695/Downloads/AdvancedGridInventorySyst 5.7/AdvancedGridInventorySyst 5.7/Content/Fantastic_Village_Pack/meshes/buildings/SM_BLD_window_v06_02.uexp" 2381
"C:/Users/35695/Downloads/AdvancedGridInventorySyst 5.7/AdvancedGridInventorySyst 5.7/Content/Fantastic_Village_Pack/blueprints/buildings/BP_BLD_house_7.uasset" 2382
"C:/Users/35695/Downloads/AdvancedGridInventorySyst 5.7/AdvancedGridInventorySyst 5.7/Content/Fantastic_Village_Pack/blueprints/buildings/BP_BLD_house_7.uexp" 2383
"C:/Users/35695/Downloads/AdvancedGridInventorySyst 5.7/AdvancedGridInventorySyst 5.7/Content/Fantastic_Village_Pack/meshes/buildings/SM_BLD_stairs_v04_v1.ubulk" 2384
"C:/Users/35695/Downloads/AdvancedGridInventorySyst 5.7/AdvancedGridInventorySyst 5.7/Content/Fantastic_Village_Pack/meshes/buildings/SM_BLD_stairs_v04_v1.uasset" 2385
"C:/Users/35695/Downloads/AdvancedGridInventorySyst 5.7/AdvancedGridInventorySyst 5.7/Content/Fantastic_Village_Pack/meshes/buildings/SM_BLD_stairs_v04_v1.uexp" 2386
"C:/Users/35695/Downloads/AdvancedGridInventorySyst 5.7/AdvancedGridInventorySyst 5.7/Content/Fantastic_Village_Pack/meshes/props/furniture/SM_PROP_bench_02.ubulk" 2387
"C:/Users/35695/Downloads/AdvancedGridInventorySyst 5.7/AdvancedGridInventorySyst 5.7/Content/Fantastic_Village_Pack/meshes/props/furniture/SM_PROP_bench_02.uasset" 2388
"C:/Users/35695/Downloads/AdvancedGridInventorySyst 5.7/AdvancedGridInventorySyst 5.7/Content/Fantastic_Village_Pack/meshes/props/furniture/SM_PROP_bench_02.uexp" 2389
"C:/Users/35695/Downloads/AdvancedGridInventorySyst 5.7/AdvancedGridInventorySyst 5.7/Content/Fantastic_Village_Pack/meshes/buildings/SM_BLD_balcony_v02_01.ubulk" 2390
"C:/Users/35695/Downloads/AdvancedGridInventorySyst 5.7/AdvancedGridInventorySyst 5.7/Content/Fantastic_Village_Pack/meshes/buildings/SM_BLD_balcony_v02_01.uasset" 2391
"C:/Users/35695/Downloads/AdvancedGridInventorySyst 5.7/AdvancedGridInventorySyst 5.7/Content/Fantastic_Village_Pack/meshes/buildings/SM_BLD_balcony_v02_01.uexp" 2392
"C:/Users/35695/Downloads/AdvancedGridInventorySyst 5.7/AdvancedGridInventorySyst 5.7/Content/Fantastic_Village_Pack/meshes/buildings/SM_BLD_body_v04_02.ubulk" 2393
"C:/Users/35695/Downloads/AdvancedGridInventorySyst 5.7/AdvancedGridInventorySyst 5.7/Content/Fantastic_Village_Pack/meshes/buildings/SM_BLD_body_v04_02.uasset" 2394
"C:/Users/35695/Downloads/AdvancedGridInventorySyst 5.7/AdvancedGridInventorySyst 5.7/Content/Fantastic_Village_Pack/meshes/buildings/SM_BLD_body_v04_02.uexp" 2395
"C:/Users/35695/Downloads/AdvancedGridInventorySyst 5.7/AdvancedGridInventorySyst 5.7/Content/Fantastic_Village_Pack/meshes/buildings/SM_BLD_window_v07_02.ubulk" 2396
"C:/Users/35695/Downloads/AdvancedGridInventorySyst 5.7/AdvancedGridInventorySyst 5.7/Content/Fantastic_Village_Pack/meshes/buildings/SM_BLD_window_v07_02.uasset" 2397
"C:/Users/35695/Downloads/AdvancedGridInventorySyst 5.7/AdvancedGridInventorySyst 5.7/Content/Fantastic_Village_Pack/meshes/buildings/SM_BLD_window_v07_02.uexp" 2398
"C:/Users/35695/Downloads/AdvancedGridInventorySyst 5.7/AdvancedGridInventorySyst 5.7/Content/Fantastic_Village_Pack/blueprints/buildings/BP_BLD_house_8.uasset" 2399
"C:/Users/35695/Downloads/AdvancedGridInventorySyst 5.7/AdvancedGridInventorySyst 5.7/Content/Fantastic_Village_Pack/blueprints/buildings/BP_BLD_house_8.uexp" 2400
"C:/Users/35695/Downloads/AdvancedGridInventorySyst 5.7/AdvancedGridInventorySyst 5.7/Content/Fantastic_Village_Pack/meshes/buildings/SM_BLD_body_v02_02.ubulk" 2401
"C:/Users/35695/Downloads/AdvancedGridInventorySyst 5.7/AdvancedGridInventorySyst 5.7/Content/Fantastic_Village_Pack/meshes/buildings/SM_BLD_body_v02_02.uasset" 2402
"C:/Users/35695/Downloads/AdvancedGridInventorySyst 5.7/AdvancedGridInventorySyst 5.7/Content/Fantastic_Village_Pack/meshes/buildings/SM_BLD_body_v02_02.uexp" 2403
"C:/Users/35695/Downloads/AdvancedGridInventorySyst 5.7/AdvancedGridInventorySyst 5.7/Content/Fantastic_Village_Pack/blueprints/buildings/BP_BLD_house_9.uasset" 2404
"C:/Users/35695/Downloads/AdvancedGridInventorySyst 5.7/AdvancedGridInventorySyst 5.7/Content/Fantastic_Village_Pack/blueprints/buildings/BP_BLD_house_9.uexp" 2405
"C:/Users/35695/Downloads/AdvancedGridInventorySyst 5.7/AdvancedGridInventorySyst 5.7/Content/Fantastic_Village_Pack/materials/MI_CLR_black.uasset" 2406
"C:/Users/35695/Downloads/AdvancedGridInventorySyst 5.7/AdvancedGridInventorySyst 5.7/Content/Fantastic_Village_Pack/materials/MI_CLR_black.uexp" 2407
"C:/Users/35695/Downloads/AdvancedGridInventorySyst 5.7/AdvancedGridInventorySyst 5.7/Content/Fantastic_Village_Pack/meshes/buildings/SM_BLD_window_v09_01.ubulk" 2408
"C:/Users/35695/Downloads/AdvancedGridInventorySyst 5.7/AdvancedGridInventorySyst 5.7/Content/Fantastic_Village_Pack/meshes/buildings/SM_BLD_window_v09_01.uasset" 2409
"C:/Users/35695/Downloads/AdvancedGridInventorySyst 5.7/AdvancedGridInventorySyst 5.7/Content/Fantastic_Village_Pack/meshes/buildings/SM_BLD_window_v09_01.uexp" 2410
"C:/Users/35695/Downloads/AdvancedGridInventorySyst 5.7/AdvancedGridInventorySyst 5.7/Content/Fantastic_Village_Pack/meshes/buildings/SM_BLD_body_v03_02.ubulk" 2411
"C:/Users/35695/Downloads/AdvancedGridInventorySyst 5.7/AdvancedGridInventorySyst 5.7/Content/Fantastic_Village_Pack/meshes/buildings/SM_BLD_body_v03_02.uasset" 2412
"C:/Users/35695/Downloads/AdvancedGridInventorySyst 5.7/AdvancedGridInventorySyst 5.7/Content/Fantastic_Village_Pack/meshes/buildings/SM_BLD_body_v03_02.uexp" 2413
"C:/Users/35695/Downloads/AdvancedGridInventorySyst 5.7/AdvancedGridInventorySyst 5.7/Content/Fantastic_Village_Pack/blueprints/buildings/BP_BLD_house_10.uasset" 2414
"C:/Users/35695/Downloads/AdvancedGridInventorySyst 5.7/AdvancedGridInventorySyst 5.7/Content/Fantastic_Village_Pack/blueprints/buildings/BP_BLD_house_10.uexp" 2415
"C:/Users/35695/Downloads/AdvancedGridInventorySyst 5.7/AdvancedGridInventorySyst 5.7/Content/Fantastic_Village_Pack/textures/T_wood_planks_04_BC.ubulk" 2416
"C:/Users/35695/Downloads/AdvancedGridInventorySyst 5.7/AdvancedGridInventorySyst 5.7/Content/Fantastic_Village_Pack/textures/T_wood_planks_04_BC.uasset" 2417
"C:/Users/35695/Downloads/AdvancedGridInventorySyst 5.7/AdvancedGridInventorySyst 5.7/Content/Fantastic_Village_Pack/textures/T_wood_planks_04_BC.uexp" 2418
"C:/Users/35695/Downloads/AdvancedGridInventorySyst 5.7/AdvancedGridInventorySyst 5.7/Content/Fantastic_Village_Pack/materials/MI_wood_planks_04.uasset" 2419
"C:/Users/35695/Downloads/AdvancedGridInventorySyst 5.7/AdvancedGridInventorySyst 5.7/Content/Fantastic_Village_Pack/materials/MI_wood_planks_04.uexp" 2420
"C:/Users/35695/Downloads/AdvancedGridInventorySyst 5.7/AdvancedGridInventorySyst 5.7/Content/Fantastic_Village_Pack/meshes/buildings/SM_BLD_waterwheel.ubulk" 2421
"C:/Users/35695/Downloads/AdvancedGridInventorySyst 5.7/AdvancedGridInventorySyst 5.7/Content/Fantastic_Village_Pack/meshes/buildings/SM_BLD_waterwheel.uasset" 2422
"C:/Users/35695/Downloads/AdvancedGridInventorySyst 5.7/AdvancedGridInventorySyst 5.7/Content/Fantastic_Village_Pack/meshes/buildings/SM_BLD_waterwheel.uexp" 2423
"C:/Users/35695/Downloads/AdvancedGridInventorySyst 5.7/AdvancedGridInventorySyst 5.7/Content/Fantastic_Village_Pack/meshes/buildings/SM_BLD_waterwheel_construct.ubulk" 2424
"C:/Users/35695/Downloads/AdvancedGridInventorySyst 5.7/AdvancedGridInventorySyst 5.7/Content/Fantastic_Village_Pack/meshes/buildings/SM_BLD_waterwheel_construct.uasset" 2425
"C:/Users/35695/Downloads/AdvancedGridInventorySyst 5.7/AdvancedGridInventorySyst 5.7/Content/Fantastic_Village_Pack/meshes/buildings/SM_BLD_waterwheel_construct.uexp" 2426
"C:/Users/35695/Downloads/AdvancedGridInventorySyst 5.7/AdvancedGridInventorySyst 5.7/Content/Fantastic_Village_Pack/blueprints/buildings/BP_BLD_house_13.uasset" 2427
"C:/Users/35695/Downloads/AdvancedGridInventorySyst 5.7/AdvancedGridInventorySyst 5.7/Content/Fantastic_Village_Pack/blueprints/buildings/BP_BLD_house_13.uexp" 2428
"C:/Users/35695/Downloads/AdvancedGridInventorySyst 5.7/AdvancedGridInventorySyst 5.7/Content/Fantastic_Village_Pack/textures/T_cloth_01_BC.ubulk" 2429
"C:/Users/35695/Downloads/AdvancedGridInventorySyst 5.7/AdvancedGridInventorySyst 5.7/Content/Fantastic_Village_Pack/textures/T_cloth_01_BC.uasset" 2430
"C:/Users/35695/Downloads/AdvancedGridInventorySyst 5.7/AdvancedGridInventorySyst 5.7/Content/Fantastic_Village_Pack/textures/T_cloth_01_BC.uexp" 2431
"C:/Users/35695/Downloads/AdvancedGridInventorySyst 5.7/AdvancedGridInventorySyst 5.7/Content/Fantastic_Village_Pack/textures/T_cloth_01_N.ubulk" 2432
"C:/Users/35695/Downloads/AdvancedGridInventorySyst 5.7/AdvancedGridInventorySyst 5.7/Content/Fantastic_Village_Pack/textures/T_cloth_01_N.uasset" 2433
"C:/Users/35695/Downloads/AdvancedGridInventorySyst 5.7/AdvancedGridInventorySyst 5.7/Content/Fantastic_Village_Pack/textures/T_cloth_01_N.uexp" 2434
"C:/Users/35695/Downloads/AdvancedGridInventorySyst 5.7/AdvancedGridInventorySyst 5.7/Content/Fantastic_Village_Pack/materials/MI_cloth_01.uasset" 2435
"C:/Users/35695/Downloads/AdvancedGridInventorySyst 5.7/AdvancedGridInventorySyst 5.7/Content/Fantastic_Village_Pack/materials/MI_cloth_01.uexp" 2436
"C:/Users/35695/Downloads/AdvancedGridInventorySyst 5.7/AdvancedGridInventorySyst 5.7/Content/Fantastic_Village_Pack/meshes/buildings/SM_BLD_windmill_sail.ubulk" 2437
"C:/Users/35695/Downloads/AdvancedGridInventorySyst 5.7/AdvancedGridInventorySyst 5.7/Content/Fantastic_Village_Pack/meshes/buildings/SM_BLD_windmill_sail.uasset" 2438
"C:/Users/35695/Downloads/AdvancedGridInventorySyst 5.7/AdvancedGridInventorySyst 5.7/Content/Fantastic_Village_Pack/meshes/buildings/SM_BLD_windmill_sail.uexp" 2439
"C:/Users/35695/Downloads/AdvancedGridInventorySyst 5.7/AdvancedGridInventorySyst 5.7/Content/Fantastic_Village_Pack/blueprints/buildings/BP_BLD_house_14.uasset" 2440
"C:/Users/35695/Downloads/AdvancedGridInventorySyst 5.7/AdvancedGridInventorySyst 5.7/Content/Fantastic_Village_Pack/blueprints/buildings/BP_BLD_house_14.uexp" 2441
"C:/Users/35695/Downloads/AdvancedGridInventorySyst 5.7/AdvancedGridInventorySyst 5.7/Content/Fantastic_Village_Pack/meshes/props/construction/SM_PROP_wall_wood_gate_door_L_01.ubulk" 2442
"C:/Users/35695/Downloads/AdvancedGridInventorySyst 5.7/AdvancedGridInventorySyst 5.7/Content/Fantastic_Village_Pack/meshes/props/construction/SM_PROP_wall_wood_gate_door_L_01.uasset" 2443
"C:/Users/35695/Downloads/AdvancedGridInventorySyst 5.7/AdvancedGridInventorySyst 5.7/Content/Fantastic_Village_Pack/meshes/props/construction/SM_PROP_wall_wood_gate_door_L_01.uexp" 2444
"C:/Users/35695/Downloads/AdvancedGridInventorySyst 5.7/AdvancedGridInventorySyst 5.7/Content/Fantastic_Village_Pack/meshes/props/construction/SM_PROP_wall_wood_gate_door_R_01.ubulk" 2445
"C:/Users/35695/Downloads/AdvancedGridInventorySyst 5.7/AdvancedGridInventorySyst 5.7/Content/Fantastic_Village_Pack/meshes/props/construction/SM_PROP_wall_wood_gate_door_R_01.uasset" 2446
"C:/Users/35695/Downloads/AdvancedGridInventorySyst 5.7/AdvancedGridInventorySyst 5.7/Content/Fantastic_Village_Pack/meshes/props/construction/SM_PROP_wall_wood_gate_door_R_01.uexp" 2447
"C:/Users/35695/Downloads/AdvancedGridInventorySyst 5.7/AdvancedGridInventorySyst 5.7/Content/Fantastic_Village_Pack/meshes/props/construction/SM_PROP_wall_wood_gate_frame_01.ubulk" 2448
"C:/Users/35695/Downloads/AdvancedGridInventorySyst 5.7/AdvancedGridInventorySyst 5.7/Content/Fantastic_Village_Pack/meshes/props/construction/SM_PROP_wall_wood_gate_frame_01.uasset" 2449
"C:/Users/35695/Downloads/AdvancedGridInventorySyst 5.7/AdvancedGridInventorySyst 5.7/Content/Fantastic_Village_Pack/meshes/props/construction/SM_PROP_wall_wood_gate_frame_01.uexp" 2450
"C:/Users/35695/Downloads/AdvancedGridInventorySyst 5.7/AdvancedGridInventorySyst 5.7/Content/Fantastic_Village_Pack/blueprints/props/BP_PROP_wall_wood_gate_01.uasset" 2451
"C:/Users/35695/Downloads/AdvancedGridInventorySyst 5.7/AdvancedGridInventorySyst 5.7/Content/Fantastic_Village_Pack/blueprints/props/BP_PROP_wall_wood_gate_01.uexp" 2452
"C:/Users/35695/Downloads/AdvancedGridInventorySyst 5.7/AdvancedGridInventorySyst 5.7/Content/Fantastic_Village_Pack/build/Farmfield_LayerInfo.uasset" 2453
"C:/Users/35695/Downloads/AdvancedGridInventorySyst 5.7/AdvancedGridInventorySyst 5.7/Content/Fantastic_Village_Pack/build/Farmfield_LayerInfo.uexp" 2454
"C:/Users/35695/Downloads/AdvancedGridInventorySyst 5.7/AdvancedGridInventorySyst 5.7/Content/Fantastic_Village_Pack/build/Grass_LayerInfo.uasset" 2455
"C:/Users/35695/Downloads/AdvancedGridInventorySyst 5.7/AdvancedGridInventorySyst 5.7/Content/Fantastic_Village_Pack/build/Grass_LayerInfo.uexp" 2456
"C:/Users/35695/Downloads/AdvancedGridInventorySyst 5.7/AdvancedGridInventorySyst 5.7/Content/Fantastic_Village_Pack/build/Gravel2_LayerInfo.uasset" 2457
"C:/Users/35695/Downloads/AdvancedGridInventorySyst 5.7/AdvancedGridInventorySyst 5.7/Content/Fantastic_Village_Pack/build/Gravel2_LayerInfo.uexp" 2458
"C:/Users/35695/Downloads/AdvancedGridInventorySyst 5.7/AdvancedGridInventorySyst 5.7/Content/Fantastic_Village_Pack/build/Gravel_LayerInfo.uasset" 2459
"C:/Users/35695/Downloads/AdvancedGridInventorySyst 5.7/AdvancedGridInventorySyst 5.7/Content/Fantastic_Village_Pack/build/Gravel_LayerInfo.uexp" 2460
"C:/Users/35695/Downloads/AdvancedGridInventorySyst 5.7/AdvancedGridInventorySyst 5.7/Content/Fantastic_Village_Pack/build/Pavingstone1_LayerInfo.uasset" 2461
"C:/Users/35695/Downloads/AdvancedGridInventorySyst 5.7/AdvancedGridInventorySyst 5.7/Content/Fantastic_Village_Pack/build/Pavingstone1_LayerInfo.uexp" 2462
"C:/Users/35695/Downloads/AdvancedGridInventorySyst 5.7/AdvancedGridInventorySyst 5.7/Content/Fantastic_Village_Pack/build/Pavingstone2_LayerInfo.uasset" 2463
"C:/Users/35695/Downloads/AdvancedGridInventorySyst 5.7/AdvancedGridInventorySyst 5.7/Content/Fantastic_Village_Pack/build/Pavingstone2_LayerInfo.uexp" 2464
"../../../Engine/Content/EngineMaterials/OrientParticle.uasset" 2465
"../../../Engine/Content/EngineMaterials/OrientParticle.uexp" 2466
"../../../Engine/Content/EngineMaterials/DefaultParticle.uasset" 2467
"../../../Engine/Content/EngineMaterials/DefaultParticle.uexp" 2468
"C:/Users/35695/Downloads/AdvancedGridInventorySyst 5.7/AdvancedGridInventorySyst 5.7/Content/Fantastic_Village_Pack/materials/M_FX_windtrail.uasset" 2469
"C:/Users/35695/Downloads/AdvancedGridInventorySyst 5.7/AdvancedGridInventorySyst 5.7/Content/Fantastic_Village_Pack/materials/M_FX_windtrail.uexp" 2470
"C:/Users/35695/Downloads/AdvancedGridInventorySyst 5.7/AdvancedGridInventorySyst 5.7/Content/Fantastic_Village_Pack/effects/PS_FX_particle_windtrail.uasset" 2471
"C:/Users/35695/Downloads/AdvancedGridInventorySyst 5.7/AdvancedGridInventorySyst 5.7/Content/Fantastic_Village_Pack/effects/PS_FX_particle_windtrail.uexp" 2472
"../../../Engine/Content/Functions/Engine_MaterialFunctions02/Utility/VectorToRadialValue.uasset" 2473
"../../../Engine/Content/Functions/Engine_MaterialFunctions02/Utility/VectorToRadialValue.uexp" 2474
"C:/Users/35695/Downloads/AdvancedGridInventorySyst 5.7/AdvancedGridInventorySyst 5.7/Content/Fantastic_Village_Pack/textures/T_FX_water_H.ubulk" 2475
"C:/Users/35695/Downloads/AdvancedGridInventorySyst 5.7/AdvancedGridInventorySyst 5.7/Content/Fantastic_Village_Pack/textures/T_FX_water_H.uasset" 2476
"C:/Users/35695/Downloads/AdvancedGridInventorySyst 5.7/AdvancedGridInventorySyst 5.7/Content/Fantastic_Village_Pack/textures/T_FX_water_H.uexp" 2477
"C:/Users/35695/Downloads/AdvancedGridInventorySyst 5.7/AdvancedGridInventorySyst 5.7/Content/Fantastic_Village_Pack/textures/T_FX_water_N.uasset" 2478
"C:/Users/35695/Downloads/AdvancedGridInventorySyst 5.7/AdvancedGridInventorySyst 5.7/Content/Fantastic_Village_Pack/textures/T_FX_water_N.uexp" 2479
"C:/Users/35695/Downloads/AdvancedGridInventorySyst 5.7/AdvancedGridInventorySyst 5.7/Content/Fantastic_Village_Pack/textures/T_FX_noise.ubulk" 2480
"C:/Users/35695/Downloads/AdvancedGridInventorySyst 5.7/AdvancedGridInventorySyst 5.7/Content/Fantastic_Village_Pack/textures/T_FX_noise.uasset" 2481
"C:/Users/35695/Downloads/AdvancedGridInventorySyst 5.7/AdvancedGridInventorySyst 5.7/Content/Fantastic_Village_Pack/textures/T_FX_noise.uexp" 2482
"C:/Users/35695/Downloads/AdvancedGridInventorySyst 5.7/AdvancedGridInventorySyst 5.7/Content/Fantastic_Village_Pack/materials/master_materials/M_Master_water.uasset" 2483
"C:/Users/35695/Downloads/AdvancedGridInventorySyst 5.7/AdvancedGridInventorySyst 5.7/Content/Fantastic_Village_Pack/materials/master_materials/M_Master_water.uexp" 2484
"C:/Users/35695/Downloads/AdvancedGridInventorySyst 5.7/AdvancedGridInventorySyst 5.7/Content/Fantastic_Village_Pack/materials/MI_ENV_water.uasset" 2485
"C:/Users/35695/Downloads/AdvancedGridInventorySyst 5.7/AdvancedGridInventorySyst 5.7/Content/Fantastic_Village_Pack/materials/MI_ENV_water.uexp" 2486
"C:/Users/35695/Downloads/AdvancedGridInventorySyst 5.7/AdvancedGridInventorySyst 5.7/Content/Fantastic_Village_Pack/textures/T_ENV_farmfield_BC.ubulk" 2487
"C:/Users/35695/Downloads/AdvancedGridInventorySyst 5.7/AdvancedGridInventorySyst 5.7/Content/Fantastic_Village_Pack/textures/T_ENV_farmfield_BC.uasset" 2488
"C:/Users/35695/Downloads/AdvancedGridInventorySyst 5.7/AdvancedGridInventorySyst 5.7/Content/Fantastic_Village_Pack/textures/T_ENV_farmfield_BC.uexp" 2489
"C:/Users/35695/Downloads/AdvancedGridInventorySyst 5.7/AdvancedGridInventorySyst 5.7/Content/Fantastic_Village_Pack/textures/T_ENV_farmfield_N.ubulk" 2490
"C:/Users/35695/Downloads/AdvancedGridInventorySyst 5.7/AdvancedGridInventorySyst 5.7/Content/Fantastic_Village_Pack/textures/T_ENV_farmfield_N.uasset" 2491
"C:/Users/35695/Downloads/AdvancedGridInventorySyst 5.7/AdvancedGridInventorySyst 5.7/Content/Fantastic_Village_Pack/textures/T_ENV_farmfield_N.uexp" 2492
"C:/Users/35695/Downloads/AdvancedGridInventorySyst 5.7/AdvancedGridInventorySyst 5.7/Content/Fantastic_Village_Pack/textures/T_ENV_pavingstone_01_BC.ubulk" 2493
"C:/Users/35695/Downloads/AdvancedGridInventorySyst 5.7/AdvancedGridInventorySyst 5.7/Content/Fantastic_Village_Pack/textures/T_ENV_pavingstone_01_BC.uasset" 2494
"C:/Users/35695/Downloads/AdvancedGridInventorySyst 5.7/AdvancedGridInventorySyst 5.7/Content/Fantastic_Village_Pack/textures/T_ENV_pavingstone_01_BC.uexp" 2495
"C:/Users/35695/Downloads/AdvancedGridInventorySyst 5.7/AdvancedGridInventorySyst 5.7/Content/Fantastic_Village_Pack/textures/T_ENV_pavingstone_01_N.ubulk" 2496
"C:/Users/35695/Downloads/AdvancedGridInventorySyst 5.7/AdvancedGridInventorySyst 5.7/Content/Fantastic_Village_Pack/textures/T_ENV_pavingstone_01_N.uasset" 2497
"C:/Users/35695/Downloads/AdvancedGridInventorySyst 5.7/AdvancedGridInventorySyst 5.7/Content/Fantastic_Village_Pack/textures/T_ENV_pavingstone_01_N.uexp" 2498
"C:/Users/35695/Downloads/AdvancedGridInventorySyst 5.7/AdvancedGridInventorySyst 5.7/Content/Fantastic_Village_Pack/textures/T_ENV_pavingstone_02_BC.ubulk" 2499
"C:/Users/35695/Downloads/AdvancedGridInventorySyst 5.7/AdvancedGridInventorySyst 5.7/Content/Fantastic_Village_Pack/textures/T_ENV_pavingstone_02_BC.uasset" 2500
"C:/Users/35695/Downloads/AdvancedGridInventorySyst 5.7/AdvancedGridInventorySyst 5.7/Content/Fantastic_Village_Pack/textures/T_ENV_pavingstone_02_BC.uexp" 2501
"C:/Users/35695/Downloads/AdvancedGridInventorySyst 5.7/AdvancedGridInventorySyst 5.7/Content/Fantastic_Village_Pack/textures/T_ENV_pavingstone_02_N.ubulk" 2502
"C:/Users/35695/Downloads/AdvancedGridInventorySyst 5.7/AdvancedGridInventorySyst 5.7/Content/Fantastic_Village_Pack/textures/T_ENV_pavingstone_02_N.uasset" 2503
"C:/Users/35695/Downloads/AdvancedGridInventorySyst 5.7/AdvancedGridInventorySyst 5.7/Content/Fantastic_Village_Pack/textures/T_ENV_pavingstone_02_N.uexp" 2504
"C:/Users/35695/Downloads/AdvancedGridInventorySyst 5.7/AdvancedGridInventorySyst 5.7/Content/Fantastic_Village_Pack/textures/T_ENV_TERRAIN_grass_01_BC.ubulk" 2505
"C:/Users/35695/Downloads/AdvancedGridInventorySyst 5.7/AdvancedGridInventorySyst 5.7/Content/Fantastic_Village_Pack/textures/T_ENV_TERRAIN_grass_01_BC.uasset" 2506
"C:/Users/35695/Downloads/AdvancedGridInventorySyst 5.7/AdvancedGridInventorySyst 5.7/Content/Fantastic_Village_Pack/textures/T_ENV_TERRAIN_grass_01_BC.uexp" 2507
"C:/Users/35695/Downloads/AdvancedGridInventorySyst 5.7/AdvancedGridInventorySyst 5.7/Content/Fantastic_Village_Pack/textures/T_ENV_TERRAIN_grass_01_N.ubulk" 2508
"C:/Users/35695/Downloads/AdvancedGridInventorySyst 5.7/AdvancedGridInventorySyst 5.7/Content/Fantastic_Village_Pack/textures/T_ENV_TERRAIN_grass_01_N.uasset" 2509
"C:/Users/35695/Downloads/AdvancedGridInventorySyst 5.7/AdvancedGridInventorySyst 5.7/Content/Fantastic_Village_Pack/textures/T_ENV_TERRAIN_grass_01_N.uexp" 2510
"C:/Users/35695/Downloads/AdvancedGridInventorySyst 5.7/AdvancedGridInventorySyst 5.7/Content/Fantastic_Village_Pack/textures/T_ENV_TERRAIN_gravel_02_BC.ubulk" 2511
"C:/Users/35695/Downloads/AdvancedGridInventorySyst 5.7/AdvancedGridInventorySyst 5.7/Content/Fantastic_Village_Pack/textures/T_ENV_TERRAIN_gravel_02_BC.uasset" 2512
"C:/Users/35695/Downloads/AdvancedGridInventorySyst 5.7/AdvancedGridInventorySyst 5.7/Content/Fantastic_Village_Pack/textures/T_ENV_TERRAIN_gravel_02_BC.uexp" 2513
"C:/Users/35695/Downloads/AdvancedGridInventorySyst 5.7/AdvancedGridInventorySyst 5.7/Content/Fantastic_Village_Pack/textures/T_ENV_TERRAIN_gravel_02_N.ubulk" 2514
"C:/Users/35695/Downloads/AdvancedGridInventorySyst 5.7/AdvancedGridInventorySyst 5.7/Content/Fantastic_Village_Pack/textures/T_ENV_TERRAIN_gravel_02_N.uasset" 2515
"C:/Users/35695/Downloads/AdvancedGridInventorySyst 5.7/AdvancedGridInventorySyst 5.7/Content/Fantastic_Village_Pack/textures/T_ENV_TERRAIN_gravel_02_N.uexp" 2516
"C:/Users/35695/Downloads/AdvancedGridInventorySyst 5.7/AdvancedGridInventorySyst 5.7/Content/Fantastic_Village_Pack/materials/master_materials/M_Master_landscape.uasset" 2517
"C:/Users/35695/Downloads/AdvancedGridInventorySyst 5.7/AdvancedGridInventorySyst 5.7/Content/Fantastic_Village_Pack/materials/master_materials/M_Master_landscape.uexp" 2518
"C:/Users/35695/Downloads/AdvancedGridInventorySyst 5.7/AdvancedGridInventorySyst 5.7/Content/Fantastic_Village_Pack/materials/MI_landscape.uasset" 2519
"C:/Users/35695/Downloads/AdvancedGridInventorySyst 5.7/AdvancedGridInventorySyst 5.7/Content/Fantastic_Village_Pack/materials/MI_landscape.uexp" 2520
"C:/Users/35695/Downloads/AdvancedGridInventorySyst 5.7/AdvancedGridInventorySyst 5.7/Content/Fantastic_Village_Pack/textures/T_ENV_SKYBOX_01.uexp" 2521
"C:/Users/35695/Downloads/AdvancedGridInventorySyst 5.7/AdvancedGridInventorySyst 5.7/Content/Fantastic_Village_Pack/textures/T_ENV_SKYBOX_01.ubulk" 2522
"C:/Users/35695/Downloads/AdvancedGridInventorySyst 5.7/AdvancedGridInventorySyst 5.7/Content/Fantastic_Village_Pack/textures/T_ENV_SKYBOX_01.uasset" 2523
"C:/Users/35695/Downloads/AdvancedGridInventorySyst 5.7/AdvancedGridInventorySyst 5.7/Content/Fantastic_Village_Pack/textures/T_ENV_SKYBOX_01.uptnl" 2524
"C:/Users/35695/Downloads/AdvancedGridInventorySyst 5.7/AdvancedGridInventorySyst 5.7/Content/Fantastic_Village_Pack/textures/T_ENV_SKYBOX_02.uexp" 2525
"C:/Users/35695/Downloads/AdvancedGridInventorySyst 5.7/AdvancedGridInventorySyst 5.7/Content/Fantastic_Village_Pack/textures/T_ENV_SKYBOX_02.ubulk" 2526
"C:/Users/35695/Downloads/AdvancedGridInventorySyst 5.7/AdvancedGridInventorySyst 5.7/Content/Fantastic_Village_Pack/textures/T_ENV_SKYBOX_02.uasset" 2527
"C:/Users/35695/Downloads/AdvancedGridInventorySyst 5.7/AdvancedGridInventorySyst 5.7/Content/Fantastic_Village_Pack/textures/T_ENV_SKYBOX_02.uptnl" 2528
"C:/Users/35695/Downloads/AdvancedGridInventorySyst 5.7/AdvancedGridInventorySyst 5.7/Content/Fantastic_Village_Pack/materials/master_materials/M_Master_skybox_day.uasset" 2529
"C:/Users/35695/Downloads/AdvancedGridInventorySyst 5.7/AdvancedGridInventorySyst 5.7/Content/Fantastic_Village_Pack/materials/master_materials/M_Master_skybox_day.uexp" 2530
"C:/Users/35695/Downloads/AdvancedGridInventorySyst 5.7/AdvancedGridInventorySyst 5.7/Content/Fantastic_Village_Pack/materials/MI_skybox_day.uasset" 2531
"C:/Users/35695/Downloads/AdvancedGridInventorySyst 5.7/AdvancedGridInventorySyst 5.7/Content/Fantastic_Village_Pack/materials/MI_skybox_day.uexp" 2532
"C:/Users/35695/Downloads/AdvancedGridInventorySyst 5.7/AdvancedGridInventorySyst 5.7/Content/Fantastic_Village_Pack/materials/MI_FX_fire.uasset" 2533
"C:/Users/35695/Downloads/AdvancedGridInventorySyst 5.7/AdvancedGridInventorySyst 5.7/Content/Fantastic_Village_Pack/materials/MI_FX_fire.uexp" 2534
"C:/Users/35695/Downloads/AdvancedGridInventorySyst 5.7/AdvancedGridInventorySyst 5.7/Content/Fantastic_Village_Pack/effects/PS_FX_fire_1.uasset" 2535
"C:/Users/35695/Downloads/AdvancedGridInventorySyst 5.7/AdvancedGridInventorySyst 5.7/Content/Fantastic_Village_Pack/effects/PS_FX_fire_1.uexp" 2536
"C:/Users/35695/Downloads/AdvancedGridInventorySyst 5.7/AdvancedGridInventorySyst 5.7/Content/Fantastic_Village_Pack/textures/T_ember_BC.ubulk" 2537
"C:/Users/35695/Downloads/AdvancedGridInventorySyst 5.7/AdvancedGridInventorySyst 5.7/Content/Fantastic_Village_Pack/textures/T_ember_BC.uasset" 2538
"C:/Users/35695/Downloads/AdvancedGridInventorySyst 5.7/AdvancedGridInventorySyst 5.7/Content/Fantastic_Village_Pack/textures/T_ember_BC.uexp" 2539
"C:/Users/35695/Downloads/AdvancedGridInventorySyst 5.7/AdvancedGridInventorySyst 5.7/Content/Fantastic_Village_Pack/textures/T_ember_E.ubulk" 2540
"C:/Users/35695/Downloads/AdvancedGridInventorySyst 5.7/AdvancedGridInventorySyst 5.7/Content/Fantastic_Village_Pack/textures/T_ember_E.uasset" 2541
"C:/Users/35695/Downloads/AdvancedGridInventorySyst 5.7/AdvancedGridInventorySyst 5.7/Content/Fantastic_Village_Pack/textures/T_ember_E.uexp" 2542
"C:/Users/35695/Downloads/AdvancedGridInventorySyst 5.7/AdvancedGridInventorySyst 5.7/Content/Fantastic_Village_Pack/materials/master_materials/M_Master_opaque_emissive.uasset" 2543
"C:/Users/35695/Downloads/AdvancedGridInventorySyst 5.7/AdvancedGridInventorySyst 5.7/Content/Fantastic_Village_Pack/materials/master_materials/M_Master_opaque_emissive.uexp" 2544
"C:/Users/35695/Downloads/AdvancedGridInventorySyst 5.7/AdvancedGridInventorySyst 5.7/Content/Fantastic_Village_Pack/materials/MI_ember.uasset" 2545
"C:/Users/35695/Downloads/AdvancedGridInventorySyst 5.7/AdvancedGridInventorySyst 5.7/Content/Fantastic_Village_Pack/materials/MI_ember.uexp" 2546
"C:/Users/35695/Downloads/AdvancedGridInventorySyst 5.7/AdvancedGridInventorySyst 5.7/Content/Fantastic_Village_Pack/textures/T_PROP_wood_log_burn.ubulk" 2547
"C:/Users/35695/Downloads/AdvancedGridInventorySyst 5.7/AdvancedGridInventorySyst 5.7/Content/Fantastic_Village_Pack/textures/T_PROP_wood_log_burn.uasset" 2548
"C:/Users/35695/Downloads/AdvancedGridInventorySyst 5.7/AdvancedGridInventorySyst 5.7/Content/Fantastic_Village_Pack/textures/T_PROP_wood_log_burn.uexp" 2549
"C:/Users/35695/Downloads/AdvancedGridInventorySyst 5.7/AdvancedGridInventorySyst 5.7/Content/Fantastic_Village_Pack/textures/T_PROP_wood_log_burn_E.ubulk" 2550
"C:/Users/35695/Downloads/AdvancedGridInventorySyst 5.7/AdvancedGridInventorySyst 5.7/Content/Fantastic_Village_Pack/textures/T_PROP_wood_log_burn_E.uasset" 2551
"C:/Users/35695/Downloads/AdvancedGridInventorySyst 5.7/AdvancedGridInventorySyst 5.7/Content/Fantastic_Village_Pack/textures/T_PROP_wood_log_burn_E.uexp" 2552
"C:/Users/35695/Downloads/AdvancedGridInventorySyst 5.7/AdvancedGridInventorySyst 5.7/Content/Fantastic_Village_Pack/materials/MI_PROP_wood_log_burn.uasset" 2553
"C:/Users/35695/Downloads/AdvancedGridInventorySyst 5.7/AdvancedGridInventorySyst 5.7/Content/Fantastic_Village_Pack/materials/MI_PROP_wood_log_burn.uexp" 2554
"C:/Users/35695/Downloads/AdvancedGridInventorySyst 5.7/AdvancedGridInventorySyst 5.7/Content/Fantastic_Village_Pack/meshes/props/light/SM_PROP_brazier_01.ubulk" 2555
"C:/Users/35695/Downloads/AdvancedGridInventorySyst 5.7/AdvancedGridInventorySyst 5.7/Content/Fantastic_Village_Pack/meshes/props/light/SM_PROP_brazier_01.uasset" 2556
"C:/Users/35695/Downloads/AdvancedGridInventorySyst 5.7/AdvancedGridInventorySyst 5.7/Content/Fantastic_Village_Pack/meshes/props/light/SM_PROP_brazier_01.uexp" 2557
"C:/Users/35695/Downloads/AdvancedGridInventorySyst 5.7/AdvancedGridInventorySyst 5.7/Content/Fantastic_Village_Pack/blueprints/props/BP_PROP_brazier_01.uasset" 2558
"C:/Users/35695/Downloads/AdvancedGridInventorySyst 5.7/AdvancedGridInventorySyst 5.7/Content/Fantastic_Village_Pack/blueprints/props/BP_PROP_brazier_01.uexp" 2559
"C:/Users/35695/Downloads/AdvancedGridInventorySyst 5.7/AdvancedGridInventorySyst 5.7/Content/Fantastic_Village_Pack/textures/T_chains.ubulk" 2560
"C:/Users/35695/Downloads/AdvancedGridInventorySyst 5.7/AdvancedGridInventorySyst 5.7/Content/Fantastic_Village_Pack/textures/T_chains.uasset" 2561
"C:/Users/35695/Downloads/AdvancedGridInventorySyst 5.7/AdvancedGridInventorySyst 5.7/Content/Fantastic_Village_Pack/textures/T_chains.uexp" 2562
"C:/Users/35695/Downloads/AdvancedGridInventorySyst 5.7/AdvancedGridInventorySyst 5.7/Content/Fantastic_Village_Pack/materials/MI_PROP_chains.uasset" 2563
"C:/Users/35695/Downloads/AdvancedGridInventorySyst 5.7/AdvancedGridInventorySyst 5.7/Content/Fantastic_Village_Pack/materials/MI_PROP_chains.uexp" 2564
"C:/Users/35695/Downloads/AdvancedGridInventorySyst 5.7/AdvancedGridInventorySyst 5.7/Content/Fantastic_Village_Pack/meshes/props/light/SM_PROP_brazier_04.ubulk" 2565
"C:/Users/35695/Downloads/AdvancedGridInventorySyst 5.7/AdvancedGridInventorySyst 5.7/Content/Fantastic_Village_Pack/meshes/props/light/SM_PROP_brazier_04.uasset" 2566
"C:/Users/35695/Downloads/AdvancedGridInventorySyst 5.7/AdvancedGridInventorySyst 5.7/Content/Fantastic_Village_Pack/meshes/props/light/SM_PROP_brazier_04.uexp" 2567
"C:/Users/35695/Downloads/AdvancedGridInventorySyst 5.7/AdvancedGridInventorySyst 5.7/Content/Fantastic_Village_Pack/blueprints/props/BP_PROP_brazier_04.uasset" 2568
"C:/Users/35695/Downloads/AdvancedGridInventorySyst 5.7/AdvancedGridInventorySyst 5.7/Content/Fantastic_Village_Pack/blueprints/props/BP_PROP_brazier_04.uexp" 2569
"C:/Users/35695/Downloads/AdvancedGridInventorySyst 5.7/AdvancedGridInventorySyst 5.7/Content/Fantastic_Village_Pack/effects/PS_FX_fire_2.uasset" 2570
"C:/Users/35695/Downloads/AdvancedGridInventorySyst 5.7/AdvancedGridInventorySyst 5.7/Content/Fantastic_Village_Pack/effects/PS_FX_fire_2.uexp" 2571
"C:/Users/35695/Downloads/AdvancedGridInventorySyst 5.7/AdvancedGridInventorySyst 5.7/Content/Fantastic_Village_Pack/meshes/props/light/SM_PROP_brazier_05.ubulk" 2572
"C:/Users/35695/Downloads/AdvancedGridInventorySyst 5.7/AdvancedGridInventorySyst 5.7/Content/Fantastic_Village_Pack/meshes/props/light/SM_PROP_brazier_05.uasset" 2573
"C:/Users/35695/Downloads/AdvancedGridInventorySyst 5.7/AdvancedGridInventorySyst 5.7/Content/Fantastic_Village_Pack/meshes/props/light/SM_PROP_brazier_05.uexp" 2574
"C:/Users/35695/Downloads/AdvancedGridInventorySyst 5.7/AdvancedGridInventorySyst 5.7/Content/Fantastic_Village_Pack/blueprints/props/BP_PROP_brazier_05.uasset" 2575
"C:/Users/35695/Downloads/AdvancedGridInventorySyst 5.7/AdvancedGridInventorySyst 5.7/Content/Fantastic_Village_Pack/blueprints/props/BP_PROP_brazier_05.uexp" 2576
"C:/Users/35695/Downloads/AdvancedGridInventorySyst 5.7/AdvancedGridInventorySyst 5.7/Content/Fantastic_Village_Pack/textures/T_wood_planks_06_BC.ubulk" 2577
"C:/Users/35695/Downloads/AdvancedGridInventorySyst 5.7/AdvancedGridInventorySyst 5.7/Content/Fantastic_Village_Pack/textures/T_wood_planks_06_BC.uasset" 2578
"C:/Users/35695/Downloads/AdvancedGridInventorySyst 5.7/AdvancedGridInventorySyst 5.7/Content/Fantastic_Village_Pack/textures/T_wood_planks_06_BC.uexp" 2579
"C:/Users/35695/Downloads/AdvancedGridInventorySyst 5.7/AdvancedGridInventorySyst 5.7/Content/Fantastic_Village_Pack/materials/MI_wood_planks_06.uasset" 2580
"C:/Users/35695/Downloads/AdvancedGridInventorySyst 5.7/AdvancedGridInventorySyst 5.7/Content/Fantastic_Village_Pack/materials/MI_wood_planks_06.uexp" 2581
"C:/Users/35695/Downloads/AdvancedGridInventorySyst 5.7/AdvancedGridInventorySyst 5.7/Content/Fantastic_Village_Pack/meshes/props/container/SM_PROP_bucket_04.ubulk" 2582
"C:/Users/35695/Downloads/AdvancedGridInventorySyst 5.7/AdvancedGridInventorySyst 5.7/Content/Fantastic_Village_Pack/meshes/props/container/SM_PROP_bucket_04.uasset" 2583
"C:/Users/35695/Downloads/AdvancedGridInventorySyst 5.7/AdvancedGridInventorySyst 5.7/Content/Fantastic_Village_Pack/meshes/props/container/SM_PROP_bucket_04.uexp" 2584
"C:/Users/35695/Downloads/AdvancedGridInventorySyst 5.7/AdvancedGridInventorySyst 5.7/Content/Fantastic_Village_Pack/meshes/props/container/SM_PROP_bucket_04_handle.ubulk" 2585
"C:/Users/35695/Downloads/AdvancedGridInventorySyst 5.7/AdvancedGridInventorySyst 5.7/Content/Fantastic_Village_Pack/meshes/props/container/SM_PROP_bucket_04_handle.uasset" 2586
"C:/Users/35695/Downloads/AdvancedGridInventorySyst 5.7/AdvancedGridInventorySyst 5.7/Content/Fantastic_Village_Pack/meshes/props/container/SM_PROP_bucket_04_handle.uexp" 2587
"C:/Users/35695/Downloads/AdvancedGridInventorySyst 5.7/AdvancedGridInventorySyst 5.7/Content/Fantastic_Village_Pack/blueprints/props/BP_PROP_bucket_04.uasset" 2588
"C:/Users/35695/Downloads/AdvancedGridInventorySyst 5.7/AdvancedGridInventorySyst 5.7/Content/Fantastic_Village_Pack/blueprints/props/BP_PROP_bucket_04.uexp" 2589
"C:/Users/35695/Downloads/AdvancedGridInventorySyst 5.7/AdvancedGridInventorySyst 5.7/Content/Fantastic_Village_Pack/meshes/props/light/SM_PROP_campfire.ubulk" 2590
"C:/Users/35695/Downloads/AdvancedGridInventorySyst 5.7/AdvancedGridInventorySyst 5.7/Content/Fantastic_Village_Pack/meshes/props/light/SM_PROP_campfire.uasset" 2591
"C:/Users/35695/Downloads/AdvancedGridInventorySyst 5.7/AdvancedGridInventorySyst 5.7/Content/Fantastic_Village_Pack/meshes/props/light/SM_PROP_campfire.uexp" 2592
"C:/Users/35695/Downloads/AdvancedGridInventorySyst 5.7/AdvancedGridInventorySyst 5.7/Content/Fantastic_Village_Pack/blueprints/props/BP_PROP_campfire_01.uasset" 2593
"C:/Users/35695/Downloads/AdvancedGridInventorySyst 5.7/AdvancedGridInventorySyst 5.7/Content/Fantastic_Village_Pack/blueprints/props/BP_PROP_campfire_01.uexp" 2594
"C:/Users/35695/Downloads/AdvancedGridInventorySyst 5.7/AdvancedGridInventorySyst 5.7/Content/Fantastic_Village_Pack/meshes/props/vehicles/SM_PROP_cart_01.ubulk" 2595
"C:/Users/35695/Downloads/AdvancedGridInventorySyst 5.7/AdvancedGridInventorySyst 5.7/Content/Fantastic_Village_Pack/meshes/props/vehicles/SM_PROP_cart_01.uasset" 2596
"C:/Users/35695/Downloads/AdvancedGridInventorySyst 5.7/AdvancedGridInventorySyst 5.7/Content/Fantastic_Village_Pack/meshes/props/vehicles/SM_PROP_cart_01.uexp" 2597
"C:/Users/35695/Downloads/AdvancedGridInventorySyst 5.7/AdvancedGridInventorySyst 5.7/Content/Fantastic_Village_Pack/meshes/props/vehicles/SM_PROP_cart_wheel_small_L.ubulk" 2598
"C:/Users/35695/Downloads/AdvancedGridInventorySyst 5.7/AdvancedGridInventorySyst 5.7/Content/Fantastic_Village_Pack/meshes/props/vehicles/SM_PROP_cart_wheel_small_L.uasset" 2599
"C:/Users/35695/Downloads/AdvancedGridInventorySyst 5.7/AdvancedGridInventorySyst 5.7/Content/Fantastic_Village_Pack/meshes/props/vehicles/SM_PROP_cart_wheel_small_L.uexp" 2600
"C:/Users/35695/Downloads/AdvancedGridInventorySyst 5.7/AdvancedGridInventorySyst 5.7/Content/Fantastic_Village_Pack/meshes/props/vehicles/SM_PROP_cart_wheel_small_R.ubulk" 2601
"C:/Users/35695/Downloads/AdvancedGridInventorySyst 5.7/AdvancedGridInventorySyst 5.7/Content/Fantastic_Village_Pack/meshes/props/vehicles/SM_PROP_cart_wheel_small_R.uasset" 2602
"C:/Users/35695/Downloads/AdvancedGridInventorySyst 5.7/AdvancedGridInventorySyst 5.7/Content/Fantastic_Village_Pack/meshes/props/vehicles/SM_PROP_cart_wheel_small_R.uexp" 2603
"C:/Users/35695/Downloads/AdvancedGridInventorySyst 5.7/AdvancedGridInventorySyst 5.7/Content/Fantastic_Village_Pack/blueprints/props/BP_PROP_cart_01.uasset" 2604
"C:/Users/35695/Downloads/AdvancedGridInventorySyst 5.7/AdvancedGridInventorySyst 5.7/Content/Fantastic_Village_Pack/blueprints/props/BP_PROP_cart_01.uexp" 2605
"C:/Users/35695/Downloads/AdvancedGridInventorySyst 5.7/AdvancedGridInventorySyst 5.7/Content/Fantastic_Village_Pack/meshes/props/vehicles/SM_PROP_cart_02.ubulk" 2606
"C:/Users/35695/Downloads/AdvancedGridInventorySyst 5.7/AdvancedGridInventorySyst 5.7/Content/Fantastic_Village_Pack/meshes/props/vehicles/SM_PROP_cart_02.uasset" 2607
"C:/Users/35695/Downloads/AdvancedGridInventorySyst 5.7/AdvancedGridInventorySyst 5.7/Content/Fantastic_Village_Pack/meshes/props/vehicles/SM_PROP_cart_02.uexp" 2608
"C:/Users/35695/Downloads/AdvancedGridInventorySyst 5.7/AdvancedGridInventorySyst 5.7/Content/Fantastic_Village_Pack/meshes/props/vehicles/SM_PROP_cart_wheel_big_L_02.ubulk" 2609
"C:/Users/35695/Downloads/AdvancedGridInventorySyst 5.7/AdvancedGridInventorySyst 5.7/Content/Fantastic_Village_Pack/meshes/props/vehicles/SM_PROP_cart_wheel_big_L_02.uasset" 2610
"C:/Users/35695/Downloads/AdvancedGridInventorySyst 5.7/AdvancedGridInventorySyst 5.7/Content/Fantastic_Village_Pack/meshes/props/vehicles/SM_PROP_cart_wheel_big_L_02.uexp" 2611
"C:/Users/35695/Downloads/AdvancedGridInventorySyst 5.7/AdvancedGridInventorySyst 5.7/Content/Fantastic_Village_Pack/meshes/props/vehicles/SM_PROP_cart_wheel_big_R_02.ubulk" 2612
"C:/Users/35695/Downloads/AdvancedGridInventorySyst 5.7/AdvancedGridInventorySyst 5.7/Content/Fantastic_Village_Pack/meshes/props/vehicles/SM_PROP_cart_wheel_big_R_02.uasset" 2613
"C:/Users/35695/Downloads/AdvancedGridInventorySyst 5.7/AdvancedGridInventorySyst 5.7/Content/Fantastic_Village_Pack/meshes/props/vehicles/SM_PROP_cart_wheel_big_R_02.uexp" 2614
"C:/Users/35695/Downloads/AdvancedGridInventorySyst 5.7/AdvancedGridInventorySyst 5.7/Content/Fantastic_Village_Pack/blueprints/props/BP_PROP_cart_02.uasset" 2615
"C:/Users/35695/Downloads/AdvancedGridInventorySyst 5.7/AdvancedGridInventorySyst 5.7/Content/Fantastic_Village_Pack/blueprints/props/BP_PROP_cart_02.uexp" 2616
"C:/Users/35695/Downloads/AdvancedGridInventorySyst 5.7/AdvancedGridInventorySyst 5.7/Content/Fantastic_Village_Pack/meshes/props/vehicles/SM_PROP_cart_03.ubulk" 2617
"C:/Users/35695/Downloads/AdvancedGridInventorySyst 5.7/AdvancedGridInventorySyst 5.7/Content/Fantastic_Village_Pack/meshes/props/vehicles/SM_PROP_cart_03.uasset" 2618
"C:/Users/35695/Downloads/AdvancedGridInventorySyst 5.7/AdvancedGridInventorySyst 5.7/Content/Fantastic_Village_Pack/meshes/props/vehicles/SM_PROP_cart_03.uexp" 2619
"C:/Users/35695/Downloads/AdvancedGridInventorySyst 5.7/AdvancedGridInventorySyst 5.7/Content/Fantastic_Village_Pack/blueprints/props/BP_PROP_cart_03.uasset" 2620
"C:/Users/35695/Downloads/AdvancedGridInventorySyst 5.7/AdvancedGridInventorySyst 5.7/Content/Fantastic_Village_Pack/blueprints/props/BP_PROP_cart_03.uexp" 2621
"C:/Users/35695/Downloads/AdvancedGridInventorySyst 5.7/AdvancedGridInventorySyst 5.7/Content/Fantastic_Village_Pack/meshes/props/container/SM_PROP_coffin.ubulk" 2622
"C:/Users/35695/Downloads/AdvancedGridInventorySyst 5.7/AdvancedGridInventorySyst 5.7/Content/Fantastic_Village_Pack/meshes/props/container/SM_PROP_coffin.uasset" 2623
"C:/Users/35695/Downloads/AdvancedGridInventorySyst 5.7/AdvancedGridInventorySyst 5.7/Content/Fantastic_Village_Pack/meshes/props/container/SM_PROP_coffin.uexp" 2624
"C:/Users/35695/Downloads/AdvancedGridInventorySyst 5.7/AdvancedGridInventorySyst 5.7/Content/Fantastic_Village_Pack/meshes/props/container/SM_PROP_coffin_lid.ubulk" 2625
"C:/Users/35695/Downloads/AdvancedGridInventorySyst 5.7/AdvancedGridInventorySyst 5.7/Content/Fantastic_Village_Pack/meshes/props/container/SM_PROP_coffin_lid.uasset" 2626
"C:/Users/35695/Downloads/AdvancedGridInventorySyst 5.7/AdvancedGridInventorySyst 5.7/Content/Fantastic_Village_Pack/meshes/props/container/SM_PROP_coffin_lid.uexp" 2627
"C:/Users/35695/Downloads/AdvancedGridInventorySyst 5.7/AdvancedGridInventorySyst 5.7/Content/Fantastic_Village_Pack/blueprints/props/BP_PROP_coffin.uasset" 2628
"C:/Users/35695/Downloads/AdvancedGridInventorySyst 5.7/AdvancedGridInventorySyst 5.7/Content/Fantastic_Village_Pack/blueprints/props/BP_PROP_coffin.uexp" 2629
"C:/Users/35695/Downloads/AdvancedGridInventorySyst 5.7/AdvancedGridInventorySyst 5.7/Content/Fantastic_Village_Pack/textures/T_food.ubulk" 2630
"C:/Users/35695/Downloads/AdvancedGridInventorySyst 5.7/AdvancedGridInventorySyst 5.7/Content/Fantastic_Village_Pack/textures/T_food.uasset" 2631
"C:/Users/35695/Downloads/AdvancedGridInventorySyst 5.7/AdvancedGridInventorySyst 5.7/Content/Fantastic_Village_Pack/textures/T_food.uexp" 2632
"C:/Users/35695/Downloads/AdvancedGridInventorySyst 5.7/AdvancedGridInventorySyst 5.7/Content/Fantastic_Village_Pack/materials/MI_PROP_food.uasset" 2633
"C:/Users/35695/Downloads/AdvancedGridInventorySyst 5.7/AdvancedGridInventorySyst 5.7/Content/Fantastic_Village_Pack/materials/MI_PROP_food.uexp" 2634
"C:/Users/35695/Downloads/AdvancedGridInventorySyst 5.7/AdvancedGridInventorySyst 5.7/Content/Fantastic_Village_Pack/meshes/props/food/SM_PROP_cookingpot_small.ubulk" 2635
"C:/Users/35695/Downloads/AdvancedGridInventorySyst 5.7/AdvancedGridInventorySyst 5.7/Content/Fantastic_Village_Pack/meshes/props/food/SM_PROP_cookingpot_small.uasset" 2636
"C:/Users/35695/Downloads/AdvancedGridInventorySyst 5.7/AdvancedGridInventorySyst 5.7/Content/Fantastic_Village_Pack/meshes/props/food/SM_PROP_cookingpot_small.uexp" 2637
"C:/Users/35695/Downloads/AdvancedGridInventorySyst 5.7/AdvancedGridInventorySyst 5.7/Content/Fantastic_Village_Pack/meshes/props/food/SM_PROP_cookingpot_small_handle.ubulk" 2638
"C:/Users/35695/Downloads/AdvancedGridInventorySyst 5.7/AdvancedGridInventorySyst 5.7/Content/Fantastic_Village_Pack/meshes/props/food/SM_PROP_cookingpot_small_handle.uasset" 2639
"C:/Users/35695/Downloads/AdvancedGridInventorySyst 5.7/AdvancedGridInventorySyst 5.7/Content/Fantastic_Village_Pack/meshes/props/food/SM_PROP_cookingpot_small_handle.uexp" 2640
"C:/Users/35695/Downloads/AdvancedGridInventorySyst 5.7/AdvancedGridInventorySyst 5.7/Content/Fantastic_Village_Pack/blueprints/props/BP_PROP_cookingpot_small_Blueprint.uasset" 2641
"C:/Users/35695/Downloads/AdvancedGridInventorySyst 5.7/AdvancedGridInventorySyst 5.7/Content/Fantastic_Village_Pack/blueprints/props/BP_PROP_cookingpot_small_Blueprint.uexp" 2642
"C:/Users/35695/Downloads/AdvancedGridInventorySyst 5.7/AdvancedGridInventorySyst 5.7/Content/Fantastic_Village_Pack/meshes/props/construction/SM_PROP_fence_door.ubulk" 2643
"C:/Users/35695/Downloads/AdvancedGridInventorySyst 5.7/AdvancedGridInventorySyst 5.7/Content/Fantastic_Village_Pack/meshes/props/construction/SM_PROP_fence_door.uasset" 2644
"C:/Users/35695/Downloads/AdvancedGridInventorySyst 5.7/AdvancedGridInventorySyst 5.7/Content/Fantastic_Village_Pack/meshes/props/construction/SM_PROP_fence_door.uexp" 2645
"C:/Users/35695/Downloads/AdvancedGridInventorySyst 5.7/AdvancedGridInventorySyst 5.7/Content/Fantastic_Village_Pack/meshes/props/construction/SM_PROP_fence_door_gate.ubulk" 2646
"C:/Users/35695/Downloads/AdvancedGridInventorySyst 5.7/AdvancedGridInventorySyst 5.7/Content/Fantastic_Village_Pack/meshes/props/construction/SM_PROP_fence_door_gate.uasset" 2647
"C:/Users/35695/Downloads/AdvancedGridInventorySyst 5.7/AdvancedGridInventorySyst 5.7/Content/Fantastic_Village_Pack/meshes/props/construction/SM_PROP_fence_door_gate.uexp" 2648
"C:/Users/35695/Downloads/AdvancedGridInventorySyst 5.7/AdvancedGridInventorySyst 5.7/Content/Fantastic_Village_Pack/blueprints/props/BP_PROP_fence_gate.uasset" 2649
"C:/Users/35695/Downloads/AdvancedGridInventorySyst 5.7/AdvancedGridInventorySyst 5.7/Content/Fantastic_Village_Pack/blueprints/props/BP_PROP_fence_gate.uexp" 2650
"C:/Users/35695/Downloads/AdvancedGridInventorySyst 5.7/AdvancedGridInventorySyst 5.7/Content/Fantastic_Village_Pack/meshes/props/deco/SM_PROP_firepit.ubulk" 2651
"C:/Users/35695/Downloads/AdvancedGridInventorySyst 5.7/AdvancedGridInventorySyst 5.7/Content/Fantastic_Village_Pack/meshes/props/deco/SM_PROP_firepit.uasset" 2652
"C:/Users/35695/Downloads/AdvancedGridInventorySyst 5.7/AdvancedGridInventorySyst 5.7/Content/Fantastic_Village_Pack/meshes/props/deco/SM_PROP_firepit.uexp" 2653
"C:/Users/35695/Downloads/AdvancedGridInventorySyst 5.7/AdvancedGridInventorySyst 5.7/Content/Fantastic_Village_Pack/meshes/props/deco/SM_PROP_firepit_woodpile.ubulk" 2654
"C:/Users/35695/Downloads/AdvancedGridInventorySyst 5.7/AdvancedGridInventorySyst 5.7/Content/Fantastic_Village_Pack/meshes/props/deco/SM_PROP_firepit_woodpile.uasset" 2655
"C:/Users/35695/Downloads/AdvancedGridInventorySyst 5.7/AdvancedGridInventorySyst 5.7/Content/Fantastic_Village_Pack/meshes/props/deco/SM_PROP_firepit_woodpile.uexp" 2656
"C:/Users/35695/Downloads/AdvancedGridInventorySyst 5.7/AdvancedGridInventorySyst 5.7/Content/Fantastic_Village_Pack/blueprints/props/BP_PROP_firepit_01.uasset" 2657
"C:/Users/35695/Downloads/AdvancedGridInventorySyst 5.7/AdvancedGridInventorySyst 5.7/Content/Fantastic_Village_Pack/blueprints/props/BP_PROP_firepit_01.uexp" 2658
"C:/Users/35695/Downloads/AdvancedGridInventorySyst 5.7/AdvancedGridInventorySyst 5.7/Content/Fantastic_Village_Pack/meshes/props/furniture/SM_PROP_guillotine.ubulk" 2659
"C:/Users/35695/Downloads/AdvancedGridInventorySyst 5.7/AdvancedGridInventorySyst 5.7/Content/Fantastic_Village_Pack/meshes/props/furniture/SM_PROP_guillotine.uasset" 2660
"C:/Users/35695/Downloads/AdvancedGridInventorySyst 5.7/AdvancedGridInventorySyst 5.7/Content/Fantastic_Village_Pack/meshes/props/furniture/SM_PROP_guillotine.uexp" 2661
"C:/Users/35695/Downloads/AdvancedGridInventorySyst 5.7/AdvancedGridInventorySyst 5.7/Content/Fantastic_Village_Pack/meshes/props/furniture/SM_PROP_guillotine_blade.ubulk" 2662
"C:/Users/35695/Downloads/AdvancedGridInventorySyst 5.7/AdvancedGridInventorySyst 5.7/Content/Fantastic_Village_Pack/meshes/props/furniture/SM_PROP_guillotine_blade.uasset" 2663
"C:/Users/35695/Downloads/AdvancedGridInventorySyst 5.7/AdvancedGridInventorySyst 5.7/Content/Fantastic_Village_Pack/meshes/props/furniture/SM_PROP_guillotine_blade.uexp" 2664
"C:/Users/35695/Downloads/AdvancedGridInventorySyst 5.7/AdvancedGridInventorySyst 5.7/Content/Fantastic_Village_Pack/blueprints/props/BP_PROP_guillotine.uasset" 2665
"C:/Users/35695/Downloads/AdvancedGridInventorySyst 5.7/AdvancedGridInventorySyst 5.7/Content/Fantastic_Village_Pack/blueprints/props/BP_PROP_guillotine.uexp" 2666
"C:/Users/35695/Downloads/AdvancedGridInventorySyst 5.7/AdvancedGridInventorySyst 5.7/Content/Fantastic_Village_Pack/meshes/props/furniture/SM_PROP_outhouse.ubulk" 2667
"C:/Users/35695/Downloads/AdvancedGridInventorySyst 5.7/AdvancedGridInventorySyst 5.7/Content/Fantastic_Village_Pack/meshes/props/furniture/SM_PROP_outhouse.uasset" 2668
"C:/Users/35695/Downloads/AdvancedGridInventorySyst 5.7/AdvancedGridInventorySyst 5.7/Content/Fantastic_Village_Pack/meshes/props/furniture/SM_PROP_outhouse.uexp" 2669
"C:/Users/35695/Downloads/AdvancedGridInventorySyst 5.7/AdvancedGridInventorySyst 5.7/Content/Fantastic_Village_Pack/meshes/props/furniture/SM_PROP_outhouse_door.ubulk" 2670
"C:/Users/35695/Downloads/AdvancedGridInventorySyst 5.7/AdvancedGridInventorySyst 5.7/Content/Fantastic_Village_Pack/meshes/props/furniture/SM_PROP_outhouse_door.uasset" 2671
"C:/Users/35695/Downloads/AdvancedGridInventorySyst 5.7/AdvancedGridInventorySyst 5.7/Content/Fantastic_Village_Pack/meshes/props/furniture/SM_PROP_outhouse_door.uexp" 2672
"C:/Users/35695/Downloads/AdvancedGridInventorySyst 5.7/AdvancedGridInventorySyst 5.7/Content/Fantastic_Village_Pack/blueprints/props/BP_PROP_outhouse.uasset" 2673
"C:/Users/35695/Downloads/AdvancedGridInventorySyst 5.7/AdvancedGridInventorySyst 5.7/Content/Fantastic_Village_Pack/blueprints/props/BP_PROP_outhouse.uexp" 2674
"C:/Users/35695/Downloads/AdvancedGridInventorySyst 5.7/AdvancedGridInventorySyst 5.7/Content/Fantastic_Village_Pack/meshes/props/vehicles/SM_PROP_rowboat.ubulk" 2675
"C:/Users/35695/Downloads/AdvancedGridInventorySyst 5.7/AdvancedGridInventorySyst 5.7/Content/Fantastic_Village_Pack/meshes/props/vehicles/SM_PROP_rowboat.uasset" 2676
"C:/Users/35695/Downloads/AdvancedGridInventorySyst 5.7/AdvancedGridInventorySyst 5.7/Content/Fantastic_Village_Pack/meshes/props/vehicles/SM_PROP_rowboat.uexp" 2677
"C:/Users/35695/Downloads/AdvancedGridInventorySyst 5.7/AdvancedGridInventorySyst 5.7/Content/Fantastic_Village_Pack/meshes/props/vehicles/SM_PROP_rowboat_handle_01.ubulk" 2678
"C:/Users/35695/Downloads/AdvancedGridInventorySyst 5.7/AdvancedGridInventorySyst 5.7/Content/Fantastic_Village_Pack/meshes/props/vehicles/SM_PROP_rowboat_handle_01.uasset" 2679
"C:/Users/35695/Downloads/AdvancedGridInventorySyst 5.7/AdvancedGridInventorySyst 5.7/Content/Fantastic_Village_Pack/meshes/props/vehicles/SM_PROP_rowboat_handle_01.uexp" 2680
"C:/Users/35695/Downloads/AdvancedGridInventorySyst 5.7/AdvancedGridInventorySyst 5.7/Content/Fantastic_Village_Pack/meshes/props/vehicles/SM_PROP_rowboat_lantern.ubulk" 2681
"C:/Users/35695/Downloads/AdvancedGridInventorySyst 5.7/AdvancedGridInventorySyst 5.7/Content/Fantastic_Village_Pack/meshes/props/vehicles/SM_PROP_rowboat_lantern.uasset" 2682
"C:/Users/35695/Downloads/AdvancedGridInventorySyst 5.7/AdvancedGridInventorySyst 5.7/Content/Fantastic_Village_Pack/meshes/props/vehicles/SM_PROP_rowboat_lantern.uexp" 2683
"C:/Users/35695/Downloads/AdvancedGridInventorySyst 5.7/AdvancedGridInventorySyst 5.7/Content/Fantastic_Village_Pack/meshes/props/vehicles/SM_PROP_rowboat_paddle_01.ubulk" 2684
"C:/Users/35695/Downloads/AdvancedGridInventorySyst 5.7/AdvancedGridInventorySyst 5.7/Content/Fantastic_Village_Pack/meshes/props/vehicles/SM_PROP_rowboat_paddle_01.uasset" 2685
"C:/Users/35695/Downloads/AdvancedGridInventorySyst 5.7/AdvancedGridInventorySyst 5.7/Content/Fantastic_Village_Pack/meshes/props/vehicles/SM_PROP_rowboat_paddle_01.uexp" 2686
"C:/Users/35695/Downloads/AdvancedGridInventorySyst 5.7/AdvancedGridInventorySyst 5.7/Content/Fantastic_Village_Pack/blueprints/props/BP_PROP_rowboat.uasset" 2687
"C:/Users/35695/Downloads/AdvancedGridInventorySyst 5.7/AdvancedGridInventorySyst 5.7/Content/Fantastic_Village_Pack/blueprints/props/BP_PROP_rowboat.uexp" 2688
"C:/Users/35695/Downloads/AdvancedGridInventorySyst 5.7/AdvancedGridInventorySyst 5.7/Content/Fantastic_Village_Pack/textures/T_gold_BC.ubulk" 2689
"C:/Users/35695/Downloads/AdvancedGridInventorySyst 5.7/AdvancedGridInventorySyst 5.7/Content/Fantastic_Village_Pack/textures/T_gold_BC.uasset" 2690
"C:/Users/35695/Downloads/AdvancedGridInventorySyst 5.7/AdvancedGridInventorySyst 5.7/Content/Fantastic_Village_Pack/textures/T_gold_BC.uexp" 2691
"C:/Users/35695/Downloads/AdvancedGridInventorySyst 5.7/AdvancedGridInventorySyst 5.7/Content/Fantastic_Village_Pack/textures/T_gold_N.ubulk" 2692
"C:/Users/35695/Downloads/AdvancedGridInventorySyst 5.7/AdvancedGridInventorySyst 5.7/Content/Fantastic_Village_Pack/textures/T_gold_N.uasset" 2693
"C:/Users/35695/Downloads/AdvancedGridInventorySyst 5.7/AdvancedGridInventorySyst 5.7/Content/Fantastic_Village_Pack/textures/T_gold_N.uexp" 2694
"C:/Users/35695/Downloads/AdvancedGridInventorySyst 5.7/AdvancedGridInventorySyst 5.7/Content/Fantastic_Village_Pack/materials/MI_gold.uasset" 2695
"C:/Users/35695/Downloads/AdvancedGridInventorySyst 5.7/AdvancedGridInventorySyst 5.7/Content/Fantastic_Village_Pack/materials/MI_gold.uexp" 2696
"C:/Users/35695/Downloads/AdvancedGridInventorySyst 5.7/AdvancedGridInventorySyst 5.7/Content/Fantastic_Village_Pack/meshes/props/container/SM_PROP_treasurechest.ubulk" 2697
"C:/Users/35695/Downloads/AdvancedGridInventorySyst 5.7/AdvancedGridInventorySyst 5.7/Content/Fantastic_Village_Pack/meshes/props/container/SM_PROP_treasurechest.uasset" 2698
"C:/Users/35695/Downloads/AdvancedGridInventorySyst 5.7/AdvancedGridInventorySyst 5.7/Content/Fantastic_Village_Pack/meshes/props/container/SM_PROP_treasurechest.uexp" 2699
"C:/Users/35695/Downloads/AdvancedGridInventorySyst 5.7/AdvancedGridInventorySyst 5.7/Content/Fantastic_Village_Pack/meshes/props/container/SM_PROP_treasurechest_top.ubulk" 2700
"C:/Users/35695/Downloads/AdvancedGridInventorySyst 5.7/AdvancedGridInventorySyst 5.7/Content/Fantastic_Village_Pack/meshes/props/container/SM_PROP_treasurechest_top.uasset" 2701
"C:/Users/35695/Downloads/AdvancedGridInventorySyst 5.7/AdvancedGridInventorySyst 5.7/Content/Fantastic_Village_Pack/meshes/props/container/SM_PROP_treasurechest_top.uexp" 2702
"C:/Users/35695/Downloads/AdvancedGridInventorySyst 5.7/AdvancedGridInventorySyst 5.7/Content/Fantastic_Village_Pack/blueprints/props/BP_PROP_treasurechest.uasset" 2703
"C:/Users/35695/Downloads/AdvancedGridInventorySyst 5.7/AdvancedGridInventorySyst 5.7/Content/Fantastic_Village_Pack/blueprints/props/BP_PROP_treasurechest.uexp" 2704
"C:/Users/35695/Downloads/AdvancedGridInventorySyst 5.7/AdvancedGridInventorySyst 5.7/Content/Fantastic_Village_Pack/meshes/props/construction/SM_PROP_wall_wood_gate_frame_02.ubulk" 2705
"C:/Users/35695/Downloads/AdvancedGridInventorySyst 5.7/AdvancedGridInventorySyst 5.7/Content/Fantastic_Village_Pack/meshes/props/construction/SM_PROP_wall_wood_gate_frame_02.uasset" 2706
"C:/Users/35695/Downloads/AdvancedGridInventorySyst 5.7/AdvancedGridInventorySyst 5.7/Content/Fantastic_Village_Pack/meshes/props/construction/SM_PROP_wall_wood_gate_frame_02.uexp" 2707
"C:/Users/35695/Downloads/AdvancedGridInventorySyst 5.7/AdvancedGridInventorySyst 5.7/Content/Fantastic_Village_Pack/blueprints/props/BP_PROP_wall_wood_gate_02.uasset" 2708
"C:/Users/35695/Downloads/AdvancedGridInventorySyst 5.7/AdvancedGridInventorySyst 5.7/Content/Fantastic_Village_Pack/blueprints/props/BP_PROP_wall_wood_gate_02.uexp" 2709
"C:/Users/35695/Downloads/AdvancedGridInventorySyst 5.7/AdvancedGridInventorySyst 5.7/Content/Fantastic_Village_Pack/textures/T_rooftiles_03_BC.ubulk" 2710
"C:/Users/35695/Downloads/AdvancedGridInventorySyst 5.7/AdvancedGridInventorySyst 5.7/Content/Fantastic_Village_Pack/textures/T_rooftiles_03_BC.uasset" 2711
"C:/Users/35695/Downloads/AdvancedGridInventorySyst 5.7/AdvancedGridInventorySyst 5.7/Content/Fantastic_Village_Pack/textures/T_rooftiles_03_BC.uexp" 2712
"C:/Users/35695/Downloads/AdvancedGridInventorySyst 5.7/AdvancedGridInventorySyst 5.7/Content/Fantastic_Village_Pack/textures/T_rooftiles_03_N.ubulk" 2713
"C:/Users/35695/Downloads/AdvancedGridInventorySyst 5.7/AdvancedGridInventorySyst 5.7/Content/Fantastic_Village_Pack/textures/T_rooftiles_03_N.uasset" 2714
"C:/Users/35695/Downloads/AdvancedGridInventorySyst 5.7/AdvancedGridInventorySyst 5.7/Content/Fantastic_Village_Pack/textures/T_rooftiles_03_N.uexp" 2715
"C:/Users/35695/Downloads/AdvancedGridInventorySyst 5.7/AdvancedGridInventorySyst 5.7/Content/Fantastic_Village_Pack/materials/MI_rooftiles_03.uasset" 2716
"C:/Users/35695/Downloads/AdvancedGridInventorySyst 5.7/AdvancedGridInventorySyst 5.7/Content/Fantastic_Village_Pack/materials/MI_rooftiles_03.uexp" 2717
"C:/Users/35695/Downloads/AdvancedGridInventorySyst 5.7/AdvancedGridInventorySyst 5.7/Content/Fantastic_Village_Pack/meshes/props/deco/SM_PROP_well.ubulk" 2718
"C:/Users/35695/Downloads/AdvancedGridInventorySyst 5.7/AdvancedGridInventorySyst 5.7/Content/Fantastic_Village_Pack/meshes/props/deco/SM_PROP_well.uasset" 2719
"C:/Users/35695/Downloads/AdvancedGridInventorySyst 5.7/AdvancedGridInventorySyst 5.7/Content/Fantastic_Village_Pack/meshes/props/deco/SM_PROP_well.uexp" 2720
"C:/Users/35695/Downloads/AdvancedGridInventorySyst 5.7/AdvancedGridInventorySyst 5.7/Content/Fantastic_Village_Pack/meshes/props/deco/SM_PROP_well_handle.ubulk" 2721
"C:/Users/35695/Downloads/AdvancedGridInventorySyst 5.7/AdvancedGridInventorySyst 5.7/Content/Fantastic_Village_Pack/meshes/props/deco/SM_PROP_well_handle.uasset" 2722
"C:/Users/35695/Downloads/AdvancedGridInventorySyst 5.7/AdvancedGridInventorySyst 5.7/Content/Fantastic_Village_Pack/meshes/props/deco/SM_PROP_well_handle.uexp" 2723
"C:/Users/35695/Downloads/AdvancedGridInventorySyst 5.7/AdvancedGridInventorySyst 5.7/Content/Fantastic_Village_Pack/blueprints/props/BP_PROP_well.uasset" 2724
"C:/Users/35695/Downloads/AdvancedGridInventorySyst 5.7/AdvancedGridInventorySyst 5.7/Content/Fantastic_Village_Pack/blueprints/props/BP_PROP_well.uexp" 2725
"../../../Engine/Content/Functions/Engine_MaterialFunctions01/WorldPositionOffset/SimpleGrassWind.uasset" 2726
"../../../Engine/Content/Functions/Engine_MaterialFunctions01/WorldPositionOffset/SimpleGrassWind.uexp" 2727
"C:/Users/35695/Downloads/AdvancedGridInventorySyst 5.7/AdvancedGridInventorySyst 5.7/Content/Fantastic_Village_Pack/textures/T_ENV_grass_village_BC.ubulk" 2728
"C:/Users/35695/Downloads/AdvancedGridInventorySyst 5.7/AdvancedGridInventorySyst 5.7/Content/Fantastic_Village_Pack/textures/T_ENV_grass_village_BC.uasset" 2729
"C:/Users/35695/Downloads/AdvancedGridInventorySyst 5.7/AdvancedGridInventorySyst 5.7/Content/Fantastic_Village_Pack/textures/T_ENV_grass_village_BC.uexp" 2730
"C:/Users/35695/Downloads/AdvancedGridInventorySyst 5.7/AdvancedGridInventorySyst 5.7/Content/Fantastic_Village_Pack/settings/MPC_wind.uasset" 2731
"C:/Users/35695/Downloads/AdvancedGridInventorySyst 5.7/AdvancedGridInventorySyst 5.7/Content/Fantastic_Village_Pack/settings/MPC_wind.uexp" 2732
"C:/Users/35695/Downloads/AdvancedGridInventorySyst 5.7/AdvancedGridInventorySyst 5.7/Content/Fantastic_Village_Pack/materials/master_materials/M_Master_transparent_grass_wind.uasset" 2733
"C:/Users/35695/Downloads/AdvancedGridInventorySyst 5.7/AdvancedGridInventorySyst 5.7/Content/Fantastic_Village_Pack/materials/master_materials/M_Master_transparent_grass_wind.uexp" 2734
"C:/Users/35695/Downloads/AdvancedGridInventorySyst 5.7/AdvancedGridInventorySyst 5.7/Content/Fantastic_Village_Pack/materials/MI_ENV_grass_wind.uasset" 2735
"C:/Users/35695/Downloads/AdvancedGridInventorySyst 5.7/AdvancedGridInventorySyst 5.7/Content/Fantastic_Village_Pack/materials/MI_ENV_grass_wind.uexp" 2736
"C:/Users/35695/Downloads/AdvancedGridInventorySyst 5.7/AdvancedGridInventorySyst 5.7/Content/Fantastic_Village_Pack/meshes/environment/SM_ENV_PLANT_grass_village.ubulk" 2737
"C:/Users/35695/Downloads/AdvancedGridInventorySyst 5.7/AdvancedGridInventorySyst 5.7/Content/Fantastic_Village_Pack/meshes/environment/SM_ENV_PLANT_grass_village.uasset" 2738
"C:/Users/35695/Downloads/AdvancedGridInventorySyst 5.7/AdvancedGridInventorySyst 5.7/Content/Fantastic_Village_Pack/meshes/environment/SM_ENV_PLANT_grass_village.uexp" 2739
"C:/Users/35695/Downloads/AdvancedGridInventorySyst 5.7/AdvancedGridInventorySyst 5.7/Content/Fantastic_Village_Pack/textures/T_ENV_plants_village_BC.ubulk" 2740
"C:/Users/35695/Downloads/AdvancedGridInventorySyst 5.7/AdvancedGridInventorySyst 5.7/Content/Fantastic_Village_Pack/textures/T_ENV_plants_village_BC.uasset" 2741
"C:/Users/35695/Downloads/AdvancedGridInventorySyst 5.7/AdvancedGridInventorySyst 5.7/Content/Fantastic_Village_Pack/textures/T_ENV_plants_village_BC.uexp" 2742
"../../../Engine/Content/Functions/Engine_MaterialFunctions02/WorldPositionOffset/ObjectPivotPoint.uasset" 2743
"../../../Engine/Content/Functions/Engine_MaterialFunctions02/WorldPositionOffset/ObjectPivotPoint.uexp" 2744
"../../../Engine/Content/Functions/Engine_MaterialFunctions02/ObjectLocalBounds.uasset" 2745
"../../../Engine/Content/Functions/Engine_MaterialFunctions02/ObjectLocalBounds.uexp" 2746
"../../../Engine/Content/Functions/Engine_MaterialFunctions02/UVs/BoundingBoxBased_0-1_UVW.uasset" 2747
"../../../Engine/Content/Functions/Engine_MaterialFunctions02/UVs/BoundingBoxBased_0-1_UVW.uexp" 2748
"C:/Users/35695/Downloads/AdvancedGridInventorySyst 5.7/AdvancedGridInventorySyst 5.7/Content/Fantastic_Village_Pack/materials/master_materials/M_Master_transparent_plants_wind.uasset" 2749
"C:/Users/35695/Downloads/AdvancedGridInventorySyst 5.7/AdvancedGridInventorySyst 5.7/Content/Fantastic_Village_Pack/materials/master_materials/M_Master_transparent_plants_wind.uexp" 2750
"C:/Users/35695/Downloads/AdvancedGridInventorySyst 5.7/AdvancedGridInventorySyst 5.7/Content/Fantastic_Village_Pack/materials/MI_ENV_plants_wind.uasset" 2751
"C:/Users/35695/Downloads/AdvancedGridInventorySyst 5.7/AdvancedGridInventorySyst 5.7/Content/Fantastic_Village_Pack/materials/MI_ENV_plants_wind.uexp" 2752
"C:/Users/35695/Downloads/AdvancedGridInventorySyst 5.7/AdvancedGridInventorySyst 5.7/Content/Fantastic_Village_Pack/meshes/environment/SM_ENV_PLANT_leaf_village.ubulk" 2753
"C:/Users/35695/Downloads/AdvancedGridInventorySyst 5.7/AdvancedGridInventorySyst 5.7/Content/Fantastic_Village_Pack/meshes/environment/SM_ENV_PLANT_leaf_village.uasset" 2754
"C:/Users/35695/Downloads/AdvancedGridInventorySyst 5.7/AdvancedGridInventorySyst 5.7/Content/Fantastic_Village_Pack/meshes/environment/SM_ENV_PLANT_leaf_village.uexp" 2755
"C:/Users/35695/Downloads/AdvancedGridInventorySyst 5.7/AdvancedGridInventorySyst 5.7/Content/Fantastic_Village_Pack/materials/MI_ENV_trees_wind.uasset" 2756
"C:/Users/35695/Downloads/AdvancedGridInventorySyst 5.7/AdvancedGridInventorySyst 5.7/Content/Fantastic_Village_Pack/materials/MI_ENV_trees_wind.uexp" 2757
"C:/Users/35695/Downloads/AdvancedGridInventorySyst 5.7/AdvancedGridInventorySyst 5.7/Content/Fantastic_Village_Pack/textures/T_wood_03_BC.ubulk" 2758
"C:/Users/35695/Downloads/AdvancedGridInventorySyst 5.7/AdvancedGridInventorySyst 5.7/Content/Fantastic_Village_Pack/textures/T_wood_03_BC.uasset" 2759
"C:/Users/35695/Downloads/AdvancedGridInventorySyst 5.7/AdvancedGridInventorySyst 5.7/Content/Fantastic_Village_Pack/textures/T_wood_03_BC.uexp" 2760
"C:/Users/35695/Downloads/AdvancedGridInventorySyst 5.7/AdvancedGridInventorySyst 5.7/Content/Fantastic_Village_Pack/materials/MI_wood_3_wind.uasset" 2761
"C:/Users/35695/Downloads/AdvancedGridInventorySyst 5.7/AdvancedGridInventorySyst 5.7/Content/Fantastic_Village_Pack/materials/MI_wood_3_wind.uexp" 2762
"C:/Users/35695/Downloads/AdvancedGridInventorySyst 5.7/AdvancedGridInventorySyst 5.7/Content/Fantastic_Village_Pack/meshes/environment/SM_ENV_TREE_village_LOD0.ubulk" 2763
"C:/Users/35695/Downloads/AdvancedGridInventorySyst 5.7/AdvancedGridInventorySyst 5.7/Content/Fantastic_Village_Pack/meshes/environment/SM_ENV_TREE_village_LOD0.uasset" 2764
"C:/Users/35695/Downloads/AdvancedGridInventorySyst 5.7/AdvancedGridInventorySyst 5.7/Content/Fantastic_Village_Pack/meshes/environment/SM_ENV_TREE_village_LOD0.uexp" 2765
"C:/Users/35695/Downloads/AdvancedGridInventorySyst 5.7/AdvancedGridInventorySyst 5.7/Content/Fantastic_Village_Pack/meshes/props/construction/SM_PROP_bridge_stone_01.ubulk" 2766
"C:/Users/35695/Downloads/AdvancedGridInventorySyst 5.7/AdvancedGridInventorySyst 5.7/Content/Fantastic_Village_Pack/meshes/props/construction/SM_PROP_bridge_stone_01.uasset" 2767
"C:/Users/35695/Downloads/AdvancedGridInventorySyst 5.7/AdvancedGridInventorySyst 5.7/Content/Fantastic_Village_Pack/meshes/props/construction/SM_PROP_bridge_stone_01.uexp" 2768
"C:/Users/35695/Downloads/AdvancedGridInventorySyst 5.7/AdvancedGridInventorySyst 5.7/Content/Fantastic_Village_Pack/meshes/props/construction/SM_PROP_bridge_wood_02.ubulk" 2769
"C:/Users/35695/Downloads/AdvancedGridInventorySyst 5.7/AdvancedGridInventorySyst 5.7/Content/Fantastic_Village_Pack/meshes/props/construction/SM_PROP_bridge_wood_02.uasset" 2770
"C:/Users/35695/Downloads/AdvancedGridInventorySyst 5.7/AdvancedGridInventorySyst 5.7/Content/Fantastic_Village_Pack/meshes/props/construction/SM_PROP_bridge_wood_02.uexp" 2771
"C:/Users/35695/Downloads/AdvancedGridInventorySyst 5.7/AdvancedGridInventorySyst 5.7/Content/Fantastic_Village_Pack/meshes/props/construction/SM_PROP_bridge_wood_04.ubulk" 2772
"C:/Users/35695/Downloads/AdvancedGridInventorySyst 5.7/AdvancedGridInventorySyst 5.7/Content/Fantastic_Village_Pack/meshes/props/construction/SM_PROP_bridge_wood_04.uasset" 2773
"C:/Users/35695/Downloads/AdvancedGridInventorySyst 5.7/AdvancedGridInventorySyst 5.7/Content/Fantastic_Village_Pack/meshes/props/construction/SM_PROP_bridge_wood_04.uexp" 2774
"C:/Users/35695/Downloads/AdvancedGridInventorySyst 5.7/AdvancedGridInventorySyst 5.7/Content/Fantastic_Village_Pack/meshes/props/construction/SM_PROP_fence_v01_01.ubulk" 2775
"C:/Users/35695/Downloads/AdvancedGridInventorySyst 5.7/AdvancedGridInventorySyst 5.7/Content/Fantastic_Village_Pack/meshes/props/construction/SM_PROP_fence_v01_01.uasset" 2776
"C:/Users/35695/Downloads/AdvancedGridInventorySyst 5.7/AdvancedGridInventorySyst 5.7/Content/Fantastic_Village_Pack/meshes/props/construction/SM_PROP_fence_v01_01.uexp" 2777
"C:/Users/35695/Downloads/AdvancedGridInventorySyst 5.7/AdvancedGridInventorySyst 5.7/Content/Fantastic_Village_Pack/meshes/props/construction/SM_PROP_fence_v01_02.ubulk" 2778
"C:/Users/35695/Downloads/AdvancedGridInventorySyst 5.7/AdvancedGridInventorySyst 5.7/Content/Fantastic_Village_Pack/meshes/props/construction/SM_PROP_fence_v01_02.uasset" 2779
"C:/Users/35695/Downloads/AdvancedGridInventorySyst 5.7/AdvancedGridInventorySyst 5.7/Content/Fantastic_Village_Pack/meshes/props/construction/SM_PROP_fence_v01_02.uexp" 2780
"C:/Users/35695/Downloads/AdvancedGridInventorySyst 5.7/AdvancedGridInventorySyst 5.7/Content/Fantastic_Village_Pack/meshes/props/construction/SM_PROP_fence_v01_03.ubulk" 2781
"C:/Users/35695/Downloads/AdvancedGridInventorySyst 5.7/AdvancedGridInventorySyst 5.7/Content/Fantastic_Village_Pack/meshes/props/construction/SM_PROP_fence_v01_03.uasset" 2782
"C:/Users/35695/Downloads/AdvancedGridInventorySyst 5.7/AdvancedGridInventorySyst 5.7/Content/Fantastic_Village_Pack/meshes/props/construction/SM_PROP_fence_v01_03.uexp" 2783
"C:/Users/35695/Downloads/AdvancedGridInventorySyst 5.7/AdvancedGridInventorySyst 5.7/Content/Fantastic_Village_Pack/meshes/props/construction/SM_PROP_fence_v01_04.ubulk" 2784
"C:/Users/35695/Downloads/AdvancedGridInventorySyst 5.7/AdvancedGridInventorySyst 5.7/Content/Fantastic_Village_Pack/meshes/props/construction/SM_PROP_fence_v01_04.uasset" 2785
"C:/Users/35695/Downloads/AdvancedGridInventorySyst 5.7/AdvancedGridInventorySyst 5.7/Content/Fantastic_Village_Pack/meshes/props/construction/SM_PROP_fence_v01_04.uexp" 2786
"C:/Users/35695/Downloads/AdvancedGridInventorySyst 5.7/AdvancedGridInventorySyst 5.7/Content/Fantastic_Village_Pack/meshes/props/construction/SM_PROP_fence_v01_05.ubulk" 2787
"C:/Users/35695/Downloads/AdvancedGridInventorySyst 5.7/AdvancedGridInventorySyst 5.7/Content/Fantastic_Village_Pack/meshes/props/construction/SM_PROP_fence_v01_05.uasset" 2788
"C:/Users/35695/Downloads/AdvancedGridInventorySyst 5.7/AdvancedGridInventorySyst 5.7/Content/Fantastic_Village_Pack/meshes/props/construction/SM_PROP_fence_v01_05.uexp" 2789
"C:/Users/35695/Downloads/AdvancedGridInventorySyst 5.7/AdvancedGridInventorySyst 5.7/Content/Fantastic_Village_Pack/meshes/props/construction/SM_PROP_fence_v02_01.ubulk" 2790
"C:/Users/35695/Downloads/AdvancedGridInventorySyst 5.7/AdvancedGridInventorySyst 5.7/Content/Fantastic_Village_Pack/meshes/props/construction/SM_PROP_fence_v02_01.uasset" 2791
"C:/Users/35695/Downloads/AdvancedGridInventorySyst 5.7/AdvancedGridInventorySyst 5.7/Content/Fantastic_Village_Pack/meshes/props/construction/SM_PROP_fence_v02_01.uexp" 2792
"C:/Users/35695/Downloads/AdvancedGridInventorySyst 5.7/AdvancedGridInventorySyst 5.7/Content/Fantastic_Village_Pack/meshes/props/construction/SM_PROP_fence_v02_02.ubulk" 2793
"C:/Users/35695/Downloads/AdvancedGridInventorySyst 5.7/AdvancedGridInventorySyst 5.7/Content/Fantastic_Village_Pack/meshes/props/construction/SM_PROP_fence_v02_02.uasset" 2794
"C:/Users/35695/Downloads/AdvancedGridInventorySyst 5.7/AdvancedGridInventorySyst 5.7/Content/Fantastic_Village_Pack/meshes/props/construction/SM_PROP_fence_v02_02.uexp" 2795
"C:/Users/35695/Downloads/AdvancedGridInventorySyst 5.7/AdvancedGridInventorySyst 5.7/Content/Fantastic_Village_Pack/meshes/props/construction/SM_PROP_fence_v02_03.ubulk" 2796
"C:/Users/35695/Downloads/AdvancedGridInventorySyst 5.7/AdvancedGridInventorySyst 5.7/Content/Fantastic_Village_Pack/meshes/props/construction/SM_PROP_fence_v02_03.uasset" 2797
"C:/Users/35695/Downloads/AdvancedGridInventorySyst 5.7/AdvancedGridInventorySyst 5.7/Content/Fantastic_Village_Pack/meshes/props/construction/SM_PROP_fence_v02_03.uexp" 2798
"C:/Users/35695/Downloads/AdvancedGridInventorySyst 5.7/AdvancedGridInventorySyst 5.7/Content/Fantastic_Village_Pack/meshes/props/construction/SM_PROP_fence_v02_04.ubulk" 2799
"C:/Users/35695/Downloads/AdvancedGridInventorySyst 5.7/AdvancedGridInventorySyst 5.7/Content/Fantastic_Village_Pack/meshes/props/construction/SM_PROP_fence_v02_04.uasset" 2800
"C:/Users/35695/Downloads/AdvancedGridInventorySyst 5.7/AdvancedGridInventorySyst 5.7/Content/Fantastic_Village_Pack/meshes/props/construction/SM_PROP_fence_v02_04.uexp" 2801
"C:/Users/35695/Downloads/AdvancedGridInventorySyst 5.7/AdvancedGridInventorySyst 5.7/Content/Fantastic_Village_Pack/meshes/props/construction/SM_PROP_fence_v03_03.ubulk" 2802
"C:/Users/35695/Downloads/AdvancedGridInventorySyst 5.7/AdvancedGridInventorySyst 5.7/Content/Fantastic_Village_Pack/meshes/props/construction/SM_PROP_fence_v03_03.uasset" 2803
"C:/Users/35695/Downloads/AdvancedGridInventorySyst 5.7/AdvancedGridInventorySyst 5.7/Content/Fantastic_Village_Pack/meshes/props/construction/SM_PROP_fence_v03_03.uexp" 2804
"C:/Users/35695/Downloads/AdvancedGridInventorySyst 5.7/AdvancedGridInventorySyst 5.7/Content/Fantastic_Village_Pack/meshes/props/construction/SM_PROP_fence_v03_04.ubulk" 2805
"C:/Users/35695/Downloads/AdvancedGridInventorySyst 5.7/AdvancedGridInventorySyst 5.7/Content/Fantastic_Village_Pack/meshes/props/construction/SM_PROP_fence_v03_04.uasset" 2806
"C:/Users/35695/Downloads/AdvancedGridInventorySyst 5.7/AdvancedGridInventorySyst 5.7/Content/Fantastic_Village_Pack/meshes/props/construction/SM_PROP_fence_v03_04.uexp" 2807
"C:/Users/35695/Downloads/AdvancedGridInventorySyst 5.7/AdvancedGridInventorySyst 5.7/Content/Fantastic_Village_Pack/meshes/props/construction/SM_PROP_foundation_wood_01.ubulk" 2808
"C:/Users/35695/Downloads/AdvancedGridInventorySyst 5.7/AdvancedGridInventorySyst 5.7/Content/Fantastic_Village_Pack/meshes/props/construction/SM_PROP_foundation_wood_01.uasset" 2809
"C:/Users/35695/Downloads/AdvancedGridInventorySyst 5.7/AdvancedGridInventorySyst 5.7/Content/Fantastic_Village_Pack/meshes/props/construction/SM_PROP_foundation_wood_01.uexp" 2810
"C:/Users/35695/Downloads/AdvancedGridInventorySyst 5.7/AdvancedGridInventorySyst 5.7/Content/Fantastic_Village_Pack/meshes/props/construction/SM_PROP_foundation_wood_02.ubulk" 2811
"C:/Users/35695/Downloads/AdvancedGridInventorySyst 5.7/AdvancedGridInventorySyst 5.7/Content/Fantastic_Village_Pack/meshes/props/construction/SM_PROP_foundation_wood_02.uasset" 2812
"C:/Users/35695/Downloads/AdvancedGridInventorySyst 5.7/AdvancedGridInventorySyst 5.7/Content/Fantastic_Village_Pack/meshes/props/construction/SM_PROP_foundation_wood_02.uexp" 2813
"C:/Users/35695/Downloads/AdvancedGridInventorySyst 5.7/AdvancedGridInventorySyst 5.7/Content/Fantastic_Village_Pack/meshes/props/construction/SM_PROP_foundation_wood_05.ubulk" 2814
"C:/Users/35695/Downloads/AdvancedGridInventorySyst 5.7/AdvancedGridInventorySyst 5.7/Content/Fantastic_Village_Pack/meshes/props/construction/SM_PROP_foundation_wood_05.uasset" 2815
"C:/Users/35695/Downloads/AdvancedGridInventorySyst 5.7/AdvancedGridInventorySyst 5.7/Content/Fantastic_Village_Pack/meshes/props/construction/SM_PROP_foundation_wood_05.uexp" 2816
"C:/Users/35695/Downloads/AdvancedGridInventorySyst 5.7/AdvancedGridInventorySyst 5.7/Content/Fantastic_Village_Pack/meshes/props/construction/SM_PROP_market_v01_01.ubulk" 2817
"C:/Users/35695/Downloads/AdvancedGridInventorySyst 5.7/AdvancedGridInventorySyst 5.7/Content/Fantastic_Village_Pack/meshes/props/construction/SM_PROP_market_v01_01.uasset" 2818
"C:/Users/35695/Downloads/AdvancedGridInventorySyst 5.7/AdvancedGridInventorySyst 5.7/Content/Fantastic_Village_Pack/meshes/props/construction/SM_PROP_market_v01_01.uexp" 2819
"C:/Users/35695/Downloads/AdvancedGridInventorySyst 5.7/AdvancedGridInventorySyst 5.7/Content/Fantastic_Village_Pack/meshes/props/construction/SM_PROP_market_v01_02.ubulk" 2820
"C:/Users/35695/Downloads/AdvancedGridInventorySyst 5.7/AdvancedGridInventorySyst 5.7/Content/Fantastic_Village_Pack/meshes/props/construction/SM_PROP_market_v01_02.uasset" 2821
"C:/Users/35695/Downloads/AdvancedGridInventorySyst 5.7/AdvancedGridInventorySyst 5.7/Content/Fantastic_Village_Pack/meshes/props/construction/SM_PROP_market_v01_02.uexp" 2822
"C:/Users/35695/Downloads/AdvancedGridInventorySyst 5.7/AdvancedGridInventorySyst 5.7/Content/Fantastic_Village_Pack/meshes/props/construction/SM_PROP_market_v02_01.ubulk" 2823
"C:/Users/35695/Downloads/AdvancedGridInventorySyst 5.7/AdvancedGridInventorySyst 5.7/Content/Fantastic_Village_Pack/meshes/props/construction/SM_PROP_market_v02_01.uasset" 2824
"C:/Users/35695/Downloads/AdvancedGridInventorySyst 5.7/AdvancedGridInventorySyst 5.7/Content/Fantastic_Village_Pack/meshes/props/construction/SM_PROP_market_v02_01.uexp" 2825
"C:/Users/35695/Downloads/AdvancedGridInventorySyst 5.7/AdvancedGridInventorySyst 5.7/Content/Fantastic_Village_Pack/meshes/props/construction/SM_PROP_market_v02_02.ubulk" 2826
"C:/Users/35695/Downloads/AdvancedGridInventorySyst 5.7/AdvancedGridInventorySyst 5.7/Content/Fantastic_Village_Pack/meshes/props/construction/SM_PROP_market_v02_02.uasset" 2827
"C:/Users/35695/Downloads/AdvancedGridInventorySyst 5.7/AdvancedGridInventorySyst 5.7/Content/Fantastic_Village_Pack/meshes/props/construction/SM_PROP_market_v02_02.uexp" 2828
"C:/Users/35695/Downloads/AdvancedGridInventorySyst 5.7/AdvancedGridInventorySyst 5.7/Content/Fantastic_Village_Pack/meshes/props/construction/SM_PROP_market_v03_02.ubulk" 2829
"C:/Users/35695/Downloads/AdvancedGridInventorySyst 5.7/AdvancedGridInventorySyst 5.7/Content/Fantastic_Village_Pack/meshes/props/construction/SM_PROP_market_v03_02.uasset" 2830
"C:/Users/35695/Downloads/AdvancedGridInventorySyst 5.7/AdvancedGridInventorySyst 5.7/Content/Fantastic_Village_Pack/meshes/props/construction/SM_PROP_market_v03_02.uexp" 2831
"C:/Users/35695/Downloads/AdvancedGridInventorySyst 5.7/AdvancedGridInventorySyst 5.7/Content/Fantastic_Village_Pack/meshes/props/construction/SM_PROP_market_v04_01.ubulk" 2832
"C:/Users/35695/Downloads/AdvancedGridInventorySyst 5.7/AdvancedGridInventorySyst 5.7/Content/Fantastic_Village_Pack/meshes/props/construction/SM_PROP_market_v04_01.uasset" 2833
"C:/Users/35695/Downloads/AdvancedGridInventorySyst 5.7/AdvancedGridInventorySyst 5.7/Content/Fantastic_Village_Pack/meshes/props/construction/SM_PROP_market_v04_01.uexp" 2834
"C:/Users/35695/Downloads/AdvancedGridInventorySyst 5.7/AdvancedGridInventorySyst 5.7/Content/Fantastic_Village_Pack/meshes/props/construction/SM_PROP_planks_01.ubulk" 2835
"C:/Users/35695/Downloads/AdvancedGridInventorySyst 5.7/AdvancedGridInventorySyst 5.7/Content/Fantastic_Village_Pack/meshes/props/construction/SM_PROP_planks_01.uasset" 2836
"C:/Users/35695/Downloads/AdvancedGridInventorySyst 5.7/AdvancedGridInventorySyst 5.7/Content/Fantastic_Village_Pack/meshes/props/construction/SM_PROP_planks_01.uexp" 2837
"C:/Users/35695/Downloads/AdvancedGridInventorySyst 5.7/AdvancedGridInventorySyst 5.7/Content/Fantastic_Village_Pack/meshes/props/construction/SM_PROP_planks_02.ubulk" 2838
"C:/Users/35695/Downloads/AdvancedGridInventorySyst 5.7/AdvancedGridInventorySyst 5.7/Content/Fantastic_Village_Pack/meshes/props/construction/SM_PROP_planks_02.uasset" 2839
"C:/Users/35695/Downloads/AdvancedGridInventorySyst 5.7/AdvancedGridInventorySyst 5.7/Content/Fantastic_Village_Pack/meshes/props/construction/SM_PROP_planks_02.uexp" 2840
"C:/Users/35695/Downloads/AdvancedGridInventorySyst 5.7/AdvancedGridInventorySyst 5.7/Content/Fantastic_Village_Pack/meshes/props/construction/SM_PROP_planks_03.ubulk" 2841
"C:/Users/35695/Downloads/AdvancedGridInventorySyst 5.7/AdvancedGridInventorySyst 5.7/Content/Fantastic_Village_Pack/meshes/props/construction/SM_PROP_planks_03.uasset" 2842
"C:/Users/35695/Downloads/AdvancedGridInventorySyst 5.7/AdvancedGridInventorySyst 5.7/Content/Fantastic_Village_Pack/meshes/props/construction/SM_PROP_planks_03.uexp" 2843
"C:/Users/35695/Downloads/AdvancedGridInventorySyst 5.7/AdvancedGridInventorySyst 5.7/Content/Fantastic_Village_Pack/meshes/props/construction/SM_PROP_railing_v01_01.ubulk" 2844
"C:/Users/35695/Downloads/AdvancedGridInventorySyst 5.7/AdvancedGridInventorySyst 5.7/Content/Fantastic_Village_Pack/meshes/props/construction/SM_PROP_railing_v01_01.uasset" 2845
"C:/Users/35695/Downloads/AdvancedGridInventorySyst 5.7/AdvancedGridInventorySyst 5.7/Content/Fantastic_Village_Pack/meshes/props/construction/SM_PROP_railing_v01_01.uexp" 2846
"C:/Users/35695/Downloads/AdvancedGridInventorySyst 5.7/AdvancedGridInventorySyst 5.7/Content/Fantastic_Village_Pack/meshes/props/construction/SM_PROP_railing_v01_02.ubulk" 2847
"C:/Users/35695/Downloads/AdvancedGridInventorySyst 5.7/AdvancedGridInventorySyst 5.7/Content/Fantastic_Village_Pack/meshes/props/construction/SM_PROP_railing_v01_02.uasset" 2848
"C:/Users/35695/Downloads/AdvancedGridInventorySyst 5.7/AdvancedGridInventorySyst 5.7/Content/Fantastic_Village_Pack/meshes/props/construction/SM_PROP_railing_v01_02.uexp" 2849
"C:/Users/35695/Downloads/AdvancedGridInventorySyst 5.7/AdvancedGridInventorySyst 5.7/Content/Fantastic_Village_Pack/meshes/props/construction/SM_PROP_railing_v02_01.ubulk" 2850
"C:/Users/35695/Downloads/AdvancedGridInventorySyst 5.7/AdvancedGridInventorySyst 5.7/Content/Fantastic_Village_Pack/meshes/props/construction/SM_PROP_railing_v02_01.uasset" 2851
"C:/Users/35695/Downloads/AdvancedGridInventorySyst 5.7/AdvancedGridInventorySyst 5.7/Content/Fantastic_Village_Pack/meshes/props/construction/SM_PROP_railing_v02_01.uexp" 2852
"C:/Users/35695/Downloads/AdvancedGridInventorySyst 5.7/AdvancedGridInventorySyst 5.7/Content/Fantastic_Village_Pack/meshes/props/construction/SM_PROP_railing_v02_02.ubulk" 2853
"C:/Users/35695/Downloads/AdvancedGridInventorySyst 5.7/AdvancedGridInventorySyst 5.7/Content/Fantastic_Village_Pack/meshes/props/construction/SM_PROP_railing_v02_02.uasset" 2854
"C:/Users/35695/Downloads/AdvancedGridInventorySyst 5.7/AdvancedGridInventorySyst 5.7/Content/Fantastic_Village_Pack/meshes/props/construction/SM_PROP_railing_v02_02.uexp" 2855
"C:/Users/35695/Downloads/AdvancedGridInventorySyst 5.7/AdvancedGridInventorySyst 5.7/Content/Fantastic_Village_Pack/meshes/props/construction/SM_PROP_railing_v03_01.ubulk" 2856
"C:/Users/35695/Downloads/AdvancedGridInventorySyst 5.7/AdvancedGridInventorySyst 5.7/Content/Fantastic_Village_Pack/meshes/props/construction/SM_PROP_railing_v03_01.uasset" 2857
"C:/Users/35695/Downloads/AdvancedGridInventorySyst 5.7/AdvancedGridInventorySyst 5.7/Content/Fantastic_Village_Pack/meshes/props/construction/SM_PROP_railing_v03_01.uexp" 2858
"C:/Users/35695/Downloads/AdvancedGridInventorySyst 5.7/AdvancedGridInventorySyst 5.7/Content/Fantastic_Village_Pack/meshes/props/construction/SM_PROP_railing_v03_02.ubulk" 2859
"C:/Users/35695/Downloads/AdvancedGridInventorySyst 5.7/AdvancedGridInventorySyst 5.7/Content/Fantastic_Village_Pack/meshes/props/construction/SM_PROP_railing_v03_02.uasset" 2860
"C:/Users/35695/Downloads/AdvancedGridInventorySyst 5.7/AdvancedGridInventorySyst 5.7/Content/Fantastic_Village_Pack/meshes/props/construction/SM_PROP_railing_v03_02.uexp" 2861
"C:/Users/35695/Downloads/AdvancedGridInventorySyst 5.7/AdvancedGridInventorySyst 5.7/Content/Fantastic_Village_Pack/meshes/props/construction/SM_PROP_spikes_v01_01.ubulk" 2862
"C:/Users/35695/Downloads/AdvancedGridInventorySyst 5.7/AdvancedGridInventorySyst 5.7/Content/Fantastic_Village_Pack/meshes/props/construction/SM_PROP_spikes_v01_01.uasset" 2863
"C:/Users/35695/Downloads/AdvancedGridInventorySyst 5.7/AdvancedGridInventorySyst 5.7/Content/Fantastic_Village_Pack/meshes/props/construction/SM_PROP_spikes_v01_01.uexp" 2864
"C:/Users/35695/Downloads/AdvancedGridInventorySyst 5.7/AdvancedGridInventorySyst 5.7/Content/Fantastic_Village_Pack/meshes/props/construction/SM_PROP_spikes_v01_03.ubulk" 2865
"C:/Users/35695/Downloads/AdvancedGridInventorySyst 5.7/AdvancedGridInventorySyst 5.7/Content/Fantastic_Village_Pack/meshes/props/construction/SM_PROP_spikes_v01_03.uasset" 2866
"C:/Users/35695/Downloads/AdvancedGridInventorySyst 5.7/AdvancedGridInventorySyst 5.7/Content/Fantastic_Village_Pack/meshes/props/construction/SM_PROP_spikes_v01_03.uexp" 2867
"C:/Users/35695/Downloads/AdvancedGridInventorySyst 5.7/AdvancedGridInventorySyst 5.7/Content/Fantastic_Village_Pack/meshes/props/construction/SM_PROP_spikes_v02_01.ubulk" 2868
"C:/Users/35695/Downloads/AdvancedGridInventorySyst 5.7/AdvancedGridInventorySyst 5.7/Content/Fantastic_Village_Pack/meshes/props/construction/SM_PROP_spikes_v02_01.uasset" 2869
"C:/Users/35695/Downloads/AdvancedGridInventorySyst 5.7/AdvancedGridInventorySyst 5.7/Content/Fantastic_Village_Pack/meshes/props/construction/SM_PROP_spikes_v02_01.uexp" 2870
"C:/Users/35695/Downloads/AdvancedGridInventorySyst 5.7/AdvancedGridInventorySyst 5.7/Content/Fantastic_Village_Pack/meshes/props/construction/SM_PROP_spikes_v02_02.ubulk" 2871
"C:/Users/35695/Downloads/AdvancedGridInventorySyst 5.7/AdvancedGridInventorySyst 5.7/Content/Fantastic_Village_Pack/meshes/props/construction/SM_PROP_spikes_v02_02.uasset" 2872
"C:/Users/35695/Downloads/AdvancedGridInventorySyst 5.7/AdvancedGridInventorySyst 5.7/Content/Fantastic_Village_Pack/meshes/props/construction/SM_PROP_spikes_v02_02.uexp" 2873
"C:/Users/35695/Downloads/AdvancedGridInventorySyst 5.7/AdvancedGridInventorySyst 5.7/Content/Fantastic_Village_Pack/meshes/props/construction/SM_PROP_spikes_v02_03.ubulk" 2874
"C:/Users/35695/Downloads/AdvancedGridInventorySyst 5.7/AdvancedGridInventorySyst 5.7/Content/Fantastic_Village_Pack/meshes/props/construction/SM_PROP_spikes_v02_03.uasset" 2875
"C:/Users/35695/Downloads/AdvancedGridInventorySyst 5.7/AdvancedGridInventorySyst 5.7/Content/Fantastic_Village_Pack/meshes/props/construction/SM_PROP_spikes_v02_03.uexp" 2876
"C:/Users/35695/Downloads/AdvancedGridInventorySyst 5.7/AdvancedGridInventorySyst 5.7/Content/Fantastic_Village_Pack/meshes/props/construction/SM_PROP_stairs_wood_02.ubulk" 2877
"C:/Users/35695/Downloads/AdvancedGridInventorySyst 5.7/AdvancedGridInventorySyst 5.7/Content/Fantastic_Village_Pack/meshes/props/construction/SM_PROP_stairs_wood_02.uasset" 2878
"C:/Users/35695/Downloads/AdvancedGridInventorySyst 5.7/AdvancedGridInventorySyst 5.7/Content/Fantastic_Village_Pack/meshes/props/construction/SM_PROP_stairs_wood_02.uexp" 2879
"C:/Users/35695/Downloads/AdvancedGridInventorySyst 5.7/AdvancedGridInventorySyst 5.7/Content/Fantastic_Village_Pack/meshes/props/construction/SM_PROP_stairs_wood_03.ubulk" 2880
"C:/Users/35695/Downloads/AdvancedGridInventorySyst 5.7/AdvancedGridInventorySyst 5.7/Content/Fantastic_Village_Pack/meshes/props/construction/SM_PROP_stairs_wood_03.uasset" 2881
"C:/Users/35695/Downloads/AdvancedGridInventorySyst 5.7/AdvancedGridInventorySyst 5.7/Content/Fantastic_Village_Pack/meshes/props/construction/SM_PROP_stairs_wood_03.uexp" 2882
"C:/Users/35695/Downloads/AdvancedGridInventorySyst 5.7/AdvancedGridInventorySyst 5.7/Content/Fantastic_Village_Pack/meshes/props/construction/SM_PROP_walkway_wood.ubulk" 2883
"C:/Users/35695/Downloads/AdvancedGridInventorySyst 5.7/AdvancedGridInventorySyst 5.7/Content/Fantastic_Village_Pack/meshes/props/construction/SM_PROP_walkway_wood.uasset" 2884
"C:/Users/35695/Downloads/AdvancedGridInventorySyst 5.7/AdvancedGridInventorySyst 5.7/Content/Fantastic_Village_Pack/meshes/props/construction/SM_PROP_walkway_wood.uexp" 2885
"C:/Users/35695/Downloads/AdvancedGridInventorySyst 5.7/AdvancedGridInventorySyst 5.7/Content/Fantastic_Village_Pack/meshes/props/construction/SM_PROP_wall_stone_small_01.ubulk" 2886
"C:/Users/35695/Downloads/AdvancedGridInventorySyst 5.7/AdvancedGridInventorySyst 5.7/Content/Fantastic_Village_Pack/meshes/props/construction/SM_PROP_wall_stone_small_01.uasset" 2887
"C:/Users/35695/Downloads/AdvancedGridInventorySyst 5.7/AdvancedGridInventorySyst 5.7/Content/Fantastic_Village_Pack/meshes/props/construction/SM_PROP_wall_stone_small_01.uexp" 2888
"C:/Users/35695/Downloads/AdvancedGridInventorySyst 5.7/AdvancedGridInventorySyst 5.7/Content/Fantastic_Village_Pack/meshes/props/construction/SM_PROP_wall_stone_small_02.ubulk" 2889
"C:/Users/35695/Downloads/AdvancedGridInventorySyst 5.7/AdvancedGridInventorySyst 5.7/Content/Fantastic_Village_Pack/meshes/props/construction/SM_PROP_wall_stone_small_02.uasset" 2890
"C:/Users/35695/Downloads/AdvancedGridInventorySyst 5.7/AdvancedGridInventorySyst 5.7/Content/Fantastic_Village_Pack/meshes/props/construction/SM_PROP_wall_stone_small_02.uexp" 2891
"C:/Users/35695/Downloads/AdvancedGridInventorySyst 5.7/AdvancedGridInventorySyst 5.7/Content/Fantastic_Village_Pack/meshes/props/construction/SM_PROP_wall_stone_small_03.ubulk" 2892
"C:/Users/35695/Downloads/AdvancedGridInventorySyst 5.7/AdvancedGridInventorySyst 5.7/Content/Fantastic_Village_Pack/meshes/props/construction/SM_PROP_wall_stone_small_03.uasset" 2893
"C:/Users/35695/Downloads/AdvancedGridInventorySyst 5.7/AdvancedGridInventorySyst 5.7/Content/Fantastic_Village_Pack/meshes/props/construction/SM_PROP_wall_stone_small_03.uexp" 2894
"C:/Users/35695/Downloads/AdvancedGridInventorySyst 5.7/AdvancedGridInventorySyst 5.7/Content/Fantastic_Village_Pack/meshes/props/construction/SM_PROP_wall_stone_small_04.ubulk" 2895
"C:/Users/35695/Downloads/AdvancedGridInventorySyst 5.7/AdvancedGridInventorySyst 5.7/Content/Fantastic_Village_Pack/meshes/props/construction/SM_PROP_wall_stone_small_04.uasset" 2896
"C:/Users/35695/Downloads/AdvancedGridInventorySyst 5.7/AdvancedGridInventorySyst 5.7/Content/Fantastic_Village_Pack/meshes/props/construction/SM_PROP_wall_stone_small_04.uexp" 2897
"C:/Users/35695/Downloads/AdvancedGridInventorySyst 5.7/AdvancedGridInventorySyst 5.7/Content/Fantastic_Village_Pack/meshes/props/construction/SM_PROP_wall_wood.ubulk" 2898
"C:/Users/35695/Downloads/AdvancedGridInventorySyst 5.7/AdvancedGridInventorySyst 5.7/Content/Fantastic_Village_Pack/meshes/props/construction/SM_PROP_wall_wood.uasset" 2899
"C:/Users/35695/Downloads/AdvancedGridInventorySyst 5.7/AdvancedGridInventorySyst 5.7/Content/Fantastic_Village_Pack/meshes/props/construction/SM_PROP_wall_wood.uexp" 2900
"C:/Users/35695/Downloads/AdvancedGridInventorySyst 5.7/AdvancedGridInventorySyst 5.7/Content/Fantastic_Village_Pack/meshes/props/construction/SM_PROP_wall_wood_corner_02.ubulk" 2901
"C:/Users/35695/Downloads/AdvancedGridInventorySyst 5.7/AdvancedGridInventorySyst 5.7/Content/Fantastic_Village_Pack/meshes/props/construction/SM_PROP_wall_wood_corner_02.uasset" 2902
"C:/Users/35695/Downloads/AdvancedGridInventorySyst 5.7/AdvancedGridInventorySyst 5.7/Content/Fantastic_Village_Pack/meshes/props/construction/SM_PROP_wall_wood_corner_02.uexp" 2903
"C:/Users/35695/Downloads/AdvancedGridInventorySyst 5.7/AdvancedGridInventorySyst 5.7/Content/Fantastic_Village_Pack/meshes/props/construction/SM_PROP_wall_wood_stairs_01.ubulk" 2904
"C:/Users/35695/Downloads/AdvancedGridInventorySyst 5.7/AdvancedGridInventorySyst 5.7/Content/Fantastic_Village_Pack/meshes/props/construction/SM_PROP_wall_wood_stairs_01.uasset" 2905
"C:/Users/35695/Downloads/AdvancedGridInventorySyst 5.7/AdvancedGridInventorySyst 5.7/Content/Fantastic_Village_Pack/meshes/props/construction/SM_PROP_wall_wood_stairs_01.uexp" 2906
"C:/Users/35695/Downloads/AdvancedGridInventorySyst 5.7/AdvancedGridInventorySyst 5.7/Content/Fantastic_Village_Pack/meshes/props/construction/SM_PROP_wall_wood_stairs_02.ubulk" 2907
"C:/Users/35695/Downloads/AdvancedGridInventorySyst 5.7/AdvancedGridInventorySyst 5.7/Content/Fantastic_Village_Pack/meshes/props/construction/SM_PROP_wall_wood_stairs_02.uasset" 2908
"C:/Users/35695/Downloads/AdvancedGridInventorySyst 5.7/AdvancedGridInventorySyst 5.7/Content/Fantastic_Village_Pack/meshes/props/construction/SM_PROP_wall_wood_stairs_02.uexp" 2909
"C:/Users/35695/Downloads/AdvancedGridInventorySyst 5.7/AdvancedGridInventorySyst 5.7/Content/Fantastic_Village_Pack/meshes/props/construction/SM_PROP_watchtower_wood_01.ubulk" 2910
"C:/Users/35695/Downloads/AdvancedGridInventorySyst 5.7/AdvancedGridInventorySyst 5.7/Content/Fantastic_Village_Pack/meshes/props/construction/SM_PROP_watchtower_wood_01.uasset" 2911
"C:/Users/35695/Downloads/AdvancedGridInventorySyst 5.7/AdvancedGridInventorySyst 5.7/Content/Fantastic_Village_Pack/meshes/props/construction/SM_PROP_watchtower_wood_01.uexp" 2912
"C:/Users/35695/Downloads/AdvancedGridInventorySyst 5.7/AdvancedGridInventorySyst 5.7/Content/Fantastic_Village_Pack/meshes/props/construction/SM_PROP_watchtower_wood_02.ubulk" 2913
"C:/Users/35695/Downloads/AdvancedGridInventorySyst 5.7/AdvancedGridInventorySyst 5.7/Content/Fantastic_Village_Pack/meshes/props/construction/SM_PROP_watchtower_wood_02.uasset" 2914
"C:/Users/35695/Downloads/AdvancedGridInventorySyst 5.7/AdvancedGridInventorySyst 5.7/Content/Fantastic_Village_Pack/meshes/props/construction/SM_PROP_watchtower_wood_02.uexp" 2915
"C:/Users/35695/Downloads/AdvancedGridInventorySyst 5.7/AdvancedGridInventorySyst 5.7/Content/Fantastic_Village_Pack/meshes/props/container/SM_PROP_barrel_02.ubulk" 2916
"C:/Users/35695/Downloads/AdvancedGridInventorySyst 5.7/AdvancedGridInventorySyst 5.7/Content/Fantastic_Village_Pack/meshes/props/container/SM_PROP_barrel_02.uasset" 2917
"C:/Users/35695/Downloads/AdvancedGridInventorySyst 5.7/AdvancedGridInventorySyst 5.7/Content/Fantastic_Village_Pack/meshes/props/container/SM_PROP_barrel_02.uexp" 2918
"C:/Users/35695/Downloads/AdvancedGridInventorySyst 5.7/AdvancedGridInventorySyst 5.7/Content/Fantastic_Village_Pack/meshes/props/container/SM_PROP_barrel_03.ubulk" 2919
"C:/Users/35695/Downloads/AdvancedGridInventorySyst 5.7/AdvancedGridInventorySyst 5.7/Content/Fantastic_Village_Pack/meshes/props/container/SM_PROP_barrel_03.uasset" 2920
"C:/Users/35695/Downloads/AdvancedGridInventorySyst 5.7/AdvancedGridInventorySyst 5.7/Content/Fantastic_Village_Pack/meshes/props/container/SM_PROP_barrel_03.uexp" 2921
"C:/Users/35695/Downloads/AdvancedGridInventorySyst 5.7/AdvancedGridInventorySyst 5.7/Content/Fantastic_Village_Pack/meshes/props/container/SM_PROP_barrel_04.ubulk" 2922
"C:/Users/35695/Downloads/AdvancedGridInventorySyst 5.7/AdvancedGridInventorySyst 5.7/Content/Fantastic_Village_Pack/meshes/props/container/SM_PROP_barrel_04.uasset" 2923
"C:/Users/35695/Downloads/AdvancedGridInventorySyst 5.7/AdvancedGridInventorySyst 5.7/Content/Fantastic_Village_Pack/meshes/props/container/SM_PROP_barrel_04.uexp" 2924
"C:/Users/35695/Downloads/AdvancedGridInventorySyst 5.7/AdvancedGridInventorySyst 5.7/Content/Fantastic_Village_Pack/meshes/props/container/SM_PROP_barrel_05.ubulk" 2925
"C:/Users/35695/Downloads/AdvancedGridInventorySyst 5.7/AdvancedGridInventorySyst 5.7/Content/Fantastic_Village_Pack/meshes/props/container/SM_PROP_barrel_05.uasset" 2926
"C:/Users/35695/Downloads/AdvancedGridInventorySyst 5.7/AdvancedGridInventorySyst 5.7/Content/Fantastic_Village_Pack/meshes/props/container/SM_PROP_barrel_05.uexp" 2927
"C:/Users/35695/Downloads/AdvancedGridInventorySyst 5.7/AdvancedGridInventorySyst 5.7/Content/Fantastic_Village_Pack/meshes/props/container/SM_PROP_barrel_06.ubulk" 2928
"C:/Users/35695/Downloads/AdvancedGridInventorySyst 5.7/AdvancedGridInventorySyst 5.7/Content/Fantastic_Village_Pack/meshes/props/container/SM_PROP_barrel_06.uasset" 2929
"C:/Users/35695/Downloads/AdvancedGridInventorySyst 5.7/AdvancedGridInventorySyst 5.7/Content/Fantastic_Village_Pack/meshes/props/container/SM_PROP_barrel_06.uexp" 2930
"C:/Users/35695/Downloads/AdvancedGridInventorySyst 5.7/AdvancedGridInventorySyst 5.7/Content/Fantastic_Village_Pack/meshes/props/container/SM_PROP_barrel_08.ubulk" 2931
"C:/Users/35695/Downloads/AdvancedGridInventorySyst 5.7/AdvancedGridInventorySyst 5.7/Content/Fantastic_Village_Pack/meshes/props/container/SM_PROP_barrel_08.uasset" 2932
"C:/Users/35695/Downloads/AdvancedGridInventorySyst 5.7/AdvancedGridInventorySyst 5.7/Content/Fantastic_Village_Pack/meshes/props/container/SM_PROP_barrel_08.uexp" 2933
"C:/Users/35695/Downloads/AdvancedGridInventorySyst 5.7/AdvancedGridInventorySyst 5.7/Content/Fantastic_Village_Pack/meshes/props/container/SM_PROP_basket_01.ubulk" 2934
"C:/Users/35695/Downloads/AdvancedGridInventorySyst 5.7/AdvancedGridInventorySyst 5.7/Content/Fantastic_Village_Pack/meshes/props/container/SM_PROP_basket_01.uasset" 2935
"C:/Users/35695/Downloads/AdvancedGridInventorySyst 5.7/AdvancedGridInventorySyst 5.7/Content/Fantastic_Village_Pack/meshes/props/container/SM_PROP_basket_01.uexp" 2936
"C:/Users/35695/Downloads/AdvancedGridInventorySyst 5.7/AdvancedGridInventorySyst 5.7/Content/Fantastic_Village_Pack/meshes/props/container/SM_PROP_basket_02.ubulk" 2937
"C:/Users/35695/Downloads/AdvancedGridInventorySyst 5.7/AdvancedGridInventorySyst 5.7/Content/Fantastic_Village_Pack/meshes/props/container/SM_PROP_basket_02.uasset" 2938
"C:/Users/35695/Downloads/AdvancedGridInventorySyst 5.7/AdvancedGridInventorySyst 5.7/Content/Fantastic_Village_Pack/meshes/props/container/SM_PROP_basket_02.uexp" 2939
"C:/Users/35695/Downloads/AdvancedGridInventorySyst 5.7/AdvancedGridInventorySyst 5.7/Content/Fantastic_Village_Pack/meshes/props/container/SM_PROP_basket_03.ubulk" 2940
"C:/Users/35695/Downloads/AdvancedGridInventorySyst 5.7/AdvancedGridInventorySyst 5.7/Content/Fantastic_Village_Pack/meshes/props/container/SM_PROP_basket_03.uasset" 2941
"C:/Users/35695/Downloads/AdvancedGridInventorySyst 5.7/AdvancedGridInventorySyst 5.7/Content/Fantastic_Village_Pack/meshes/props/container/SM_PROP_basket_03.uexp" 2942
"C:/Users/35695/Downloads/AdvancedGridInventorySyst 5.7/AdvancedGridInventorySyst 5.7/Content/Fantastic_Village_Pack/meshes/props/container/SM_PROP_box_02.ubulk" 2943
"C:/Users/35695/Downloads/AdvancedGridInventorySyst 5.7/AdvancedGridInventorySyst 5.7/Content/Fantastic_Village_Pack/meshes/props/container/SM_PROP_box_02.uasset" 2944
"C:/Users/35695/Downloads/AdvancedGridInventorySyst 5.7/AdvancedGridInventorySyst 5.7/Content/Fantastic_Village_Pack/meshes/props/container/SM_PROP_box_02.uexp" 2945
"C:/Users/35695/Downloads/AdvancedGridInventorySyst 5.7/AdvancedGridInventorySyst 5.7/Content/Fantastic_Village_Pack/meshes/props/container/SM_PROP_box_03.ubulk" 2946
"C:/Users/35695/Downloads/AdvancedGridInventorySyst 5.7/AdvancedGridInventorySyst 5.7/Content/Fantastic_Village_Pack/meshes/props/container/SM_PROP_box_03.uasset" 2947
"C:/Users/35695/Downloads/AdvancedGridInventorySyst 5.7/AdvancedGridInventorySyst 5.7/Content/Fantastic_Village_Pack/meshes/props/container/SM_PROP_box_03.uexp" 2948
"C:/Users/35695/Downloads/AdvancedGridInventorySyst 5.7/AdvancedGridInventorySyst 5.7/Content/Fantastic_Village_Pack/meshes/props/container/SM_PROP_box_04.ubulk" 2949
"C:/Users/35695/Downloads/AdvancedGridInventorySyst 5.7/AdvancedGridInventorySyst 5.7/Content/Fantastic_Village_Pack/meshes/props/container/SM_PROP_box_04.uasset" 2950
"C:/Users/35695/Downloads/AdvancedGridInventorySyst 5.7/AdvancedGridInventorySyst 5.7/Content/Fantastic_Village_Pack/meshes/props/container/SM_PROP_box_04.uexp" 2951
"C:/Users/35695/Downloads/AdvancedGridInventorySyst 5.7/AdvancedGridInventorySyst 5.7/Content/Fantastic_Village_Pack/meshes/props/container/SM_PROP_box_lid_02.ubulk" 2952
"C:/Users/35695/Downloads/AdvancedGridInventorySyst 5.7/AdvancedGridInventorySyst 5.7/Content/Fantastic_Village_Pack/meshes/props/container/SM_PROP_box_lid_02.uasset" 2953
"C:/Users/35695/Downloads/AdvancedGridInventorySyst 5.7/AdvancedGridInventorySyst 5.7/Content/Fantastic_Village_Pack/meshes/props/container/SM_PROP_box_lid_02.uexp" 2954
"C:/Users/35695/Downloads/AdvancedGridInventorySyst 5.7/AdvancedGridInventorySyst 5.7/Content/Fantastic_Village_Pack/meshes/props/container/SM_PROP_bucket_02.ubulk" 2955
"C:/Users/35695/Downloads/AdvancedGridInventorySyst 5.7/AdvancedGridInventorySyst 5.7/Content/Fantastic_Village_Pack/meshes/props/container/SM_PROP_bucket_02.uasset" 2956
"C:/Users/35695/Downloads/AdvancedGridInventorySyst 5.7/AdvancedGridInventorySyst 5.7/Content/Fantastic_Village_Pack/meshes/props/container/SM_PROP_bucket_02.uexp" 2957
"C:/Users/35695/Downloads/AdvancedGridInventorySyst 5.7/AdvancedGridInventorySyst 5.7/Content/Fantastic_Village_Pack/textures/T_PROP_laundry.ubulk" 2958
"C:/Users/35695/Downloads/AdvancedGridInventorySyst 5.7/AdvancedGridInventorySyst 5.7/Content/Fantastic_Village_Pack/textures/T_PROP_laundry.uasset" 2959
"C:/Users/35695/Downloads/AdvancedGridInventorySyst 5.7/AdvancedGridInventorySyst 5.7/Content/Fantastic_Village_Pack/textures/T_PROP_laundry.uexp" 2960
"C:/Users/35695/Downloads/AdvancedGridInventorySyst 5.7/AdvancedGridInventorySyst 5.7/Content/Fantastic_Village_Pack/materials/MI_PROP_laundry.uasset" 2961
"C:/Users/35695/Downloads/AdvancedGridInventorySyst 5.7/AdvancedGridInventorySyst 5.7/Content/Fantastic_Village_Pack/materials/MI_PROP_laundry.uexp" 2962
"C:/Users/35695/Downloads/AdvancedGridInventorySyst 5.7/AdvancedGridInventorySyst 5.7/Content/Fantastic_Village_Pack/meshes/props/container/SM_PROP_bucket_03.ubulk" 2963
"C:/Users/35695/Downloads/AdvancedGridInventorySyst 5.7/AdvancedGridInventorySyst 5.7/Content/Fantastic_Village_Pack/meshes/props/container/SM_PROP_bucket_03.uasset" 2964
"C:/Users/35695/Downloads/AdvancedGridInventorySyst 5.7/AdvancedGridInventorySyst 5.7/Content/Fantastic_Village_Pack/meshes/props/container/SM_PROP_bucket_03.uexp" 2965
"C:/Users/35695/Downloads/AdvancedGridInventorySyst 5.7/AdvancedGridInventorySyst 5.7/Content/Fantastic_Village_Pack/textures/T_wood_planks_02_BC.ubulk" 2966
"C:/Users/35695/Downloads/AdvancedGridInventorySyst 5.7/AdvancedGridInventorySyst 5.7/Content/Fantastic_Village_Pack/textures/T_wood_planks_02_BC.uasset" 2967
"C:/Users/35695/Downloads/AdvancedGridInventorySyst 5.7/AdvancedGridInventorySyst 5.7/Content/Fantastic_Village_Pack/textures/T_wood_planks_02_BC.uexp" 2968
"C:/Users/35695/Downloads/AdvancedGridInventorySyst 5.7/AdvancedGridInventorySyst 5.7/Content/Fantastic_Village_Pack/materials/MI_wood_planks_02.uasset" 2969
"C:/Users/35695/Downloads/AdvancedGridInventorySyst 5.7/AdvancedGridInventorySyst 5.7/Content/Fantastic_Village_Pack/materials/MI_wood_planks_02.uexp" 2970
"C:/Users/35695/Downloads/AdvancedGridInventorySyst 5.7/AdvancedGridInventorySyst 5.7/Content/Fantastic_Village_Pack/meshes/props/container/SM_PROP_crate_01.ubulk" 2971
"C:/Users/35695/Downloads/AdvancedGridInventorySyst 5.7/AdvancedGridInventorySyst 5.7/Content/Fantastic_Village_Pack/meshes/props/container/SM_PROP_crate_01.uasset" 2972
"C:/Users/35695/Downloads/AdvancedGridInventorySyst 5.7/AdvancedGridInventorySyst 5.7/Content/Fantastic_Village_Pack/meshes/props/container/SM_PROP_crate_01.uexp" 2973
"C:/Users/35695/Downloads/AdvancedGridInventorySyst 5.7/AdvancedGridInventorySyst 5.7/Content/Fantastic_Village_Pack/meshes/props/container/SM_PROP_trough_01.ubulk" 2974
"C:/Users/35695/Downloads/AdvancedGridInventorySyst 5.7/AdvancedGridInventorySyst 5.7/Content/Fantastic_Village_Pack/meshes/props/container/SM_PROP_trough_01.uasset" 2975
"C:/Users/35695/Downloads/AdvancedGridInventorySyst 5.7/AdvancedGridInventorySyst 5.7/Content/Fantastic_Village_Pack/meshes/props/container/SM_PROP_trough_01.uexp" 2976
"C:/Users/35695/Downloads/AdvancedGridInventorySyst 5.7/AdvancedGridInventorySyst 5.7/Content/Fantastic_Village_Pack/materials/MI_CLR_blue.uasset" 2977
"C:/Users/35695/Downloads/AdvancedGridInventorySyst 5.7/AdvancedGridInventorySyst 5.7/Content/Fantastic_Village_Pack/materials/MI_CLR_blue.uexp" 2978
"C:/Users/35695/Downloads/AdvancedGridInventorySyst 5.7/AdvancedGridInventorySyst 5.7/Content/Fantastic_Village_Pack/meshes/props/container/SM_PROP_trough_02.ubulk" 2979
"C:/Users/35695/Downloads/AdvancedGridInventorySyst 5.7/AdvancedGridInventorySyst 5.7/Content/Fantastic_Village_Pack/meshes/props/container/SM_PROP_trough_02.uasset" 2980
"C:/Users/35695/Downloads/AdvancedGridInventorySyst 5.7/AdvancedGridInventorySyst 5.7/Content/Fantastic_Village_Pack/meshes/props/container/SM_PROP_trough_02.uexp" 2981
"C:/Users/35695/Downloads/AdvancedGridInventorySyst 5.7/AdvancedGridInventorySyst 5.7/Content/Fantastic_Village_Pack/textures/T_PROP_paper.ubulk" 2982
"C:/Users/35695/Downloads/AdvancedGridInventorySyst 5.7/AdvancedGridInventorySyst 5.7/Content/Fantastic_Village_Pack/textures/T_PROP_paper.uasset" 2983
"C:/Users/35695/Downloads/AdvancedGridInventorySyst 5.7/AdvancedGridInventorySyst 5.7/Content/Fantastic_Village_Pack/textures/T_PROP_paper.uexp" 2984
"C:/Users/35695/Downloads/AdvancedGridInventorySyst 5.7/AdvancedGridInventorySyst 5.7/Content/Fantastic_Village_Pack/materials/MI_PROP_paper.uasset" 2985
"C:/Users/35695/Downloads/AdvancedGridInventorySyst 5.7/AdvancedGridInventorySyst 5.7/Content/Fantastic_Village_Pack/materials/MI_PROP_paper.uexp" 2986
"C:/Users/35695/Downloads/AdvancedGridInventorySyst 5.7/AdvancedGridInventorySyst 5.7/Content/Fantastic_Village_Pack/meshes/props/deco/SM_PROP_board_01.ubulk" 2987
"C:/Users/35695/Downloads/AdvancedGridInventorySyst 5.7/AdvancedGridInventorySyst 5.7/Content/Fantastic_Village_Pack/meshes/props/deco/SM_PROP_board_01.uasset" 2988
"C:/Users/35695/Downloads/AdvancedGridInventorySyst 5.7/AdvancedGridInventorySyst 5.7/Content/Fantastic_Village_Pack/meshes/props/deco/SM_PROP_board_01.uexp" 2989
"C:/Users/35695/Downloads/AdvancedGridInventorySyst 5.7/AdvancedGridInventorySyst 5.7/Content/Fantastic_Village_Pack/meshes/props/deco/SM_PROP_board_02.ubulk" 2990
"C:/Users/35695/Downloads/AdvancedGridInventorySyst 5.7/AdvancedGridInventorySyst 5.7/Content/Fantastic_Village_Pack/meshes/props/deco/SM_PROP_board_02.uasset" 2991
"C:/Users/35695/Downloads/AdvancedGridInventorySyst 5.7/AdvancedGridInventorySyst 5.7/Content/Fantastic_Village_Pack/meshes/props/deco/SM_PROP_board_02.uexp" 2992
"C:/Users/35695/Downloads/AdvancedGridInventorySyst 5.7/AdvancedGridInventorySyst 5.7/Content/Fantastic_Village_Pack/meshes/props/deco/SM_PROP_clothesline_01.ubulk" 2993
"C:/Users/35695/Downloads/AdvancedGridInventorySyst 5.7/AdvancedGridInventorySyst 5.7/Content/Fantastic_Village_Pack/meshes/props/deco/SM_PROP_clothesline_01.uasset" 2994
"C:/Users/35695/Downloads/AdvancedGridInventorySyst 5.7/AdvancedGridInventorySyst 5.7/Content/Fantastic_Village_Pack/meshes/props/deco/SM_PROP_clothesline_01.uexp" 2995
"C:/Users/35695/Downloads/AdvancedGridInventorySyst 5.7/AdvancedGridInventorySyst 5.7/Content/Fantastic_Village_Pack/meshes/props/deco/SM_PROP_clothesline_02.ubulk" 2996
"C:/Users/35695/Downloads/AdvancedGridInventorySyst 5.7/AdvancedGridInventorySyst 5.7/Content/Fantastic_Village_Pack/meshes/props/deco/SM_PROP_clothesline_02.uasset" 2997
"C:/Users/35695/Downloads/AdvancedGridInventorySyst 5.7/AdvancedGridInventorySyst 5.7/Content/Fantastic_Village_Pack/meshes/props/deco/SM_PROP_clothesline_02.uexp" 2998
"C:/Users/35695/Downloads/AdvancedGridInventorySyst 5.7/AdvancedGridInventorySyst 5.7/Content/Fantastic_Village_Pack/meshes/props/deco/SM_PROP_clothesline_03.ubulk" 2999
"C:/Users/35695/Downloads/AdvancedGridInventorySyst 5.7/AdvancedGridInventorySyst 5.7/Content/Fantastic_Village_Pack/meshes/props/deco/SM_PROP_clothesline_03.uasset" 3000
"C:/Users/35695/Downloads/AdvancedGridInventorySyst 5.7/AdvancedGridInventorySyst 5.7/Content/Fantastic_Village_Pack/meshes/props/deco/SM_PROP_clothesline_03.uexp" 3001
"C:/Users/35695/Downloads/AdvancedGridInventorySyst 5.7/AdvancedGridInventorySyst 5.7/Content/Fantastic_Village_Pack/textures/T_PROP_flags.ubulk" 3002
"C:/Users/35695/Downloads/AdvancedGridInventorySyst 5.7/AdvancedGridInventorySyst 5.7/Content/Fantastic_Village_Pack/textures/T_PROP_flags.uasset" 3003
"C:/Users/35695/Downloads/AdvancedGridInventorySyst 5.7/AdvancedGridInventorySyst 5.7/Content/Fantastic_Village_Pack/textures/T_PROP_flags.uexp" 3004
"C:/Users/35695/Downloads/AdvancedGridInventorySyst 5.7/AdvancedGridInventorySyst 5.7/Content/Fantastic_Village_Pack/materials/master_materials/M_Master_flags_wind.uasset" 3005
"C:/Users/35695/Downloads/AdvancedGridInventorySyst 5.7/AdvancedGridInventorySyst 5.7/Content/Fantastic_Village_Pack/materials/master_materials/M_Master_flags_wind.uexp" 3006
"C:/Users/35695/Downloads/AdvancedGridInventorySyst 5.7/AdvancedGridInventorySyst 5.7/Content/Fantastic_Village_Pack/materials/MI_PROP_flags_wind.uasset" 3007
"C:/Users/35695/Downloads/AdvancedGridInventorySyst 5.7/AdvancedGridInventorySyst 5.7/Content/Fantastic_Village_Pack/materials/MI_PROP_flags_wind.uexp" 3008
"C:/Users/35695/Downloads/AdvancedGridInventorySyst 5.7/AdvancedGridInventorySyst 5.7/Content/Fantastic_Village_Pack/meshes/props/deco/SM_PROP_flag_01.ubulk" 3009
"C:/Users/35695/Downloads/AdvancedGridInventorySyst 5.7/AdvancedGridInventorySyst 5.7/Content/Fantastic_Village_Pack/meshes/props/deco/SM_PROP_flag_01.uasset" 3010
"C:/Users/35695/Downloads/AdvancedGridInventorySyst 5.7/AdvancedGridInventorySyst 5.7/Content/Fantastic_Village_Pack/meshes/props/deco/SM_PROP_flag_01.uexp" 3011
"C:/Users/35695/Downloads/AdvancedGridInventorySyst 5.7/AdvancedGridInventorySyst 5.7/Content/Fantastic_Village_Pack/meshes/props/deco/SM_PROP_flag_03.ubulk" 3012
"C:/Users/35695/Downloads/AdvancedGridInventorySyst 5.7/AdvancedGridInventorySyst 5.7/Content/Fantastic_Village_Pack/meshes/props/deco/SM_PROP_flag_03.uasset" 3013
"C:/Users/35695/Downloads/AdvancedGridInventorySyst 5.7/AdvancedGridInventorySyst 5.7/Content/Fantastic_Village_Pack/meshes/props/deco/SM_PROP_flag_03.uexp" 3014
"C:/Users/35695/Downloads/AdvancedGridInventorySyst 5.7/AdvancedGridInventorySyst 5.7/Content/Fantastic_Village_Pack/meshes/props/deco/SM_PROP_knife_01.ubulk" 3015
"C:/Users/35695/Downloads/AdvancedGridInventorySyst 5.7/AdvancedGridInventorySyst 5.7/Content/Fantastic_Village_Pack/meshes/props/deco/SM_PROP_knife_01.uasset" 3016
"C:/Users/35695/Downloads/AdvancedGridInventorySyst 5.7/AdvancedGridInventorySyst 5.7/Content/Fantastic_Village_Pack/meshes/props/deco/SM_PROP_knife_01.uexp" 3017
"C:/Users/35695/Downloads/AdvancedGridInventorySyst 5.7/AdvancedGridInventorySyst 5.7/Content/Fantastic_Village_Pack/meshes/props/deco/SM_PROP_knife_02.ubulk" 3018
"C:/Users/35695/Downloads/AdvancedGridInventorySyst 5.7/AdvancedGridInventorySyst 5.7/Content/Fantastic_Village_Pack/meshes/props/deco/SM_PROP_knife_02.uasset" 3019
"C:/Users/35695/Downloads/AdvancedGridInventorySyst 5.7/AdvancedGridInventorySyst 5.7/Content/Fantastic_Village_Pack/meshes/props/deco/SM_PROP_knife_02.uexp" 3020
"C:/Users/35695/Downloads/AdvancedGridInventorySyst 5.7/AdvancedGridInventorySyst 5.7/Content/Fantastic_Village_Pack/meshes/props/deco/SM_PROP_ladder.ubulk" 3021
"C:/Users/35695/Downloads/AdvancedGridInventorySyst 5.7/AdvancedGridInventorySyst 5.7/Content/Fantastic_Village_Pack/meshes/props/deco/SM_PROP_ladder.uasset" 3022
"C:/Users/35695/Downloads/AdvancedGridInventorySyst 5.7/AdvancedGridInventorySyst 5.7/Content/Fantastic_Village_Pack/meshes/props/deco/SM_PROP_ladder.uexp" 3023
"C:/Users/35695/Downloads/AdvancedGridInventorySyst 5.7/AdvancedGridInventorySyst 5.7/Content/Fantastic_Village_Pack/meshes/props/deco/SM_PROP_mailbox.ubulk" 3024
"C:/Users/35695/Downloads/AdvancedGridInventorySyst 5.7/AdvancedGridInventorySyst 5.7/Content/Fantastic_Village_Pack/meshes/props/deco/SM_PROP_mailbox.uasset" 3025
"C:/Users/35695/Downloads/AdvancedGridInventorySyst 5.7/AdvancedGridInventorySyst 5.7/Content/Fantastic_Village_Pack/meshes/props/deco/SM_PROP_mailbox.uexp" 3026
"C:/Users/35695/Downloads/AdvancedGridInventorySyst 5.7/AdvancedGridInventorySyst 5.7/Content/Fantastic_Village_Pack/meshes/props/deco/SM_PROP_pan.ubulk" 3027
"C:/Users/35695/Downloads/AdvancedGridInventorySyst 5.7/AdvancedGridInventorySyst 5.7/Content/Fantastic_Village_Pack/meshes/props/deco/SM_PROP_pan.uasset" 3028
"C:/Users/35695/Downloads/AdvancedGridInventorySyst 5.7/AdvancedGridInventorySyst 5.7/Content/Fantastic_Village_Pack/meshes/props/deco/SM_PROP_pan.uexp" 3029
"C:/Users/35695/Downloads/AdvancedGridInventorySyst 5.7/AdvancedGridInventorySyst 5.7/Content/Fantastic_Village_Pack/meshes/props/deco/SM_PROP_pan_lid.ubulk" 3030
"C:/Users/35695/Downloads/AdvancedGridInventorySyst 5.7/AdvancedGridInventorySyst 5.7/Content/Fantastic_Village_Pack/meshes/props/deco/SM_PROP_pan_lid.uasset" 3031
"C:/Users/35695/Downloads/AdvancedGridInventorySyst 5.7/AdvancedGridInventorySyst 5.7/Content/Fantastic_Village_Pack/meshes/props/deco/SM_PROP_pan_lid.uexp" 3032
"C:/Users/35695/Downloads/AdvancedGridInventorySyst 5.7/AdvancedGridInventorySyst 5.7/Content/Fantastic_Village_Pack/meshes/props/deco/SM_PROP_paper_01.ubulk" 3033
"C:/Users/35695/Downloads/AdvancedGridInventorySyst 5.7/AdvancedGridInventorySyst 5.7/Content/Fantastic_Village_Pack/meshes/props/deco/SM_PROP_paper_01.uasset" 3034
"C:/Users/35695/Downloads/AdvancedGridInventorySyst 5.7/AdvancedGridInventorySyst 5.7/Content/Fantastic_Village_Pack/meshes/props/deco/SM_PROP_paper_01.uexp" 3035
"C:/Users/35695/Downloads/AdvancedGridInventorySyst 5.7/AdvancedGridInventorySyst 5.7/Content/Fantastic_Village_Pack/meshes/props/deco/SM_PROP_paper_02.ubulk" 3036
"C:/Users/35695/Downloads/AdvancedGridInventorySyst 5.7/AdvancedGridInventorySyst 5.7/Content/Fantastic_Village_Pack/meshes/props/deco/SM_PROP_paper_02.uasset" 3037
"C:/Users/35695/Downloads/AdvancedGridInventorySyst 5.7/AdvancedGridInventorySyst 5.7/Content/Fantastic_Village_Pack/meshes/props/deco/SM_PROP_paper_02.uexp" 3038
"C:/Users/35695/Downloads/AdvancedGridInventorySyst 5.7/AdvancedGridInventorySyst 5.7/Content/Fantastic_Village_Pack/meshes/props/deco/SM_PROP_paper_03.ubulk" 3039
"C:/Users/35695/Downloads/AdvancedGridInventorySyst 5.7/AdvancedGridInventorySyst 5.7/Content/Fantastic_Village_Pack/meshes/props/deco/SM_PROP_paper_03.uasset" 3040
"C:/Users/35695/Downloads/AdvancedGridInventorySyst 5.7/AdvancedGridInventorySyst 5.7/Content/Fantastic_Village_Pack/meshes/props/deco/SM_PROP_paper_03.uexp" 3041
"C:/Users/35695/Downloads/AdvancedGridInventorySyst 5.7/AdvancedGridInventorySyst 5.7/Content/Fantastic_Village_Pack/meshes/props/deco/SM_PROP_paper_04.ubulk" 3042
"C:/Users/35695/Downloads/AdvancedGridInventorySyst 5.7/AdvancedGridInventorySyst 5.7/Content/Fantastic_Village_Pack/meshes/props/deco/SM_PROP_paper_04.uasset" 3043
"C:/Users/35695/Downloads/AdvancedGridInventorySyst 5.7/AdvancedGridInventorySyst 5.7/Content/Fantastic_Village_Pack/meshes/props/deco/SM_PROP_paper_04.uexp" 3044
"C:/Users/35695/Downloads/AdvancedGridInventorySyst 5.7/AdvancedGridInventorySyst 5.7/Content/Fantastic_Village_Pack/meshes/props/deco/SM_PROP_pitchfork.ubulk" 3045
"C:/Users/35695/Downloads/AdvancedGridInventorySyst 5.7/AdvancedGridInventorySyst 5.7/Content/Fantastic_Village_Pack/meshes/props/deco/SM_PROP_pitchfork.uasset" 3046
"C:/Users/35695/Downloads/AdvancedGridInventorySyst 5.7/AdvancedGridInventorySyst 5.7/Content/Fantastic_Village_Pack/meshes/props/deco/SM_PROP_pitchfork.uexp" 3047
"C:/Users/35695/Downloads/AdvancedGridInventorySyst 5.7/AdvancedGridInventorySyst 5.7/Content/Fantastic_Village_Pack/meshes/props/deco/SM_PROP_plate_metal_02.ubulk" 3048
"C:/Users/35695/Downloads/AdvancedGridInventorySyst 5.7/AdvancedGridInventorySyst 5.7/Content/Fantastic_Village_Pack/meshes/props/deco/SM_PROP_plate_metal_02.uasset" 3049
"C:/Users/35695/Downloads/AdvancedGridInventorySyst 5.7/AdvancedGridInventorySyst 5.7/Content/Fantastic_Village_Pack/meshes/props/deco/SM_PROP_plate_metal_02.uexp" 3050
"C:/Users/35695/Downloads/AdvancedGridInventorySyst 5.7/AdvancedGridInventorySyst 5.7/Content/Fantastic_Village_Pack/meshes/props/deco/SM_PROP_poster_01.ubulk" 3051
"C:/Users/35695/Downloads/AdvancedGridInventorySyst 5.7/AdvancedGridInventorySyst 5.7/Content/Fantastic_Village_Pack/meshes/props/deco/SM_PROP_poster_01.uasset" 3052
"C:/Users/35695/Downloads/AdvancedGridInventorySyst 5.7/AdvancedGridInventorySyst 5.7/Content/Fantastic_Village_Pack/meshes/props/deco/SM_PROP_poster_01.uexp" 3053
"C:/Users/35695/Downloads/AdvancedGridInventorySyst 5.7/AdvancedGridInventorySyst 5.7/Content/Fantastic_Village_Pack/meshes/props/deco/SM_PROP_poster_02.ubulk" 3054
"C:/Users/35695/Downloads/AdvancedGridInventorySyst 5.7/AdvancedGridInventorySyst 5.7/Content/Fantastic_Village_Pack/meshes/props/deco/SM_PROP_poster_02.uasset" 3055
"C:/Users/35695/Downloads/AdvancedGridInventorySyst 5.7/AdvancedGridInventorySyst 5.7/Content/Fantastic_Village_Pack/meshes/props/deco/SM_PROP_poster_02.uexp" 3056
"C:/Users/35695/Downloads/AdvancedGridInventorySyst 5.7/AdvancedGridInventorySyst 5.7/Content/Fantastic_Village_Pack/textures/T_PROP_signpost.ubulk" 3057
"C:/Users/35695/Downloads/AdvancedGridInventorySyst 5.7/AdvancedGridInventorySyst 5.7/Content/Fantastic_Village_Pack/textures/T_PROP_signpost.uasset" 3058
"C:/Users/35695/Downloads/AdvancedGridInventorySyst 5.7/AdvancedGridInventorySyst 5.7/Content/Fantastic_Village_Pack/textures/T_PROP_signpost.uexp" 3059
"C:/Users/35695/Downloads/AdvancedGridInventorySyst 5.7/AdvancedGridInventorySyst 5.7/Content/Fantastic_Village_Pack/materials/MI_PROP_signpost.uasset" 3060
"C:/Users/35695/Downloads/AdvancedGridInventorySyst 5.7/AdvancedGridInventorySyst 5.7/Content/Fantastic_Village_Pack/materials/MI_PROP_signpost.uexp" 3061
"C:/Users/35695/Downloads/AdvancedGridInventorySyst 5.7/AdvancedGridInventorySyst 5.7/Content/Fantastic_Village_Pack/meshes/props/deco/SM_PROP_signpost_02.ubulk" 3062
"C:/Users/35695/Downloads/AdvancedGridInventorySyst 5.7/AdvancedGridInventorySyst 5.7/Content/Fantastic_Village_Pack/meshes/props/deco/SM_PROP_signpost_02.uasset" 3063
"C:/Users/35695/Downloads/AdvancedGridInventorySyst 5.7/AdvancedGridInventorySyst 5.7/Content/Fantastic_Village_Pack/meshes/props/deco/SM_PROP_signpost_02.uexp" 3064
"C:/Users/35695/Downloads/AdvancedGridInventorySyst 5.7/AdvancedGridInventorySyst 5.7/Content/Fantastic_Village_Pack/meshes/props/deco/SM_PROP_signpost_03.ubulk" 3065
"C:/Users/35695/Downloads/AdvancedGridInventorySyst 5.7/AdvancedGridInventorySyst 5.7/Content/Fantastic_Village_Pack/meshes/props/deco/SM_PROP_signpost_03.uasset" 3066
"C:/Users/35695/Downloads/AdvancedGridInventorySyst 5.7/AdvancedGridInventorySyst 5.7/Content/Fantastic_Village_Pack/meshes/props/deco/SM_PROP_signpost_03.uexp" 3067
"C:/Users/35695/Downloads/AdvancedGridInventorySyst 5.7/AdvancedGridInventorySyst 5.7/Content/Fantastic_Village_Pack/meshes/props/deco/SM_PROP_signpost_04.ubulk" 3068
"C:/Users/35695/Downloads/AdvancedGridInventorySyst 5.7/AdvancedGridInventorySyst 5.7/Content/Fantastic_Village_Pack/meshes/props/deco/SM_PROP_signpost_04.uasset" 3069
"C:/Users/35695/Downloads/AdvancedGridInventorySyst 5.7/AdvancedGridInventorySyst 5.7/Content/Fantastic_Village_Pack/meshes/props/deco/SM_PROP_signpost_04.uexp" 3070
"C:/Users/35695/Downloads/AdvancedGridInventorySyst 5.7/AdvancedGridInventorySyst 5.7/Content/Fantastic_Village_Pack/textures/T_PROP_signs.ubulk" 3071
"C:/Users/35695/Downloads/AdvancedGridInventorySyst 5.7/AdvancedGridInventorySyst 5.7/Content/Fantastic_Village_Pack/textures/T_PROP_signs.uasset" 3072
"C:/Users/35695/Downloads/AdvancedGridInventorySyst 5.7/AdvancedGridInventorySyst 5.7/Content/Fantastic_Village_Pack/textures/T_PROP_signs.uexp" 3073
"C:/Users/35695/Downloads/AdvancedGridInventorySyst 5.7/AdvancedGridInventorySyst 5.7/Content/Fantastic_Village_Pack/materials/MI_PROP_signs.uasset" 3074
"C:/Users/35695/Downloads/AdvancedGridInventorySyst 5.7/AdvancedGridInventorySyst 5.7/Content/Fantastic_Village_Pack/materials/MI_PROP_signs.uexp" 3075
"C:/Users/35695/Downloads/AdvancedGridInventorySyst 5.7/AdvancedGridInventorySyst 5.7/Content/Fantastic_Village_Pack/meshes/props/deco/SM_PROP_sign_01.ubulk" 3076
"C:/Users/35695/Downloads/AdvancedGridInventorySyst 5.7/AdvancedGridInventorySyst 5.7/Content/Fantastic_Village_Pack/meshes/props/deco/SM_PROP_sign_01.uasset" 3077
"C:/Users/35695/Downloads/AdvancedGridInventorySyst 5.7/AdvancedGridInventorySyst 5.7/Content/Fantastic_Village_Pack/meshes/props/deco/SM_PROP_sign_01.uexp" 3078
"C:/Users/35695/Downloads/AdvancedGridInventorySyst 5.7/AdvancedGridInventorySyst 5.7/Content/Fantastic_Village_Pack/meshes/props/deco/SM_PROP_sign_02.ubulk" 3079
"C:/Users/35695/Downloads/AdvancedGridInventorySyst 5.7/AdvancedGridInventorySyst 5.7/Content/Fantastic_Village_Pack/meshes/props/deco/SM_PROP_sign_02.uasset" 3080
"C:/Users/35695/Downloads/AdvancedGridInventorySyst 5.7/AdvancedGridInventorySyst 5.7/Content/Fantastic_Village_Pack/meshes/props/deco/SM_PROP_sign_02.uexp" 3081
"C:/Users/35695/Downloads/AdvancedGridInventorySyst 5.7/AdvancedGridInventorySyst 5.7/Content/Fantastic_Village_Pack/meshes/props/deco/SM_PROP_sign_03.ubulk" 3082
"C:/Users/35695/Downloads/AdvancedGridInventorySyst 5.7/AdvancedGridInventorySyst 5.7/Content/Fantastic_Village_Pack/meshes/props/deco/SM_PROP_sign_03.uasset" 3083
"C:/Users/35695/Downloads/AdvancedGridInventorySyst 5.7/AdvancedGridInventorySyst 5.7/Content/Fantastic_Village_Pack/meshes/props/deco/SM_PROP_sign_03.uexp" 3084
"C:/Users/35695/Downloads/AdvancedGridInventorySyst 5.7/AdvancedGridInventorySyst 5.7/Content/Fantastic_Village_Pack/meshes/props/deco/SM_PROP_sign_04.ubulk" 3085
"C:/Users/35695/Downloads/AdvancedGridInventorySyst 5.7/AdvancedGridInventorySyst 5.7/Content/Fantastic_Village_Pack/meshes/props/deco/SM_PROP_sign_04.uasset" 3086
"C:/Users/35695/Downloads/AdvancedGridInventorySyst 5.7/AdvancedGridInventorySyst 5.7/Content/Fantastic_Village_Pack/meshes/props/deco/SM_PROP_sign_04.uexp" 3087
"C:/Users/35695/Downloads/AdvancedGridInventorySyst 5.7/AdvancedGridInventorySyst 5.7/Content/Fantastic_Village_Pack/meshes/props/deco/SM_PROP_sign_05.ubulk" 3088
"C:/Users/35695/Downloads/AdvancedGridInventorySyst 5.7/AdvancedGridInventorySyst 5.7/Content/Fantastic_Village_Pack/meshes/props/deco/SM_PROP_sign_05.uasset" 3089
"C:/Users/35695/Downloads/AdvancedGridInventorySyst 5.7/AdvancedGridInventorySyst 5.7/Content/Fantastic_Village_Pack/meshes/props/deco/SM_PROP_sign_05.uexp" 3090
"C:/Users/35695/Downloads/AdvancedGridInventorySyst 5.7/AdvancedGridInventorySyst 5.7/Content/Fantastic_Village_Pack/meshes/props/deco/SM_PROP_sign_06.ubulk" 3091
"C:/Users/35695/Downloads/AdvancedGridInventorySyst 5.7/AdvancedGridInventorySyst 5.7/Content/Fantastic_Village_Pack/meshes/props/deco/SM_PROP_sign_06.uasset" 3092
"C:/Users/35695/Downloads/AdvancedGridInventorySyst 5.7/AdvancedGridInventorySyst 5.7/Content/Fantastic_Village_Pack/meshes/props/deco/SM_PROP_sign_06.uexp" 3093
"C:/Users/35695/Downloads/AdvancedGridInventorySyst 5.7/AdvancedGridInventorySyst 5.7/Content/Fantastic_Village_Pack/meshes/props/deco/SM_PROP_stepladder.ubulk" 3094
"C:/Users/35695/Downloads/AdvancedGridInventorySyst 5.7/AdvancedGridInventorySyst 5.7/Content/Fantastic_Village_Pack/meshes/props/deco/SM_PROP_stepladder.uasset" 3095
"C:/Users/35695/Downloads/AdvancedGridInventorySyst 5.7/AdvancedGridInventorySyst 5.7/Content/Fantastic_Village_Pack/meshes/props/deco/SM_PROP_stepladder.uexp" 3096
"C:/Users/35695/Downloads/AdvancedGridInventorySyst 5.7/AdvancedGridInventorySyst 5.7/Content/Fantastic_Village_Pack/meshes/props/food/SM_PROP_bottle_01.ubulk" 3097
"C:/Users/35695/Downloads/AdvancedGridInventorySyst 5.7/AdvancedGridInventorySyst 5.7/Content/Fantastic_Village_Pack/meshes/props/food/SM_PROP_bottle_01.uasset" 3098
"C:/Users/35695/Downloads/AdvancedGridInventorySyst 5.7/AdvancedGridInventorySyst 5.7/Content/Fantastic_Village_Pack/meshes/props/food/SM_PROP_bottle_01.uexp" 3099
"C:/Users/35695/Downloads/AdvancedGridInventorySyst 5.7/AdvancedGridInventorySyst 5.7/Content/Fantastic_Village_Pack/meshes/props/food/SM_PROP_bottle_02.ubulk" 3100
"C:/Users/35695/Downloads/AdvancedGridInventorySyst 5.7/AdvancedGridInventorySyst 5.7/Content/Fantastic_Village_Pack/meshes/props/food/SM_PROP_bottle_02.uasset" 3101
"C:/Users/35695/Downloads/AdvancedGridInventorySyst 5.7/AdvancedGridInventorySyst 5.7/Content/Fantastic_Village_Pack/meshes/props/food/SM_PROP_bottle_02.uexp" 3102
"C:/Users/35695/Downloads/AdvancedGridInventorySyst 5.7/AdvancedGridInventorySyst 5.7/Content/Fantastic_Village_Pack/meshes/props/food/SM_PROP_bottle_03.ubulk" 3103
"C:/Users/35695/Downloads/AdvancedGridInventorySyst 5.7/AdvancedGridInventorySyst 5.7/Content/Fantastic_Village_Pack/meshes/props/food/SM_PROP_bottle_03.uasset" 3104
"C:/Users/35695/Downloads/AdvancedGridInventorySyst 5.7/AdvancedGridInventorySyst 5.7/Content/Fantastic_Village_Pack/meshes/props/food/SM_PROP_bottle_03.uexp" 3105
"C:/Users/35695/Downloads/AdvancedGridInventorySyst 5.7/AdvancedGridInventorySyst 5.7/Content/Fantastic_Village_Pack/meshes/props/food/SM_PROP_bottle_04.ubulk" 3106
"C:/Users/35695/Downloads/AdvancedGridInventorySyst 5.7/AdvancedGridInventorySyst 5.7/Content/Fantastic_Village_Pack/meshes/props/food/SM_PROP_bottle_04.uasset" 3107
"C:/Users/35695/Downloads/AdvancedGridInventorySyst 5.7/AdvancedGridInventorySyst 5.7/Content/Fantastic_Village_Pack/meshes/props/food/SM_PROP_bottle_04.uexp" 3108
"C:/Users/35695/Downloads/AdvancedGridInventorySyst 5.7/AdvancedGridInventorySyst 5.7/Content/Fantastic_Village_Pack/meshes/props/food/SM_PROP_bottle_05.ubulk" 3109
"C:/Users/35695/Downloads/AdvancedGridInventorySyst 5.7/AdvancedGridInventorySyst 5.7/Content/Fantastic_Village_Pack/meshes/props/food/SM_PROP_bottle_05.uasset" 3110
"C:/Users/35695/Downloads/AdvancedGridInventorySyst 5.7/AdvancedGridInventorySyst 5.7/Content/Fantastic_Village_Pack/meshes/props/food/SM_PROP_bottle_05.uexp" 3111
"C:/Users/35695/Downloads/AdvancedGridInventorySyst 5.7/AdvancedGridInventorySyst 5.7/Content/Fantastic_Village_Pack/meshes/props/food/SM_PROP_bottle_06.ubulk" 3112
"C:/Users/35695/Downloads/AdvancedGridInventorySyst 5.7/AdvancedGridInventorySyst 5.7/Content/Fantastic_Village_Pack/meshes/props/food/SM_PROP_bottle_06.uasset" 3113
"C:/Users/35695/Downloads/AdvancedGridInventorySyst 5.7/AdvancedGridInventorySyst 5.7/Content/Fantastic_Village_Pack/meshes/props/food/SM_PROP_bottle_06.uexp" 3114
"C:/Users/35695/Downloads/AdvancedGridInventorySyst 5.7/AdvancedGridInventorySyst 5.7/Content/Fantastic_Village_Pack/meshes/props/food/SM_PROP_bottle_07.ubulk" 3115
"C:/Users/35695/Downloads/AdvancedGridInventorySyst 5.7/AdvancedGridInventorySyst 5.7/Content/Fantastic_Village_Pack/meshes/props/food/SM_PROP_bottle_07.uasset" 3116
"C:/Users/35695/Downloads/AdvancedGridInventorySyst 5.7/AdvancedGridInventorySyst 5.7/Content/Fantastic_Village_Pack/meshes/props/food/SM_PROP_bottle_07.uexp" 3117
"C:/Users/35695/Downloads/AdvancedGridInventorySyst 5.7/AdvancedGridInventorySyst 5.7/Content/Fantastic_Village_Pack/meshes/props/food/SM_PROP_bottle_08.ubulk" 3118
"C:/Users/35695/Downloads/AdvancedGridInventorySyst 5.7/AdvancedGridInventorySyst 5.7/Content/Fantastic_Village_Pack/meshes/props/food/SM_PROP_bottle_08.uasset" 3119
"C:/Users/35695/Downloads/AdvancedGridInventorySyst 5.7/AdvancedGridInventorySyst 5.7/Content/Fantastic_Village_Pack/meshes/props/food/SM_PROP_bottle_08.uexp" 3120
"C:/Users/35695/Downloads/AdvancedGridInventorySyst 5.7/AdvancedGridInventorySyst 5.7/Content/Fantastic_Village_Pack/meshes/props/food/SM_PROP_bottle_09.ubulk" 3121
"C:/Users/35695/Downloads/AdvancedGridInventorySyst 5.7/AdvancedGridInventorySyst 5.7/Content/Fantastic_Village_Pack/meshes/props/food/SM_PROP_bottle_09.uasset" 3122
"C:/Users/35695/Downloads/AdvancedGridInventorySyst 5.7/AdvancedGridInventorySyst 5.7/Content/Fantastic_Village_Pack/meshes/props/food/SM_PROP_bottle_09.uexp" 3123
"C:/Users/35695/Downloads/AdvancedGridInventorySyst 5.7/AdvancedGridInventorySyst 5.7/Content/Fantastic_Village_Pack/textures/T_wood_03_N.ubulk" 3124
"C:/Users/35695/Downloads/AdvancedGridInventorySyst 5.7/AdvancedGridInventorySyst 5.7/Content/Fantastic_Village_Pack/textures/T_wood_03_N.uasset" 3125
"C:/Users/35695/Downloads/AdvancedGridInventorySyst 5.7/AdvancedGridInventorySyst 5.7/Content/Fantastic_Village_Pack/textures/T_wood_03_N.uexp" 3126
"C:/Users/35695/Downloads/AdvancedGridInventorySyst 5.7/AdvancedGridInventorySyst 5.7/Content/Fantastic_Village_Pack/materials/MI_wood_03.uasset" 3127
"C:/Users/35695/Downloads/AdvancedGridInventorySyst 5.7/AdvancedGridInventorySyst 5.7/Content/Fantastic_Village_Pack/materials/MI_wood_03.uexp" 3128
"C:/Users/35695/Downloads/AdvancedGridInventorySyst 5.7/AdvancedGridInventorySyst 5.7/Content/Fantastic_Village_Pack/meshes/props/food/SM_PROP_bowl_wood_01.ubulk" 3129
"C:/Users/35695/Downloads/AdvancedGridInventorySyst 5.7/AdvancedGridInventorySyst 5.7/Content/Fantastic_Village_Pack/meshes/props/food/SM_PROP_bowl_wood_01.uasset" 3130
"C:/Users/35695/Downloads/AdvancedGridInventorySyst 5.7/AdvancedGridInventorySyst 5.7/Content/Fantastic_Village_Pack/meshes/props/food/SM_PROP_bowl_wood_01.uexp" 3131
"C:/Users/35695/Downloads/AdvancedGridInventorySyst 5.7/AdvancedGridInventorySyst 5.7/Content/Fantastic_Village_Pack/meshes/props/food/SM_PROP_bowl_wood_02.ubulk" 3132
"C:/Users/35695/Downloads/AdvancedGridInventorySyst 5.7/AdvancedGridInventorySyst 5.7/Content/Fantastic_Village_Pack/meshes/props/food/SM_PROP_bowl_wood_02.uasset" 3133
"C:/Users/35695/Downloads/AdvancedGridInventorySyst 5.7/AdvancedGridInventorySyst 5.7/Content/Fantastic_Village_Pack/meshes/props/food/SM_PROP_bowl_wood_02.uexp" 3134
"C:/Users/35695/Downloads/AdvancedGridInventorySyst 5.7/AdvancedGridInventorySyst 5.7/Content/Fantastic_Village_Pack/meshes/props/food/SM_PROP_cookingpot_big.ubulk" 3135
"C:/Users/35695/Downloads/AdvancedGridInventorySyst 5.7/AdvancedGridInventorySyst 5.7/Content/Fantastic_Village_Pack/meshes/props/food/SM_PROP_cookingpot_big.uasset" 3136
"C:/Users/35695/Downloads/AdvancedGridInventorySyst 5.7/AdvancedGridInventorySyst 5.7/Content/Fantastic_Village_Pack/meshes/props/food/SM_PROP_cookingpot_big.uexp" 3137
"C:/Users/35695/Downloads/AdvancedGridInventorySyst 5.7/AdvancedGridInventorySyst 5.7/Content/Fantastic_Village_Pack/meshes/props/food/SM_PROP_crate_02.ubulk" 3138
"C:/Users/35695/Downloads/AdvancedGridInventorySyst 5.7/AdvancedGridInventorySyst 5.7/Content/Fantastic_Village_Pack/meshes/props/food/SM_PROP_crate_02.uasset" 3139
"C:/Users/35695/Downloads/AdvancedGridInventorySyst 5.7/AdvancedGridInventorySyst 5.7/Content/Fantastic_Village_Pack/meshes/props/food/SM_PROP_crate_02.uexp" 3140
"C:/Users/35695/Downloads/AdvancedGridInventorySyst 5.7/AdvancedGridInventorySyst 5.7/Content/Fantastic_Village_Pack/meshes/props/food/SM_PROP_crate_03.ubulk" 3141
"C:/Users/35695/Downloads/AdvancedGridInventorySyst 5.7/AdvancedGridInventorySyst 5.7/Content/Fantastic_Village_Pack/meshes/props/food/SM_PROP_crate_03.uasset" 3142
"C:/Users/35695/Downloads/AdvancedGridInventorySyst 5.7/AdvancedGridInventorySyst 5.7/Content/Fantastic_Village_Pack/meshes/props/food/SM_PROP_crate_03.uexp" 3143
"C:/Users/35695/Downloads/AdvancedGridInventorySyst 5.7/AdvancedGridInventorySyst 5.7/Content/Fantastic_Village_Pack/meshes/props/food/SM_PROP_crate_04.ubulk" 3144
"C:/Users/35695/Downloads/AdvancedGridInventorySyst 5.7/AdvancedGridInventorySyst 5.7/Content/Fantastic_Village_Pack/meshes/props/food/SM_PROP_crate_04.uasset" 3145
"C:/Users/35695/Downloads/AdvancedGridInventorySyst 5.7/AdvancedGridInventorySyst 5.7/Content/Fantastic_Village_Pack/meshes/props/food/SM_PROP_crate_04.uexp" 3146
"C:/Users/35695/Downloads/AdvancedGridInventorySyst 5.7/AdvancedGridInventorySyst 5.7/Content/Fantastic_Village_Pack/meshes/props/food/SM_PROP_crate_05.ubulk" 3147
"C:/Users/35695/Downloads/AdvancedGridInventorySyst 5.7/AdvancedGridInventorySyst 5.7/Content/Fantastic_Village_Pack/meshes/props/food/SM_PROP_crate_05.uasset" 3148
"C:/Users/35695/Downloads/AdvancedGridInventorySyst 5.7/AdvancedGridInventorySyst 5.7/Content/Fantastic_Village_Pack/meshes/props/food/SM_PROP_crate_05.uexp" 3149
"C:/Users/35695/Downloads/AdvancedGridInventorySyst 5.7/AdvancedGridInventorySyst 5.7/Content/Fantastic_Village_Pack/meshes/props/food/SM_PROP_food_apple.ubulk" 3150
"C:/Users/35695/Downloads/AdvancedGridInventorySyst 5.7/AdvancedGridInventorySyst 5.7/Content/Fantastic_Village_Pack/meshes/props/food/SM_PROP_food_apple.uasset" 3151
"C:/Users/35695/Downloads/AdvancedGridInventorySyst 5.7/AdvancedGridInventorySyst 5.7/Content/Fantastic_Village_Pack/meshes/props/food/SM_PROP_food_apple.uexp" 3152
"C:/Users/35695/Downloads/AdvancedGridInventorySyst 5.7/AdvancedGridInventorySyst 5.7/Content/Fantastic_Village_Pack/meshes/props/food/SM_PROP_food_banana_01.ubulk" 3153
"C:/Users/35695/Downloads/AdvancedGridInventorySyst 5.7/AdvancedGridInventorySyst 5.7/Content/Fantastic_Village_Pack/meshes/props/food/SM_PROP_food_banana_01.uasset" 3154
"C:/Users/35695/Downloads/AdvancedGridInventorySyst 5.7/AdvancedGridInventorySyst 5.7/Content/Fantastic_Village_Pack/meshes/props/food/SM_PROP_food_banana_01.uexp" 3155
"C:/Users/35695/Downloads/AdvancedGridInventorySyst 5.7/AdvancedGridInventorySyst 5.7/Content/Fantastic_Village_Pack/meshes/props/food/SM_PROP_food_banana_02.ubulk" 3156
"C:/Users/35695/Downloads/AdvancedGridInventorySyst 5.7/AdvancedGridInventorySyst 5.7/Content/Fantastic_Village_Pack/meshes/props/food/SM_PROP_food_banana_02.uasset" 3157
"C:/Users/35695/Downloads/AdvancedGridInventorySyst 5.7/AdvancedGridInventorySyst 5.7/Content/Fantastic_Village_Pack/meshes/props/food/SM_PROP_food_banana_02.uexp" 3158
"C:/Users/35695/Downloads/AdvancedGridInventorySyst 5.7/AdvancedGridInventorySyst 5.7/Content/Fantastic_Village_Pack/meshes/props/food/SM_PROP_food_bread_01.ubulk" 3159
"C:/Users/35695/Downloads/AdvancedGridInventorySyst 5.7/AdvancedGridInventorySyst 5.7/Content/Fantastic_Village_Pack/meshes/props/food/SM_PROP_food_bread_01.uasset" 3160
"C:/Users/35695/Downloads/AdvancedGridInventorySyst 5.7/AdvancedGridInventorySyst 5.7/Content/Fantastic_Village_Pack/meshes/props/food/SM_PROP_food_bread_01.uexp" 3161
"C:/Users/35695/Downloads/AdvancedGridInventorySyst 5.7/AdvancedGridInventorySyst 5.7/Content/Fantastic_Village_Pack/meshes/props/food/SM_PROP_food_bread_06.ubulk" 3162
"C:/Users/35695/Downloads/AdvancedGridInventorySyst 5.7/AdvancedGridInventorySyst 5.7/Content/Fantastic_Village_Pack/meshes/props/food/SM_PROP_food_bread_06.uasset" 3163
"C:/Users/35695/Downloads/AdvancedGridInventorySyst 5.7/AdvancedGridInventorySyst 5.7/Content/Fantastic_Village_Pack/meshes/props/food/SM_PROP_food_bread_06.uexp" 3164
"C:/Users/35695/Downloads/AdvancedGridInventorySyst 5.7/AdvancedGridInventorySyst 5.7/Content/Fantastic_Village_Pack/meshes/props/food/SM_PROP_food_bread_07.ubulk" 3165
"C:/Users/35695/Downloads/AdvancedGridInventorySyst 5.7/AdvancedGridInventorySyst 5.7/Content/Fantastic_Village_Pack/meshes/props/food/SM_PROP_food_bread_07.uasset" 3166
"C:/Users/35695/Downloads/AdvancedGridInventorySyst 5.7/AdvancedGridInventorySyst 5.7/Content/Fantastic_Village_Pack/meshes/props/food/SM_PROP_food_bread_07.uexp" 3167
"C:/Users/35695/Downloads/AdvancedGridInventorySyst 5.7/AdvancedGridInventorySyst 5.7/Content/Fantastic_Village_Pack/meshes/props/food/SM_PROP_food_bread_09.ubulk" 3168
"C:/Users/35695/Downloads/AdvancedGridInventorySyst 5.7/AdvancedGridInventorySyst 5.7/Content/Fantastic_Village_Pack/meshes/props/food/SM_PROP_food_bread_09.uasset" 3169
"C:/Users/35695/Downloads/AdvancedGridInventorySyst 5.7/AdvancedGridInventorySyst 5.7/Content/Fantastic_Village_Pack/meshes/props/food/SM_PROP_food_bread_09.uexp" 3170
"C:/Users/35695/Downloads/AdvancedGridInventorySyst 5.7/AdvancedGridInventorySyst 5.7/Content/Fantastic_Village_Pack/meshes/props/food/SM_PROP_food_bread_10.ubulk" 3171
"C:/Users/35695/Downloads/AdvancedGridInventorySyst 5.7/AdvancedGridInventorySyst 5.7/Content/Fantastic_Village_Pack/meshes/props/food/SM_PROP_food_bread_10.uasset" 3172
"C:/Users/35695/Downloads/AdvancedGridInventorySyst 5.7/AdvancedGridInventorySyst 5.7/Content/Fantastic_Village_Pack/meshes/props/food/SM_PROP_food_bread_10.uexp" 3173
"C:/Users/35695/Downloads/AdvancedGridInventorySyst 5.7/AdvancedGridInventorySyst 5.7/Content/Fantastic_Village_Pack/meshes/props/food/SM_PROP_food_carrot_01.ubulk" 3174
"C:/Users/35695/Downloads/AdvancedGridInventorySyst 5.7/AdvancedGridInventorySyst 5.7/Content/Fantastic_Village_Pack/meshes/props/food/SM_PROP_food_carrot_01.uasset" 3175
"C:/Users/35695/Downloads/AdvancedGridInventorySyst 5.7/AdvancedGridInventorySyst 5.7/Content/Fantastic_Village_Pack/meshes/props/food/SM_PROP_food_carrot_01.uexp" 3176
"C:/Users/35695/Downloads/AdvancedGridInventorySyst 5.7/AdvancedGridInventorySyst 5.7/Content/Fantastic_Village_Pack/meshes/props/food/SM_PROP_food_cucumber_01.ubulk" 3177
"C:/Users/35695/Downloads/AdvancedGridInventorySyst 5.7/AdvancedGridInventorySyst 5.7/Content/Fantastic_Village_Pack/meshes/props/food/SM_PROP_food_cucumber_01.uasset" 3178
"C:/Users/35695/Downloads/AdvancedGridInventorySyst 5.7/AdvancedGridInventorySyst 5.7/Content/Fantastic_Village_Pack/meshes/props/food/SM_PROP_food_cucumber_01.uexp" 3179
"C:/Users/35695/Downloads/AdvancedGridInventorySyst 5.7/AdvancedGridInventorySyst 5.7/Content/Fantastic_Village_Pack/meshes/props/food/SM_PROP_food_egg_05.ubulk" 3180
"C:/Users/35695/Downloads/AdvancedGridInventorySyst 5.7/AdvancedGridInventorySyst 5.7/Content/Fantastic_Village_Pack/meshes/props/food/SM_PROP_food_egg_05.uasset" 3181
"C:/Users/35695/Downloads/AdvancedGridInventorySyst 5.7/AdvancedGridInventorySyst 5.7/Content/Fantastic_Village_Pack/meshes/props/food/SM_PROP_food_egg_05.uexp" 3182
"C:/Users/35695/Downloads/AdvancedGridInventorySyst 5.7/AdvancedGridInventorySyst 5.7/Content/Fantastic_Village_Pack/meshes/props/food/SM_PROP_food_fish_02.ubulk" 3183
"C:/Users/35695/Downloads/AdvancedGridInventorySyst 5.7/AdvancedGridInventorySyst 5.7/Content/Fantastic_Village_Pack/meshes/props/food/SM_PROP_food_fish_02.uasset" 3184
"C:/Users/35695/Downloads/AdvancedGridInventorySyst 5.7/AdvancedGridInventorySyst 5.7/Content/Fantastic_Village_Pack/meshes/props/food/SM_PROP_food_fish_02.uexp" 3185
"C:/Users/35695/Downloads/AdvancedGridInventorySyst 5.7/AdvancedGridInventorySyst 5.7/Content/Fantastic_Village_Pack/meshes/props/food/SM_PROP_food_meat_01.ubulk" 3186
"C:/Users/35695/Downloads/AdvancedGridInventorySyst 5.7/AdvancedGridInventorySyst 5.7/Content/Fantastic_Village_Pack/meshes/props/food/SM_PROP_food_meat_01.uasset" 3187
"C:/Users/35695/Downloads/AdvancedGridInventorySyst 5.7/AdvancedGridInventorySyst 5.7/Content/Fantastic_Village_Pack/meshes/props/food/SM_PROP_food_meat_01.uexp" 3188
"C:/Users/35695/Downloads/AdvancedGridInventorySyst 5.7/AdvancedGridInventorySyst 5.7/Content/Fantastic_Village_Pack/meshes/props/food/SM_PROP_food_meat_03.ubulk" 3189
"C:/Users/35695/Downloads/AdvancedGridInventorySyst 5.7/AdvancedGridInventorySyst 5.7/Content/Fantastic_Village_Pack/meshes/props/food/SM_PROP_food_meat_03.uasset" 3190
"C:/Users/35695/Downloads/AdvancedGridInventorySyst 5.7/AdvancedGridInventorySyst 5.7/Content/Fantastic_Village_Pack/meshes/props/food/SM_PROP_food_meat_03.uexp" 3191
"C:/Users/35695/Downloads/AdvancedGridInventorySyst 5.7/AdvancedGridInventorySyst 5.7/Content/Fantastic_Village_Pack/meshes/props/food/SM_PROP_food_meat_06.ubulk" 3192
"C:/Users/35695/Downloads/AdvancedGridInventorySyst 5.7/AdvancedGridInventorySyst 5.7/Content/Fantastic_Village_Pack/meshes/props/food/SM_PROP_food_meat_06.uasset" 3193
"C:/Users/35695/Downloads/AdvancedGridInventorySyst 5.7/AdvancedGridInventorySyst 5.7/Content/Fantastic_Village_Pack/meshes/props/food/SM_PROP_food_meat_06.uexp" 3194
"C:/Users/35695/Downloads/AdvancedGridInventorySyst 5.7/AdvancedGridInventorySyst 5.7/Content/Fantastic_Village_Pack/meshes/props/food/SM_PROP_food_meat_10.ubulk" 3195
"C:/Users/35695/Downloads/AdvancedGridInventorySyst 5.7/AdvancedGridInventorySyst 5.7/Content/Fantastic_Village_Pack/meshes/props/food/SM_PROP_food_meat_10.uasset" 3196
"C:/Users/35695/Downloads/AdvancedGridInventorySyst 5.7/AdvancedGridInventorySyst 5.7/Content/Fantastic_Village_Pack/meshes/props/food/SM_PROP_food_meat_10.uexp" 3197
"C:/Users/35695/Downloads/AdvancedGridInventorySyst 5.7/AdvancedGridInventorySyst 5.7/Content/Fantastic_Village_Pack/meshes/props/food/SM_PROP_food_meat_11.ubulk" 3198
"C:/Users/35695/Downloads/AdvancedGridInventorySyst 5.7/AdvancedGridInventorySyst 5.7/Content/Fantastic_Village_Pack/meshes/props/food/SM_PROP_food_meat_11.uasset" 3199
"C:/Users/35695/Downloads/AdvancedGridInventorySyst 5.7/AdvancedGridInventorySyst 5.7/Content/Fantastic_Village_Pack/meshes/props/food/SM_PROP_food_meat_11.uexp" 3200
"C:/Users/35695/Downloads/AdvancedGridInventorySyst 5.7/AdvancedGridInventorySyst 5.7/Content/Fantastic_Village_Pack/meshes/props/food/SM_PROP_food_potato_01.ubulk" 3201
"C:/Users/35695/Downloads/AdvancedGridInventorySyst 5.7/AdvancedGridInventorySyst 5.7/Content/Fantastic_Village_Pack/meshes/props/food/SM_PROP_food_potato_01.uasset" 3202
"C:/Users/35695/Downloads/AdvancedGridInventorySyst 5.7/AdvancedGridInventorySyst 5.7/Content/Fantastic_Village_Pack/meshes/props/food/SM_PROP_food_potato_01.uexp" 3203
"C:/Users/35695/Downloads/AdvancedGridInventorySyst 5.7/AdvancedGridInventorySyst 5.7/Content/Fantastic_Village_Pack/meshes/props/food/SM_PROP_food_potato_02.ubulk" 3204
"C:/Users/35695/Downloads/AdvancedGridInventorySyst 5.7/AdvancedGridInventorySyst 5.7/Content/Fantastic_Village_Pack/meshes/props/food/SM_PROP_food_potato_02.uasset" 3205
"C:/Users/35695/Downloads/AdvancedGridInventorySyst 5.7/AdvancedGridInventorySyst 5.7/Content/Fantastic_Village_Pack/meshes/props/food/SM_PROP_food_potato_02.uexp" 3206
"C:/Users/35695/Downloads/AdvancedGridInventorySyst 5.7/AdvancedGridInventorySyst 5.7/Content/Fantastic_Village_Pack/meshes/props/food/SM_PROP_food_potato_03.ubulk" 3207
"C:/Users/35695/Downloads/AdvancedGridInventorySyst 5.7/AdvancedGridInventorySyst 5.7/Content/Fantastic_Village_Pack/meshes/props/food/SM_PROP_food_potato_03.uasset" 3208
"C:/Users/35695/Downloads/AdvancedGridInventorySyst 5.7/AdvancedGridInventorySyst 5.7/Content/Fantastic_Village_Pack/meshes/props/food/SM_PROP_food_potato_03.uexp" 3209
"C:/Users/35695/Downloads/AdvancedGridInventorySyst 5.7/AdvancedGridInventorySyst 5.7/Content/Fantastic_Village_Pack/meshes/props/food/SM_PROP_food_pumpkin_01.ubulk" 3210
"C:/Users/35695/Downloads/AdvancedGridInventorySyst 5.7/AdvancedGridInventorySyst 5.7/Content/Fantastic_Village_Pack/meshes/props/food/SM_PROP_food_pumpkin_01.uasset" 3211
"C:/Users/35695/Downloads/AdvancedGridInventorySyst 5.7/AdvancedGridInventorySyst 5.7/Content/Fantastic_Village_Pack/meshes/props/food/SM_PROP_food_pumpkin_01.uexp" 3212
"C:/Users/35695/Downloads/AdvancedGridInventorySyst 5.7/AdvancedGridInventorySyst 5.7/Content/Fantastic_Village_Pack/meshes/props/food/SM_PROP_food_pumpkin_02.ubulk" 3213
"C:/Users/35695/Downloads/AdvancedGridInventorySyst 5.7/AdvancedGridInventorySyst 5.7/Content/Fantastic_Village_Pack/meshes/props/food/SM_PROP_food_pumpkin_02.uasset" 3214
"C:/Users/35695/Downloads/AdvancedGridInventorySyst 5.7/AdvancedGridInventorySyst 5.7/Content/Fantastic_Village_Pack/meshes/props/food/SM_PROP_food_pumpkin_02.uexp" 3215
"C:/Users/35695/Downloads/AdvancedGridInventorySyst 5.7/AdvancedGridInventorySyst 5.7/Content/Fantastic_Village_Pack/meshes/props/food/SM_PROP_food_pumpkin_03.ubulk" 3216
"C:/Users/35695/Downloads/AdvancedGridInventorySyst 5.7/AdvancedGridInventorySyst 5.7/Content/Fantastic_Village_Pack/meshes/props/food/SM_PROP_food_pumpkin_03.uasset" 3217
"C:/Users/35695/Downloads/AdvancedGridInventorySyst 5.7/AdvancedGridInventorySyst 5.7/Content/Fantastic_Village_Pack/meshes/props/food/SM_PROP_food_pumpkin_03.uexp" 3218
"C:/Users/35695/Downloads/AdvancedGridInventorySyst 5.7/AdvancedGridInventorySyst 5.7/Content/Fantastic_Village_Pack/meshes/props/food/SM_PROP_food_pumpkin_04.ubulk" 3219
"C:/Users/35695/Downloads/AdvancedGridInventorySyst 5.7/AdvancedGridInventorySyst 5.7/Content/Fantastic_Village_Pack/meshes/props/food/SM_PROP_food_pumpkin_04.uasset" 3220
"C:/Users/35695/Downloads/AdvancedGridInventorySyst 5.7/AdvancedGridInventorySyst 5.7/Content/Fantastic_Village_Pack/meshes/props/food/SM_PROP_food_pumpkin_04.uexp" 3221
"C:/Users/35695/Downloads/AdvancedGridInventorySyst 5.7/AdvancedGridInventorySyst 5.7/Content/Fantastic_Village_Pack/meshes/props/food/SM_PROP_food_salad.ubulk" 3222
"C:/Users/35695/Downloads/AdvancedGridInventorySyst 5.7/AdvancedGridInventorySyst 5.7/Content/Fantastic_Village_Pack/meshes/props/food/SM_PROP_food_salad.uasset" 3223
"C:/Users/35695/Downloads/AdvancedGridInventorySyst 5.7/AdvancedGridInventorySyst 5.7/Content/Fantastic_Village_Pack/meshes/props/food/SM_PROP_food_salad.uexp" 3224
"C:/Users/35695/Downloads/AdvancedGridInventorySyst 5.7/AdvancedGridInventorySyst 5.7/Content/Fantastic_Village_Pack/meshes/props/food/SM_PROP_food_watermelon_01.ubulk" 3225
"C:/Users/35695/Downloads/AdvancedGridInventorySyst 5.7/AdvancedGridInventorySyst 5.7/Content/Fantastic_Village_Pack/meshes/props/food/SM_PROP_food_watermelon_01.uasset" 3226
"C:/Users/35695/Downloads/AdvancedGridInventorySyst 5.7/AdvancedGridInventorySyst 5.7/Content/Fantastic_Village_Pack/meshes/props/food/SM_PROP_food_watermelon_01.uexp" 3227
"C:/Users/35695/Downloads/AdvancedGridInventorySyst 5.7/AdvancedGridInventorySyst 5.7/Content/Fantastic_Village_Pack/meshes/props/food/SM_PROP_food_watermelon_02.ubulk" 3228
"C:/Users/35695/Downloads/AdvancedGridInventorySyst 5.7/AdvancedGridInventorySyst 5.7/Content/Fantastic_Village_Pack/meshes/props/food/SM_PROP_food_watermelon_02.uasset" 3229
"C:/Users/35695/Downloads/AdvancedGridInventorySyst 5.7/AdvancedGridInventorySyst 5.7/Content/Fantastic_Village_Pack/meshes/props/food/SM_PROP_food_watermelon_02.uexp" 3230
"C:/Users/35695/Downloads/AdvancedGridInventorySyst 5.7/AdvancedGridInventorySyst 5.7/Content/Fantastic_Village_Pack/meshes/props/food/SM_PROP_sack_01.ubulk" 3231
"C:/Users/35695/Downloads/AdvancedGridInventorySyst 5.7/AdvancedGridInventorySyst 5.7/Content/Fantastic_Village_Pack/meshes/props/food/SM_PROP_sack_01.uasset" 3232
"C:/Users/35695/Downloads/AdvancedGridInventorySyst 5.7/AdvancedGridInventorySyst 5.7/Content/Fantastic_Village_Pack/meshes/props/food/SM_PROP_sack_01.uexp" 3233
"C:/Users/35695/Downloads/AdvancedGridInventorySyst 5.7/AdvancedGridInventorySyst 5.7/Content/Fantastic_Village_Pack/meshes/props/food/SM_PROP_sack_02.ubulk" 3234
"C:/Users/35695/Downloads/AdvancedGridInventorySyst 5.7/AdvancedGridInventorySyst 5.7/Content/Fantastic_Village_Pack/meshes/props/food/SM_PROP_sack_02.uasset" 3235
"C:/Users/35695/Downloads/AdvancedGridInventorySyst 5.7/AdvancedGridInventorySyst 5.7/Content/Fantastic_Village_Pack/meshes/props/food/SM_PROP_sack_02.uexp" 3236
"C:/Users/35695/Downloads/AdvancedGridInventorySyst 5.7/AdvancedGridInventorySyst 5.7/Content/Fantastic_Village_Pack/meshes/props/food/SM_PROP_sack_03.ubulk" 3237
"C:/Users/35695/Downloads/AdvancedGridInventorySyst 5.7/AdvancedGridInventorySyst 5.7/Content/Fantastic_Village_Pack/meshes/props/food/SM_PROP_sack_03.uasset" 3238
"C:/Users/35695/Downloads/AdvancedGridInventorySyst 5.7/AdvancedGridInventorySyst 5.7/Content/Fantastic_Village_Pack/meshes/props/food/SM_PROP_sack_03.uexp" 3239
"C:/Users/35695/Downloads/AdvancedGridInventorySyst 5.7/AdvancedGridInventorySyst 5.7/Content/Fantastic_Village_Pack/meshes/props/food/SM_PROP_sack_04.ubulk" 3240
"C:/Users/35695/Downloads/AdvancedGridInventorySyst 5.7/AdvancedGridInventorySyst 5.7/Content/Fantastic_Village_Pack/meshes/props/food/SM_PROP_sack_04.uasset" 3241
"C:/Users/35695/Downloads/AdvancedGridInventorySyst 5.7/AdvancedGridInventorySyst 5.7/Content/Fantastic_Village_Pack/meshes/props/food/SM_PROP_sack_04.uexp" 3242
"C:/Users/35695/Downloads/AdvancedGridInventorySyst 5.7/AdvancedGridInventorySyst 5.7/Content/Fantastic_Village_Pack/meshes/props/food/SM_PROP_sack_05.ubulk" 3243
"C:/Users/35695/Downloads/AdvancedGridInventorySyst 5.7/AdvancedGridInventorySyst 5.7/Content/Fantastic_Village_Pack/meshes/props/food/SM_PROP_sack_05.uasset" 3244
"C:/Users/35695/Downloads/AdvancedGridInventorySyst 5.7/AdvancedGridInventorySyst 5.7/Content/Fantastic_Village_Pack/meshes/props/food/SM_PROP_sack_05.uexp" 3245
"C:/Users/35695/Downloads/AdvancedGridInventorySyst 5.7/AdvancedGridInventorySyst 5.7/Content/Fantastic_Village_Pack/meshes/props/food/SM_PROP_sack_06.ubulk" 3246
"C:/Users/35695/Downloads/AdvancedGridInventorySyst 5.7/AdvancedGridInventorySyst 5.7/Content/Fantastic_Village_Pack/meshes/props/food/SM_PROP_sack_06.uasset" 3247
"C:/Users/35695/Downloads/AdvancedGridInventorySyst 5.7/AdvancedGridInventorySyst 5.7/Content/Fantastic_Village_Pack/meshes/props/food/SM_PROP_sack_06.uexp" 3248
"C:/Users/35695/Downloads/AdvancedGridInventorySyst 5.7/AdvancedGridInventorySyst 5.7/Content/Fantastic_Village_Pack/materials/MI_leather.uasset" 3249
"C:/Users/35695/Downloads/AdvancedGridInventorySyst 5.7/AdvancedGridInventorySyst 5.7/Content/Fantastic_Village_Pack/materials/MI_leather.uexp" 3250
"C:/Users/35695/Downloads/AdvancedGridInventorySyst 5.7/AdvancedGridInventorySyst 5.7/Content/Fantastic_Village_Pack/meshes/props/food/SM_PROP_sack_07.ubulk" 3251
"C:/Users/35695/Downloads/AdvancedGridInventorySyst 5.7/AdvancedGridInventorySyst 5.7/Content/Fantastic_Village_Pack/meshes/props/food/SM_PROP_sack_07.uasset" 3252
"C:/Users/35695/Downloads/AdvancedGridInventorySyst 5.7/AdvancedGridInventorySyst 5.7/Content/Fantastic_Village_Pack/meshes/props/food/SM_PROP_sack_07.uexp" 3253
"C:/Users/35695/Downloads/AdvancedGridInventorySyst 5.7/AdvancedGridInventorySyst 5.7/Content/Fantastic_Village_Pack/meshes/props/food/SM_PROP_sack_11.ubulk" 3254
"C:/Users/35695/Downloads/AdvancedGridInventorySyst 5.7/AdvancedGridInventorySyst 5.7/Content/Fantastic_Village_Pack/meshes/props/food/SM_PROP_sack_11.uasset" 3255
"C:/Users/35695/Downloads/AdvancedGridInventorySyst 5.7/AdvancedGridInventorySyst 5.7/Content/Fantastic_Village_Pack/meshes/props/food/SM_PROP_sack_11.uexp" 3256
"C:/Users/35695/Downloads/AdvancedGridInventorySyst 5.7/AdvancedGridInventorySyst 5.7/Content/Fantastic_Village_Pack/meshes/props/furniture/SM_PROP_chair_02.ubulk" 3257
"C:/Users/35695/Downloads/AdvancedGridInventorySyst 5.7/AdvancedGridInventorySyst 5.7/Content/Fantastic_Village_Pack/meshes/props/furniture/SM_PROP_chair_02.uasset" 3258
"C:/Users/35695/Downloads/AdvancedGridInventorySyst 5.7/AdvancedGridInventorySyst 5.7/Content/Fantastic_Village_Pack/meshes/props/furniture/SM_PROP_chair_02.uexp" 3259
"C:/Users/35695/Downloads/AdvancedGridInventorySyst 5.7/AdvancedGridInventorySyst 5.7/Content/Fantastic_Village_Pack/meshes/props/furniture/SM_PROP_chair_03.ubulk" 3260
"C:/Users/35695/Downloads/AdvancedGridInventorySyst 5.7/AdvancedGridInventorySyst 5.7/Content/Fantastic_Village_Pack/meshes/props/furniture/SM_PROP_chair_03.uasset" 3261
"C:/Users/35695/Downloads/AdvancedGridInventorySyst 5.7/AdvancedGridInventorySyst 5.7/Content/Fantastic_Village_Pack/meshes/props/furniture/SM_PROP_chair_03.uexp" 3262
"C:/Users/35695/Downloads/AdvancedGridInventorySyst 5.7/AdvancedGridInventorySyst 5.7/Content/Fantastic_Village_Pack/meshes/props/furniture/SM_PROP_gallows.ubulk" 3263
"C:/Users/35695/Downloads/AdvancedGridInventorySyst 5.7/AdvancedGridInventorySyst 5.7/Content/Fantastic_Village_Pack/meshes/props/furniture/SM_PROP_gallows.uasset" 3264
"C:/Users/35695/Downloads/AdvancedGridInventorySyst 5.7/AdvancedGridInventorySyst 5.7/Content/Fantastic_Village_Pack/meshes/props/furniture/SM_PROP_gallows.uexp" 3265
"C:/Users/35695/Downloads/AdvancedGridInventorySyst 5.7/AdvancedGridInventorySyst 5.7/Content/Fantastic_Village_Pack/meshes/props/furniture/SM_PROP_market_shelf_01.ubulk" 3266
"C:/Users/35695/Downloads/AdvancedGridInventorySyst 5.7/AdvancedGridInventorySyst 5.7/Content/Fantastic_Village_Pack/meshes/props/furniture/SM_PROP_market_shelf_01.uasset" 3267
"C:/Users/35695/Downloads/AdvancedGridInventorySyst 5.7/AdvancedGridInventorySyst 5.7/Content/Fantastic_Village_Pack/meshes/props/furniture/SM_PROP_market_shelf_01.uexp" 3268
"C:/Users/35695/Downloads/AdvancedGridInventorySyst 5.7/AdvancedGridInventorySyst 5.7/Content/Fantastic_Village_Pack/meshes/props/furniture/SM_PROP_market_shelf_02.ubulk" 3269
"C:/Users/35695/Downloads/AdvancedGridInventorySyst 5.7/AdvancedGridInventorySyst 5.7/Content/Fantastic_Village_Pack/meshes/props/furniture/SM_PROP_market_shelf_02.uasset" 3270
"C:/Users/35695/Downloads/AdvancedGridInventorySyst 5.7/AdvancedGridInventorySyst 5.7/Content/Fantastic_Village_Pack/meshes/props/furniture/SM_PROP_market_shelf_02.uexp" 3271
"C:/Users/35695/Downloads/AdvancedGridInventorySyst 5.7/AdvancedGridInventorySyst 5.7/Content/Fantastic_Village_Pack/meshes/props/furniture/SM_PROP_market_shelf_03.ubulk" 3272
"C:/Users/35695/Downloads/AdvancedGridInventorySyst 5.7/AdvancedGridInventorySyst 5.7/Content/Fantastic_Village_Pack/meshes/props/furniture/SM_PROP_market_shelf_03.uasset" 3273
"C:/Users/35695/Downloads/AdvancedGridInventorySyst 5.7/AdvancedGridInventorySyst 5.7/Content/Fantastic_Village_Pack/meshes/props/furniture/SM_PROP_market_shelf_03.uexp" 3274
"C:/Users/35695/Downloads/AdvancedGridInventorySyst 5.7/AdvancedGridInventorySyst 5.7/Content/Fantastic_Village_Pack/meshes/props/furniture/SM_PROP_stool_01.ubulk" 3275
"C:/Users/35695/Downloads/AdvancedGridInventorySyst 5.7/AdvancedGridInventorySyst 5.7/Content/Fantastic_Village_Pack/meshes/props/furniture/SM_PROP_stool_01.uasset" 3276
"C:/Users/35695/Downloads/AdvancedGridInventorySyst 5.7/AdvancedGridInventorySyst 5.7/Content/Fantastic_Village_Pack/meshes/props/furniture/SM_PROP_stool_01.uexp" 3277
"C:/Users/35695/Downloads/AdvancedGridInventorySyst 5.7/AdvancedGridInventorySyst 5.7/Content/Fantastic_Village_Pack/meshes/props/furniture/SM_PROP_stool_02.ubulk" 3278
"C:/Users/35695/Downloads/AdvancedGridInventorySyst 5.7/AdvancedGridInventorySyst 5.7/Content/Fantastic_Village_Pack/meshes/props/furniture/SM_PROP_stool_02.uasset" 3279
"C:/Users/35695/Downloads/AdvancedGridInventorySyst 5.7/AdvancedGridInventorySyst 5.7/Content/Fantastic_Village_Pack/meshes/props/furniture/SM_PROP_stool_02.uexp" 3280
"C:/Users/35695/Downloads/AdvancedGridInventorySyst 5.7/AdvancedGridInventorySyst 5.7/Content/Fantastic_Village_Pack/meshes/props/furniture/SM_PROP_table_01.ubulk" 3281
"C:/Users/35695/Downloads/AdvancedGridInventorySyst 5.7/AdvancedGridInventorySyst 5.7/Content/Fantastic_Village_Pack/meshes/props/furniture/SM_PROP_table_01.uasset" 3282
"C:/Users/35695/Downloads/AdvancedGridInventorySyst 5.7/AdvancedGridInventorySyst 5.7/Content/Fantastic_Village_Pack/meshes/props/furniture/SM_PROP_table_01.uexp" 3283
"C:/Users/35695/Downloads/AdvancedGridInventorySyst 5.7/AdvancedGridInventorySyst 5.7/Content/Fantastic_Village_Pack/meshes/props/furniture/SM_PROP_table_04.ubulk" 3284
"C:/Users/35695/Downloads/AdvancedGridInventorySyst 5.7/AdvancedGridInventorySyst 5.7/Content/Fantastic_Village_Pack/meshes/props/furniture/SM_PROP_table_04.uasset" 3285
"C:/Users/35695/Downloads/AdvancedGridInventorySyst 5.7/AdvancedGridInventorySyst 5.7/Content/Fantastic_Village_Pack/meshes/props/furniture/SM_PROP_table_04.uexp" 3286
"C:/Users/35695/Downloads/AdvancedGridInventorySyst 5.7/AdvancedGridInventorySyst 5.7/Content/Fantastic_Village_Pack/meshes/props/light/SM_PROP_brazier_02.ubulk" 3287
"C:/Users/35695/Downloads/AdvancedGridInventorySyst 5.7/AdvancedGridInventorySyst 5.7/Content/Fantastic_Village_Pack/meshes/props/light/SM_PROP_brazier_02.uasset" 3288
"C:/Users/35695/Downloads/AdvancedGridInventorySyst 5.7/AdvancedGridInventorySyst 5.7/Content/Fantastic_Village_Pack/meshes/props/light/SM_PROP_brazier_02.uexp" 3289
"C:/Users/35695/Downloads/AdvancedGridInventorySyst 5.7/AdvancedGridInventorySyst 5.7/Content/Fantastic_Village_Pack/meshes/props/light/SM_PROP_lantern_01.ubulk" 3290
"C:/Users/35695/Downloads/AdvancedGridInventorySyst 5.7/AdvancedGridInventorySyst 5.7/Content/Fantastic_Village_Pack/meshes/props/light/SM_PROP_lantern_01.uasset" 3291
"C:/Users/35695/Downloads/AdvancedGridInventorySyst 5.7/AdvancedGridInventorySyst 5.7/Content/Fantastic_Village_Pack/meshes/props/light/SM_PROP_lantern_01.uexp" 3292
"C:/Users/35695/Downloads/AdvancedGridInventorySyst 5.7/AdvancedGridInventorySyst 5.7/Content/Fantastic_Village_Pack/meshes/props/light/SM_PROP_streetlamp_v01_03.ubulk" 3293
"C:/Users/35695/Downloads/AdvancedGridInventorySyst 5.7/AdvancedGridInventorySyst 5.7/Content/Fantastic_Village_Pack/meshes/props/light/SM_PROP_streetlamp_v01_03.uasset" 3294
"C:/Users/35695/Downloads/AdvancedGridInventorySyst 5.7/AdvancedGridInventorySyst 5.7/Content/Fantastic_Village_Pack/meshes/props/light/SM_PROP_streetlamp_v01_03.uexp" 3295
"C:/Users/35695/Downloads/AdvancedGridInventorySyst 5.7/AdvancedGridInventorySyst 5.7/Content/Fantastic_Village_Pack/meshes/props/light/SM_PROP_streetlamp_v01_04.ubulk" 3296
"C:/Users/35695/Downloads/AdvancedGridInventorySyst 5.7/AdvancedGridInventorySyst 5.7/Content/Fantastic_Village_Pack/meshes/props/light/SM_PROP_streetlamp_v01_04.uasset" 3297
"C:/Users/35695/Downloads/AdvancedGridInventorySyst 5.7/AdvancedGridInventorySyst 5.7/Content/Fantastic_Village_Pack/meshes/props/light/SM_PROP_streetlamp_v01_04.uexp" 3298
"C:/Users/35695/Downloads/AdvancedGridInventorySyst 5.7/AdvancedGridInventorySyst 5.7/Content/Fantastic_Village_Pack/meshes/props/light/SM_PROP_streetlamp_v02_01.ubulk" 3299
"C:/Users/35695/Downloads/AdvancedGridInventorySyst 5.7/AdvancedGridInventorySyst 5.7/Content/Fantastic_Village_Pack/meshes/props/light/SM_PROP_streetlamp_v02_01.uasset" 3300
"C:/Users/35695/Downloads/AdvancedGridInventorySyst 5.7/AdvancedGridInventorySyst 5.7/Content/Fantastic_Village_Pack/meshes/props/light/SM_PROP_streetlamp_v02_01.uexp" 3301
"C:/Users/35695/Downloads/AdvancedGridInventorySyst 5.7/AdvancedGridInventorySyst 5.7/Content/Fantastic_Village_Pack/meshes/props/light/SM_PROP_streetlamp_v02_04.ubulk" 3302
"C:/Users/35695/Downloads/AdvancedGridInventorySyst 5.7/AdvancedGridInventorySyst 5.7/Content/Fantastic_Village_Pack/meshes/props/light/SM_PROP_streetlamp_v02_04.uasset" 3303
"C:/Users/35695/Downloads/AdvancedGridInventorySyst 5.7/AdvancedGridInventorySyst 5.7/Content/Fantastic_Village_Pack/meshes/props/light/SM_PROP_streetlamp_v02_04.uexp" 3304
"C:/Users/35695/Downloads/AdvancedGridInventorySyst 5.7/AdvancedGridInventorySyst 5.7/Content/Fantastic_Village_Pack/meshes/props/natural/SM_PROP_hay_01.ubulk" 3305
"C:/Users/35695/Downloads/AdvancedGridInventorySyst 5.7/AdvancedGridInventorySyst 5.7/Content/Fantastic_Village_Pack/meshes/props/natural/SM_PROP_hay_01.uasset" 3306
"C:/Users/35695/Downloads/AdvancedGridInventorySyst 5.7/AdvancedGridInventorySyst 5.7/Content/Fantastic_Village_Pack/meshes/props/natural/SM_PROP_hay_01.uexp" 3307
"C:/Users/35695/Downloads/AdvancedGridInventorySyst 5.7/AdvancedGridInventorySyst 5.7/Content/Fantastic_Village_Pack/meshes/props/natural/SM_PROP_hay_02.ubulk" 3308
"C:/Users/35695/Downloads/AdvancedGridInventorySyst 5.7/AdvancedGridInventorySyst 5.7/Content/Fantastic_Village_Pack/meshes/props/natural/SM_PROP_hay_02.uasset" 3309
"C:/Users/35695/Downloads/AdvancedGridInventorySyst 5.7/AdvancedGridInventorySyst 5.7/Content/Fantastic_Village_Pack/meshes/props/natural/SM_PROP_hay_02.uexp" 3310
"C:/Users/35695/Downloads/AdvancedGridInventorySyst 5.7/AdvancedGridInventorySyst 5.7/Content/Fantastic_Village_Pack/meshes/props/natural/SM_PROP_hay_03.ubulk" 3311
"C:/Users/35695/Downloads/AdvancedGridInventorySyst 5.7/AdvancedGridInventorySyst 5.7/Content/Fantastic_Village_Pack/meshes/props/natural/SM_PROP_hay_03.uasset" 3312
"C:/Users/35695/Downloads/AdvancedGridInventorySyst 5.7/AdvancedGridInventorySyst 5.7/Content/Fantastic_Village_Pack/meshes/props/natural/SM_PROP_hay_03.uexp" 3313
"C:/Users/35695/Downloads/AdvancedGridInventorySyst 5.7/AdvancedGridInventorySyst 5.7/Content/Fantastic_Village_Pack/meshes/props/natural/SM_PROP_hay_05.ubulk" 3314
"C:/Users/35695/Downloads/AdvancedGridInventorySyst 5.7/AdvancedGridInventorySyst 5.7/Content/Fantastic_Village_Pack/meshes/props/natural/SM_PROP_hay_05.uasset" 3315
"C:/Users/35695/Downloads/AdvancedGridInventorySyst 5.7/AdvancedGridInventorySyst 5.7/Content/Fantastic_Village_Pack/meshes/props/natural/SM_PROP_hay_05.uexp" 3316
"C:/Users/35695/Downloads/AdvancedGridInventorySyst 5.7/AdvancedGridInventorySyst 5.7/Content/Fantastic_Village_Pack/meshes/props/natural/SM_PROP_hay_06.ubulk" 3317
"C:/Users/35695/Downloads/AdvancedGridInventorySyst 5.7/AdvancedGridInventorySyst 5.7/Content/Fantastic_Village_Pack/meshes/props/natural/SM_PROP_hay_06.uasset" 3318
"C:/Users/35695/Downloads/AdvancedGridInventorySyst 5.7/AdvancedGridInventorySyst 5.7/Content/Fantastic_Village_Pack/meshes/props/natural/SM_PROP_hay_06.uexp" 3319
"C:/Users/35695/Downloads/AdvancedGridInventorySyst 5.7/AdvancedGridInventorySyst 5.7/Content/Fantastic_Village_Pack/meshes/props/natural/SM_PROP_PLANT_pot_v2_01.ubulk" 3320
"C:/Users/35695/Downloads/AdvancedGridInventorySyst 5.7/AdvancedGridInventorySyst 5.7/Content/Fantastic_Village_Pack/meshes/props/natural/SM_PROP_PLANT_pot_v2_01.uasset" 3321
"C:/Users/35695/Downloads/AdvancedGridInventorySyst 5.7/AdvancedGridInventorySyst 5.7/Content/Fantastic_Village_Pack/meshes/props/natural/SM_PROP_PLANT_pot_v2_01.uexp" 3322
"C:/Users/35695/Downloads/AdvancedGridInventorySyst 5.7/AdvancedGridInventorySyst 5.7/Content/Fantastic_Village_Pack/meshes/props/natural/SM_PROP_PLANT_pot_v2_02.ubulk" 3323
"C:/Users/35695/Downloads/AdvancedGridInventorySyst 5.7/AdvancedGridInventorySyst 5.7/Content/Fantastic_Village_Pack/meshes/props/natural/SM_PROP_PLANT_pot_v2_02.uasset" 3324
"C:/Users/35695/Downloads/AdvancedGridInventorySyst 5.7/AdvancedGridInventorySyst 5.7/Content/Fantastic_Village_Pack/meshes/props/natural/SM_PROP_PLANT_pot_v2_02.uexp" 3325
"C:/Users/35695/Downloads/AdvancedGridInventorySyst 5.7/AdvancedGridInventorySyst 5.7/Content/Fantastic_Village_Pack/meshes/props/natural/SM_PROP_PLANT_pot_v2_03.ubulk" 3326
"C:/Users/35695/Downloads/AdvancedGridInventorySyst 5.7/AdvancedGridInventorySyst 5.7/Content/Fantastic_Village_Pack/meshes/props/natural/SM_PROP_PLANT_pot_v2_03.uasset" 3327
"C:/Users/35695/Downloads/AdvancedGridInventorySyst 5.7/AdvancedGridInventorySyst 5.7/Content/Fantastic_Village_Pack/meshes/props/natural/SM_PROP_PLANT_pot_v2_03.uexp" 3328
"C:/Users/35695/Downloads/AdvancedGridInventorySyst 5.7/AdvancedGridInventorySyst 5.7/Content/Fantastic_Village_Pack/meshes/props/natural/SM_PROP_PLANT_pot_v3_01.ubulk" 3329
"C:/Users/35695/Downloads/AdvancedGridInventorySyst 5.7/AdvancedGridInventorySyst 5.7/Content/Fantastic_Village_Pack/meshes/props/natural/SM_PROP_PLANT_pot_v3_01.uasset" 3330
"C:/Users/35695/Downloads/AdvancedGridInventorySyst 5.7/AdvancedGridInventorySyst 5.7/Content/Fantastic_Village_Pack/meshes/props/natural/SM_PROP_PLANT_pot_v3_01.uexp" 3331
"C:/Users/35695/Downloads/AdvancedGridInventorySyst 5.7/AdvancedGridInventorySyst 5.7/Content/Fantastic_Village_Pack/meshes/props/natural/SM_PROP_PLANT_pot_v3_03.ubulk" 3332
"C:/Users/35695/Downloads/AdvancedGridInventorySyst 5.7/AdvancedGridInventorySyst 5.7/Content/Fantastic_Village_Pack/meshes/props/natural/SM_PROP_PLANT_pot_v3_03.uasset" 3333
"C:/Users/35695/Downloads/AdvancedGridInventorySyst 5.7/AdvancedGridInventorySyst 5.7/Content/Fantastic_Village_Pack/meshes/props/natural/SM_PROP_PLANT_pot_v3_03.uexp" 3334
"C:/Users/35695/Downloads/AdvancedGridInventorySyst 5.7/AdvancedGridInventorySyst 5.7/Content/Fantastic_Village_Pack/meshes/props/natural/SM_PROP_PLANT_pot_v3_04.ubulk" 3335
"C:/Users/35695/Downloads/AdvancedGridInventorySyst 5.7/AdvancedGridInventorySyst 5.7/Content/Fantastic_Village_Pack/meshes/props/natural/SM_PROP_PLANT_pot_v3_04.uasset" 3336
"C:/Users/35695/Downloads/AdvancedGridInventorySyst 5.7/AdvancedGridInventorySyst 5.7/Content/Fantastic_Village_Pack/meshes/props/natural/SM_PROP_PLANT_pot_v3_04.uexp" 3337
"C:/Users/35695/Downloads/AdvancedGridInventorySyst 5.7/AdvancedGridInventorySyst 5.7/Content/Fantastic_Village_Pack/meshes/props/natural/SM_PROP_PLANT_pot_v4_01.ubulk" 3338
"C:/Users/35695/Downloads/AdvancedGridInventorySyst 5.7/AdvancedGridInventorySyst 5.7/Content/Fantastic_Village_Pack/meshes/props/natural/SM_PROP_PLANT_pot_v4_01.uasset" 3339
"C:/Users/35695/Downloads/AdvancedGridInventorySyst 5.7/AdvancedGridInventorySyst 5.7/Content/Fantastic_Village_Pack/meshes/props/natural/SM_PROP_PLANT_pot_v4_01.uexp" 3340
"C:/Users/35695/Downloads/AdvancedGridInventorySyst 5.7/AdvancedGridInventorySyst 5.7/Content/Fantastic_Village_Pack/meshes/props/natural/SM_PROP_PLANT_pot_v6_01.ubulk" 3341
"C:/Users/35695/Downloads/AdvancedGridInventorySyst 5.7/AdvancedGridInventorySyst 5.7/Content/Fantastic_Village_Pack/meshes/props/natural/SM_PROP_PLANT_pot_v6_01.uasset" 3342
"C:/Users/35695/Downloads/AdvancedGridInventorySyst 5.7/AdvancedGridInventorySyst 5.7/Content/Fantastic_Village_Pack/meshes/props/natural/SM_PROP_PLANT_pot_v6_01.uexp" 3343
"C:/Users/35695/Downloads/AdvancedGridInventorySyst 5.7/AdvancedGridInventorySyst 5.7/Content/Fantastic_Village_Pack/meshes/props/natural/SM_PROP_stone_03.ubulk" 3344
"C:/Users/35695/Downloads/AdvancedGridInventorySyst 5.7/AdvancedGridInventorySyst 5.7/Content/Fantastic_Village_Pack/meshes/props/natural/SM_PROP_stone_03.uasset" 3345
"C:/Users/35695/Downloads/AdvancedGridInventorySyst 5.7/AdvancedGridInventorySyst 5.7/Content/Fantastic_Village_Pack/meshes/props/natural/SM_PROP_stone_03.uexp" 3346
"C:/Users/35695/Downloads/AdvancedGridInventorySyst 5.7/AdvancedGridInventorySyst 5.7/Content/Fantastic_Village_Pack/meshes/props/natural/SM_PROP_treetrunk_01.ubulk" 3347
"C:/Users/35695/Downloads/AdvancedGridInventorySyst 5.7/AdvancedGridInventorySyst 5.7/Content/Fantastic_Village_Pack/meshes/props/natural/SM_PROP_treetrunk_01.uasset" 3348
"C:/Users/35695/Downloads/AdvancedGridInventorySyst 5.7/AdvancedGridInventorySyst 5.7/Content/Fantastic_Village_Pack/meshes/props/natural/SM_PROP_treetrunk_01.uexp" 3349
"C:/Users/35695/Downloads/AdvancedGridInventorySyst 5.7/AdvancedGridInventorySyst 5.7/Content/Fantastic_Village_Pack/meshes/props/natural/SM_PROP_treetrunk_02.ubulk" 3350
"C:/Users/35695/Downloads/AdvancedGridInventorySyst 5.7/AdvancedGridInventorySyst 5.7/Content/Fantastic_Village_Pack/meshes/props/natural/SM_PROP_treetrunk_02.uasset" 3351
"C:/Users/35695/Downloads/AdvancedGridInventorySyst 5.7/AdvancedGridInventorySyst 5.7/Content/Fantastic_Village_Pack/meshes/props/natural/SM_PROP_treetrunk_02.uexp" 3352
"C:/Users/35695/Downloads/AdvancedGridInventorySyst 5.7/AdvancedGridInventorySyst 5.7/Content/Fantastic_Village_Pack/meshes/props/natural/SM_PROP_treetrunk_03.ubulk" 3353
"C:/Users/35695/Downloads/AdvancedGridInventorySyst 5.7/AdvancedGridInventorySyst 5.7/Content/Fantastic_Village_Pack/meshes/props/natural/SM_PROP_treetrunk_03.uasset" 3354
"C:/Users/35695/Downloads/AdvancedGridInventorySyst 5.7/AdvancedGridInventorySyst 5.7/Content/Fantastic_Village_Pack/meshes/props/natural/SM_PROP_treetrunk_03.uexp" 3355
"C:/Users/35695/Downloads/AdvancedGridInventorySyst 5.7/AdvancedGridInventorySyst 5.7/Content/Fantastic_Village_Pack/meshes/props/natural/SM_PROP_treetrunk_04.ubulk" 3356
"C:/Users/35695/Downloads/AdvancedGridInventorySyst 5.7/AdvancedGridInventorySyst 5.7/Content/Fantastic_Village_Pack/meshes/props/natural/SM_PROP_treetrunk_04.uasset" 3357
"C:/Users/35695/Downloads/AdvancedGridInventorySyst 5.7/AdvancedGridInventorySyst 5.7/Content/Fantastic_Village_Pack/meshes/props/natural/SM_PROP_treetrunk_04.uexp" 3358
"C:/Users/35695/Downloads/AdvancedGridInventorySyst 5.7/AdvancedGridInventorySyst 5.7/Content/Fantastic_Village_Pack/meshes/props/vehicles/SM_PROP_cart_wheel_small.ubulk" 3359
"C:/Users/35695/Downloads/AdvancedGridInventorySyst 5.7/AdvancedGridInventorySyst 5.7/Content/Fantastic_Village_Pack/meshes/props/vehicles/SM_PROP_cart_wheel_small.uasset" 3360
"C:/Users/35695/Downloads/AdvancedGridInventorySyst 5.7/AdvancedGridInventorySyst 5.7/Content/Fantastic_Village_Pack/meshes/props/vehicles/SM_PROP_cart_wheel_small.uexp" 3361
"C:/Users/35695/Downloads/AdvancedGridInventorySyst 5.7/AdvancedGridInventorySyst 5.7/Content/Fantastic_Village_Pack/maps/map_village_day_BuiltData.ubulk" 3362
"C:/Users/35695/Downloads/AdvancedGridInventorySyst 5.7/AdvancedGridInventorySyst 5.7/Content/Fantastic_Village_Pack/maps/map_village_day_BuiltData.uasset" 3363
"C:/Users/35695/Downloads/AdvancedGridInventorySyst 5.7/AdvancedGridInventorySyst 5.7/Content/Fantastic_Village_Pack/maps/map_village_day_BuiltData.uexp" 3364
"C:/Users/35695/Downloads/AdvancedGridInventorySyst 5.7/AdvancedGridInventorySyst 5.7/Content/Fantastic_Village_Pack/maps/map_village_day.uexp" 3365
"C:/Users/35695/Downloads/AdvancedGridInventorySyst 5.7/AdvancedGridInventorySyst 5.7/Content/Fantastic_Village_Pack/maps/map_village_day.ubulk" 3366
"C:/Users/35695/Downloads/AdvancedGridInventorySyst 5.7/AdvancedGridInventorySyst 5.7/Content/Fantastic_Village_Pack/maps/map_village_day.umap" 3367
